date,ticker,adj_close
2021-10-04,AAPL,135.71315
2021-10-05,AAPL,137.634628
2021-10-06,AAPL,138.502716
2021-10-07,AAPL,139.760864
2021-10-08,AAPL,139.380493
2021-10-11,AAPL,139.292786
2021-10-12,AAPL,138.02475
2021-10-13,AAPL,137.43956
2021-10-14,AAPL,140.219376
2021-10-15,AAPL,141.272766
2021-10-18,AAPL,142.940643
2021-10-19,AAPL,145.096207
2021-10-20,AAPL,145.583923
2021-10-21,AAPL,145.798477
2021-10-22,AAPL,145.027954
2021-10-25,AAPL,144.979172
2021-10-26,AAPL,145.642441
2021-10-27,AAPL,145.183975
2021-10-28,AAPL,148.812378
2021-10-29,AAPL,146.11058
2021-11-01,AAPL,145.291306
2021-11-02,AAPL,146.325165
2021-11-03,AAPL,147.759033
2021-11-04,AAPL,147.242035
2021-11-05,AAPL,147.76947
2021-11-08,AAPL,146.948975
2021-11-09,AAPL,147.310364
2021-11-10,AAPL,144.487473
2021-11-11,AAPL,144.438629
2021-11-12,AAPL,146.509399
2021-11-15,AAPL,146.519196
2021-11-16,AAPL,147.496017
2021-11-17,AAPL,149.928253
2021-11-18,AAPL,154.206589
2021-11-19,AAPL,156.824387
2021-11-22,AAPL,157.283508
2021-11-23,AAPL,157.664429
2021-11-24,AAPL,158.182083
2021-11-26,AAPL,153.171173
2021-11-29,AAPL,156.521576
2021-11-30,AAPL,161.464157
2021-12-01,AAPL,160.946457
2021-12-02,AAPL,159.959869
2021-12-03,AAPL,158.084427
2021-12-06,AAPL,161.483719
2021-12-07,AAPL,167.207733
2021-12-08,AAPL,171.017181
2021-12-09,AAPL,170.509232
2021-12-10,AAPL,175.285828
2021-12-13,AAPL,171.661896
2021-12-14,AAPL,170.284637
2021-12-15,AAPL,175.139282
2021-12-16,AAPL,168.262619
2021-12-17,AAPL,167.16861
2021-12-20,AAPL,165.810883
2021-12-21,AAPL,168.975723
2021-12-22,AAPL,171.564209
2021-12-23,AAPL,172.189392
2021-12-27,AAPL,176.14537
2021-12-28,AAPL,175.129471
2021-12-29,AAPL,175.217422
2021-12-30,AAPL,174.064804
2021-12-31,AAPL,173.449448
2022-01-03,AAPL,177.786392
2022-01-04,AAPL,175.529999
2022-01-05,AAPL,170.860931
2022-01-06,AAPL,168.008682
2022-01-07,AAPL,168.174713
2022-01-10,AAPL,168.19426
2022-01-11,AAPL,171.017181
2022-01-12,AAPL,171.456787
2022-01-13,AAPL,168.19426
2022-01-14,AAPL,169.053864
2022-01-18,AAPL,165.859726
2022-01-19,AAPL,162.372543
2022-01-20,AAPL,160.69249
2022-01-21,AAPL,158.64122
2022-01-24,AAPL,157.869522
2022-01-25,AAPL,156.072235
2022-01-26,AAPL,155.984329
2022-01-27,AAPL,155.525253
2022-01-28,AAPL,166.377426
2022-01-31,AAPL,170.724167
2022-02-01,AAPL,170.558121
2022-02-02,AAPL,171.759583
2022-02-03,AAPL,168.887817
2022-02-04,AAPL,168.604187
2022-02-07,AAPL,167.890228
2022-02-08,AAPL,170.990585
2022-02-09,AAPL,172.408752
2022-02-10,AAPL,168.340118
2022-02-11,AAPL,164.936508
2022-02-14,AAPL,165.171249
2022-02-15,AAPL,168.995346
2022-02-16,AAPL,168.760651
2022-02-17,AAPL,165.171249
2022-02-18,AAPL,163.625931
2022-02-22,AAPL,160.711426
2022-02-23,AAPL,156.554749
2022-02-24,AAPL,159.166092
2022-02-25,AAPL,161.229767
2022-02-28,AAPL,161.493835
2022-03-01,AAPL,159.615967
2022-03-02,AAPL,162.902206
2022-03-03,AAPL,162.579483
2022-03-04,AAPL,159.586685
2022-03-07,AAPL,155.801636
2022-03-08,AAPL,153.982483
2022-03-09,AAPL,159.37149
2022-03-10,AAPL,155.038742
2022-03-11,AAPL,151.331985
2022-03-14,AAPL,147.312241
2022-03-15,AAPL,151.684097
2022-03-16,AAPL,156.085251
2022-03-17,AAPL,157.092667
2022-03-18,AAPL,160.37883
2022-03-21,AAPL,161.748123
2022-03-22,AAPL,165.112564
2022-03-23,AAPL,166.472076
2022-03-24,AAPL,170.247269
2022-03-25,AAPL,170.882996
2022-03-28,AAPL,171.743668
2022-03-29,AAPL,175.029877
2022-03-30,AAPL,173.865982
2022-03-31,AAPL,170.775452
2022-04-01,AAPL,170.481995
2022-04-04,AAPL,174.521301
2022-04-05,AAPL,171.215515
2022-04-06,AAPL,168.056458
2022-04-07,AAPL,168.359665
2022-04-08,AAPL,166.354706
2022-04-11,AAPL,162.109985
2022-04-12,AAPL,163.978012
2022-04-13,AAPL,166.657852
2022-04-14,AAPL,161.660065
2022-04-18,AAPL,161.444931
2022-04-19,AAPL,163.72377
2022-04-20,AAPL,163.55748
2022-04-21,AAPL,162.765259
2022-04-22,AAPL,158.236938
2022-04-25,AAPL,159.303009
2022-04-26,AAPL,153.356537
2022-04-27,AAPL,153.131592
2022-04-28,AAPL,160.04631
2022-04-29,AAPL,154.187851
2022-05-02,AAPL,154.491089
2022-05-03,AAPL,155.977676
2022-05-04,AAPL,162.374023
2022-05-05,AAPL,153.327209
2022-05-06,AAPL,154.052017
2022-05-09,AAPL,148.939148
2022-05-10,AAPL,151.338867
2022-05-11,AAPL,143.493256
2022-05-12,AAPL,139.634109
2022-05-13,AAPL,144.090744
2022-05-16,AAPL,142.552948
2022-05-17,AAPL,146.177032
2022-05-18,AAPL,137.929825
2022-05-19,AAPL,134.531052
2022-05-20,AAPL,134.766113
2022-05-23,AAPL,140.172836
2022-05-24,AAPL,137.479294
2022-05-25,AAPL,137.636002
2022-05-26,AAPL,140.829071
2022-05-27,AAPL,146.568787
2022-05-31,AAPL,145.785248
2022-06-01,AAPL,145.657898
2022-06-02,AAPL,148.106613
2022-06-03,AAPL,142.39624
2022-06-06,AAPL,143.140671
2022-06-07,AAPL,145.657898
2022-06-08,AAPL,144.923294
2022-06-09,AAPL,139.712448
2022-06-10,AAPL,134.315552
2022-06-13,AAPL,129.17334
2022-06-14,AAPL,130.035248
2022-06-15,AAPL,132.650452
2022-06-16,AAPL,127.390671
2022-06-17,AAPL,128.859848
2022-06-21,AAPL,133.081436
2022-06-22,AAPL,132.572128
2022-06-23,AAPL,135.432205
2022-06-24,AAPL,138.752625
2022-06-27,AAPL,138.752625
2022-06-28,AAPL,134.619186
2022-06-29,AAPL,136.372467
2022-06-30,AAPL,133.913956
2022-07-01,AAPL,136.078583
2022-07-05,AAPL,138.654633
2022-07-06,AAPL,139.986694
2022-07-07,AAPL,143.346329
2022-07-08,AAPL,144.022186
2022-07-11,AAPL,141.896698
2022-07-12,AAPL,142.86644
2022-07-13,AAPL,142.503983
2022-07-14,AAPL,145.422821
2022-07-15,AAPL,147.087906
2022-07-18,AAPL,144.051559
2022-07-19,AAPL,147.900909
2022-07-20,AAPL,149.898987
2022-07-21,AAPL,152.161606
2022-07-22,AAPL,150.92746
2022-07-25,AAPL,149.810852
2022-07-26,AAPL,148.488571
2022-07-27,AAPL,153.572052
2022-07-28,AAPL,154.12056
2022-07-29,AAPL,159.174667
2022-08-01,AAPL,158.195145
2022-08-02,AAPL,156.725967
2022-08-03,AAPL,162.720413
2022-08-04,AAPL,162.406921
2022-08-05,AAPL,162.181335
2022-08-08,AAPL,161.71051
2022-08-09,AAPL,161.759583
2022-08-10,AAPL,165.996826
2022-08-11,AAPL,165.2612
2022-08-12,AAPL,168.802002
2022-08-15,AAPL,169.871124
2022-08-16,AAPL,169.714188
2022-08-17,AAPL,171.205063
2022-08-18,AAPL,170.812683
2022-08-19,AAPL,168.233124
2022-08-22,AAPL,164.358841
2022-08-23,AAPL,164.025269
2022-08-24,AAPL,164.319595
2022-08-25,AAPL,166.771637
2022-08-26,AAPL,160.484482
2022-08-29,AAPL,158.28743
2022-08-30,AAPL,155.864746
2022-08-31,AAPL,154.207138
2022-09-01,AAPL,154.932968
2022-09-02,AAPL,152.824158
2022-09-06,AAPL,151.56868
2022-09-07,AAPL,152.971298
2022-09-08,AAPL,151.500031
2022-09-09,AAPL,154.354279
2022-09-12,AAPL,160.298111
2022-09-13,AAPL,150.891891
2022-09-14,AAPL,152.33374
2022-09-15,AAPL,149.450073
2022-09-16,AAPL,147.812073
2022-09-19,AAPL,151.519653
2022-09-20,AAPL,153.893265
2022-09-21,AAPL,150.774216
2022-09-22,AAPL,149.813004
2022-09-23,AAPL,147.547241
2022-09-26,AAPL,147.880753
2022-09-27,AAPL,148.851761
2022-09-28,AAPL,146.968582
2022-09-29,AAPL,139.749588
2022-09-30,AAPL,135.551651
2022-10-03,AAPL,139.720184
2022-10-04,AAPL,143.300247
2022-10-05,AAPL,143.594452
2022-10-06,AAPL,142.643051
2022-10-07,AAPL,137.405411
2022-10-10,AAPL,137.72908
2022-10-11,AAPL,136.316681
2022-10-12,AAPL,135.688965
2022-10-13,AAPL,140.249847
2022-10-14,AAPL,135.728195
2022-10-17,AAPL,139.680923
2022-10-18,AAPL,140.9953
2022-10-19,AAPL,141.103195
2022-10-20,AAPL,140.642151
2022-10-21,AAPL,144.44783
2022-10-24,AAPL,146.586029
2022-10-25,AAPL,149.420654
2022-10-26,AAPL,146.487976
2022-10-27,AAPL,142.025146
2022-10-28,AAPL,152.755508
2022-10-31,AAPL,150.401474
2022-11-01,AAPL,147.763046
2022-11-02,AAPL,142.250702
2022-11-03,AAPL,136.218597
2022-11-04,AAPL,135.953323
2022-11-07,AAPL,136.483871
2022-11-08,AAPL,137.053696
2022-11-09,AAPL,132.504868
2022-11-10,AAPL,144.294479
2022-11-11,AAPL,147.074783
2022-11-14,AAPL,145.679718
2022-11-15,AAPL,147.40889
2022-11-16,AAPL,146.180771
2022-11-17,AAPL,148.076935
2022-11-18,AAPL,148.636948
2022-11-21,AAPL,145.414459
2022-11-22,AAPL,147.546387
2022-11-23,AAPL,148.420837
2022-11-25,AAPL,145.512695
2022-11-28,AAPL,141.690918
2022-11-29,AAPL,138.694412
2022-11-30,AAPL,145.434097
2022-12-01,AAPL,145.709198
2022-12-02,AAPL,145.217957
2022-12-05,AAPL,144.058701
2022-12-06,AAPL,140.4039
2022-12-07,AAPL,138.46846
2022-12-08,AAPL,140.148438
2022-12-09,AAPL,139.667023
2022-12-12,AAPL,141.956192
2022-12-13,AAPL,142.919006
2022-12-14,AAPL,140.698639
2022-12-15,AAPL,134.106323
2022-12-16,AAPL,132.151169
2022-12-19,AAPL,130.048706
2022-12-20,AAPL,129.979965
2022-12-21,AAPL,133.074707
2022-12-22,AAPL,129.911194
2022-12-23,AAPL,129.547653
2022-12-27,AAPL,127.749786
2022-12-28,AAPL,123.829742
2022-12-29,AAPL,127.337105
2022-12-30,AAPL,127.651512
2023-01-03,AAPL,122.87674
2023-01-04,AAPL,124.144119
2023-01-05,AAPL,122.827629
2023-01-06,AAPL,127.346954
2023-01-09,AAPL,127.867676
2023-01-10,AAPL,128.437515
2023-01-11,AAPL,131.149094
2023-01-12,AAPL,131.070496
2023-01-13,AAPL,132.396805
2023-01-17,AAPL,133.556152
2023-01-18,AAPL,132.838913
2023-01-19,AAPL,132.897888
2023-01-20,AAPL,135.452316
2023-01-23,AAPL,138.635452
2023-01-24,AAPL,140.030594
2023-01-25,AAPL,139.372314
2023-01-26,AAPL,141.435486
2023-01-27,AAPL,143.370926
2023-01-30,AAPL,140.49231
2023-01-31,AAPL,141.759689
2023-02-01,AAPL,142.8797
2023-02-02,AAPL,148.175186
2023-02-03,AAPL,151.790649
2023-02-06,AAPL,149.069229
2023-02-07,AAPL,151.938019
2023-02-08,AAPL,149.255905
2023-02-09,AAPL,148.224304
2023-02-10,AAPL,148.588364
2023-02-13,AAPL,151.382858
2023-02-14,AAPL,150.74324
2023-02-15,AAPL,152.839111
2023-02-16,AAPL,151.245071
2023-02-17,AAPL,150.103668
2023-02-21,AAPL,146.098953
2023-02-22,AAPL,146.522049
2023-02-23,AAPL,147.004196
2023-02-24,AAPL,144.357346
2023-02-27,AAPL,145.547897
2023-02-28,AAPL,145.046097
2023-03-01,AAPL,142.979767
2023-03-02,AAPL,143.57016
2023-03-03,AAPL,148.608047
2023-03-06,AAPL,151.363159
2023-03-07,AAPL,149.1689
2023-03-08,AAPL,150.418549
2023-03-09,AAPL,148.175125
2023-03-10,AAPL,146.118637
2023-03-13,AAPL,148.057037
2023-03-14,AAPL,150.143036
2023-03-15,AAPL,150.536652
2023-03-16,AAPL,153.350769
2023-03-17,AAPL,152.514404
2023-03-20,AAPL,154.875916
2023-03-21,AAPL,156.725784
2023-03-22,AAPL,155.298996
2023-03-23,AAPL,156.381378
2023-03-24,AAPL,157.680206
2023-03-27,AAPL,155.741806
2023-03-28,AAPL,155.121902
2023-03-29,AAPL,158.191864
2023-03-30,AAPL,159.756363
2023-03-31,AAPL,162.25563
2023-04-03,AAPL,163.505264
2023-04-04,AAPL,162.973938
2023-04-05,AAPL,161.133896
2023-04-06,AAPL,162.019485
2023-04-10,AAPL,159.431656
2023-04-11,AAPL,158.22139
2023-04-12,AAPL,157.532639
2023-04-13,AAPL,162.905045
2023-04-14,AAPL,162.560699
2023-04-17,AAPL,162.580307
2023-04-18,AAPL,163.800476
2023-04-19,AAPL,164.941879
2023-04-20,AAPL,163.97757
2023-04-21,AAPL,162.373688
2023-04-24,AAPL,162.678711
2023-04-25,AAPL,161.143753
2023-04-26,AAPL,161.133896
2023-04-27,AAPL,165.709335
2023-04-28,AAPL,166.958954
2023-05-01,AAPL,166.870407
2023-05-02,AAPL,165.83725
2023-05-03,AAPL,164.764725
2023-05-04,AAPL,163.131332
2023-05-05,AAPL,170.786606
2023-05-08,AAPL,170.717728
2023-05-09,AAPL,169.015457
2023-05-10,AAPL,170.776779
2023-05-11,AAPL,170.963699
2023-05-12,AAPL,170.037491
2023-05-15,AAPL,169.54483
2023-05-16,AAPL,169.54483
2023-05-17,AAPL,170.155731
2023-05-18,AAPL,172.48114
2023-05-19,AAPL,172.589523
2023-05-22,AAPL,171.6436
2023-05-23,AAPL,169.042328
2023-05-24,AAPL,169.318222
2023-05-25,AAPL,170.45137
2023-05-26,AAPL,172.85553
2023-05-30,AAPL,174.69812
2023-05-31,AAPL,174.648849
2023-06-01,AAPL,177.447128
2023-06-02,AAPL,178.294525
2023-06-05,AAPL,176.944611
2023-06-06,AAPL,176.580048
2023-06-07,AAPL,175.210464
2023-06-08,AAPL,177.920105
2023-06-09,AAPL,178.304352
2023-06-12,AAPL,181.092865
2023-06-13,AAPL,180.619873
2023-06-14,AAPL,181.250534
2023-06-15,AAPL,183.280289
2023-06-16,AAPL,182.206253
2023-06-20,AAPL,182.294952
2023-06-21,AAPL,181.260376
2023-06-22,AAPL,184.255753
2023-06-23,AAPL,183.940445
2023-06-26,AAPL,182.551163
2023-06-27,AAPL,185.300156
2023-06-28,AAPL,186.472717
2023-06-29,AAPL,186.807724
2023-06-30,AAPL,191.123459
2023-07-03,AAPL,189.63562
2023-07-05,AAPL,188.522186
2023-07-06,AAPL,188.995148
2023-07-07,AAPL,187.881729
2023-07-10,AAPL,185.842117
2023-07-11,AAPL,185.319901
2023-07-12,AAPL,186.985123
2023-07-13,AAPL,187.743774
2023-07-14,AAPL,187.891586
2023-07-17,AAPL,191.143143
2023-07-18,AAPL,190.887009
2023-07-19,AAPL,192.236893
2023-07-20,AAPL,190.295776
2023-07-21,AAPL,189.12326
2023-07-24,AAPL,189.921387
2023-07-25,AAPL,190.77858
2023-07-26,AAPL,191.645676
2023-07-27,AAPL,190.38446
2023-07-28,AAPL,192.956161
2023-07-31,AAPL,193.567047
2023-08-01,AAPL,192.739441
2023-08-02,AAPL,189.753876
2023-08-03,AAPL,188.364517
2023-08-04,AAPL,179.319275
2023-08-07,AAPL,176.225342
2023-08-08,AAPL,177.161423
2023-08-09,AAPL,175.575012
2023-08-10,AAPL,175.358231
2023-08-11,AAPL,175.417465
2023-08-14,AAPL,177.06517
2023-08-15,AAPL,175.082001
2023-08-16,AAPL,174.21373
2023-08-17,AAPL,171.678024
2023-08-18,AAPL,172.161514
2023-08-21,AAPL,173.493484
2023-08-22,AAPL,174.864944
2023-08-23,AAPL,178.703003
2023-08-24,AAPL,174.026291
2023-08-25,AAPL,176.226517
2023-08-28,AAPL,177.785431
2023-08-29,AAPL,181.662994
2023-08-30,AAPL,185.145874
2023-08-31,AAPL,185.362946
2023-09-01,AAPL,186.931732
2023-09-05,AAPL,187.168549
2023-09-06,AAPL,180.469162
2023-09-07,AAPL,175.190521
2023-09-08,AAPL,175.802246
2023-09-11,AAPL,176.966507
2023-09-12,AAPL,173.947357
2023-09-13,AAPL,171.885254
2023-09-14,AAPL,173.394821
2023-09-15,AAPL,172.674545
2023-09-18,AAPL,175.595032
2023-09-19,AAPL,176.680389
2023-09-20,AAPL,173.148163
2023-09-21,AAPL,171.608963
2023-09-22,AAPL,172.457474
2023-09-25,AAPL,173.73027
2023-09-26,AAPL,169.665253
2023-09-27,AAPL,168.15567
2023-09-28,AAPL,168.412201
2023-09-29,AAPL,168.925293
2023-10-02,AAPL,171.431396
2023-10-03,AAPL,170.099396
2023-10-04,AAPL,171.342575
2023-10-05,AAPL,172.575897
2023-10-06,AAPL,175.121445
2023-10-09,AAPL,176.601456
2023-10-10,AAPL,176.009445
2023-10-11,AAPL,177.40065
2023-10-12,AAPL,178.298477
2023-10-13,AAPL,176.463318
2023-10-16,AAPL,176.335022
2023-10-17,AAPL,174.786011
2023-10-18,AAPL,173.493484
2023-10-19,AAPL,173.118561
2023-10-20,AAPL,170.572998
2023-10-23,AAPL,170.691391
2023-10-24,AAPL,171.125488
2023-10-25,AAPL,168.816757
2023-10-26,AAPL,164.662918
2023-10-27,AAPL,165.975189
2023-10-30,AAPL,168.017532
2023-10-31,AAPL,168.491135
2023-11-01,AAPL,171.648407
2023-11-02,AAPL,175.200378
2023-11-03,AAPL,174.292679
2023-11-06,AAPL,176.838272
2023-11-07,AAPL,179.393692
2023-11-08,AAPL,180.449387
2023-11-09,AAPL,179.975815
2023-11-10,AAPL,184.154892
2023-11-13,AAPL,182.574158
2023-11-14,AAPL,185.182327
2023-11-15,AAPL,185.745483
2023-11-16,AAPL,187.424973
2023-11-17,AAPL,187.405228
2023-11-20,AAPL,189.144028
2023-11-21,AAPL,188.343765
2023-11-22,AAPL,189.005707
2023-11-24,AAPL,187.681854
2023-11-27,AAPL,187.504028
2023-11-28,AAPL,188.106689
2023-11-29,AAPL,187.089066
2023-11-30,AAPL,187.662094
2023-12-01,AAPL,188.936554
2023-12-04,AAPL,187.148331
2023-12-05,AAPL,191.090286
2023-12-06,AAPL,190.003555
2023-12-07,AAPL,191.930069
2023-12-08,AAPL,193.352722
2023-12-11,AAPL,190.85318
2023-12-12,AAPL,192.364777
2023-12-13,AAPL,195.575623
2023-12-14,AAPL,195.723846
2023-12-15,AAPL,195.190369
2023-12-18,AAPL,193.530563
2023-12-19,AAPL,194.567902
2023-12-20,AAPL,192.483322
2023-12-21,AAPL,192.335129
2023-12-22,AAPL,191.268127
2023-12-26,AAPL,190.724762
2023-12-27,AAPL,190.823547
2023-12-28,AAPL,191.248398
2023-12-29,AAPL,190.210999
2024-01-02,AAPL,183.404007
2024-01-03,AAPL,182.030762
2024-01-04,AAPL,179.718948
2024-01-05,AAPL,178.997711
2024-01-08,AAPL,183.324951
2024-01-09,AAPL,182.910034
2024-01-10,AAPL,183.947388
2024-01-11,AAPL,183.354599
2024-01-12,AAPL,183.680664
2024-01-16,AAPL,181.418228
2024-01-17,AAPL,180.47966
2024-01-18,AAPL,186.358002
2024-01-19,AAPL,189.252701
2024-01-22,AAPL,191.554626
2024-01-23,AAPL,192.829117
2024-01-24,AAPL,192.157303
2024-01-25,AAPL,191.831253
2024-01-26,AAPL,190.102356
2024-01-29,AAPL,189.420654
2024-01-30,AAPL,185.775085
2024-01-31,AAPL,182.178925
2024-02-01,AAPL,184.609299
2024-02-02,AAPL,183.611481
2024-02-05,AAPL,185.419403
2024-02-06,AAPL,187.019928
2024-02-07,AAPL,187.128601
2024-02-08,AAPL,186.051743
2024-02-09,AAPL,186.813446
2024-02-12,AAPL,185.131775
2024-02-13,AAPL,183.044495
2024-02-14,AAPL,182.164093
2024-02-15,AAPL,181.877213
2024-02-16,AAPL,180.343964
2024-02-20,AAPL,179.602051
2024-02-21,AAPL,180.353836
2024-02-22,AAPL,182.381744
2024-02-23,AAPL,180.551697
2024-02-26,AAPL,179.20636
2024-02-27,AAPL,180.660507
2024-02-28,AAPL,179.463547
2024-02-29,AAPL,178.800766
2024-03-01,AAPL,177.722534
2024-03-04,AAPL,173.211716
2024-03-05,AAPL,168.285416
2024-03-06,AAPL,167.296204
2024-03-07,AAPL,167.17746
2024-03-08,AAPL,168.888824
2024-03-11,AAPL,170.887039
2024-03-12,AAPL,171.361877
2024-03-13,AAPL,169.284531
2024-03-14,AAPL,171.134338
2024-03-15,AAPL,170.758484
2024-03-18,AAPL,171.846619
2024-03-19,AAPL,174.181137
2024-03-20,AAPL,176.743195
2024-03-21,AAPL,169.521912
2024-03-22,AAPL,170.422134
2024-03-25,AAPL,169.007553
2024-03-26,AAPL,167.879852
2024-03-27,AAPL,171.44101
2024-03-28,AAPL,169.630722
2024-04-01,AAPL,168.196365
2024-04-02,AAPL,167.019196
2024-04-03,AAPL,167.82048
2024-04-04,AAPL,166.99942
2024-04-05,AAPL,167.751251
2024-04-08,AAPL,166.633438
2024-04-09,AAPL,167.840256
2024-04-10,AAPL,165.970657
2024-04-11,AAPL,173.152344
2024-04-12,AAPL,174.646088
2024-04-15,AAPL,170.827698
2024-04-16,AAPL,167.553406
2024-04-17,AAPL,166.188278
2024-04-18,AAPL,165.238617
2024-04-19,AAPL,163.220627
2024-04-22,AAPL,164.051544
2024-04-23,AAPL,165.100128
2024-04-24,AAPL,167.197296
2024-04-25,AAPL,168.057877
2024-04-26,AAPL,167.474258
2024-04-29,AAPL,171.628952
2024-04-30,AAPL,168.493134
2024-05-01,AAPL,167.474258
2024-05-02,AAPL,171.164017
2024-05-03,AAPL,181.40242
2024-05-06,AAPL,179.750443
2024-05-07,AAPL,180.432968
2024-05-08,AAPL,180.769318
2024-05-09,AAPL,182.579605
2024-05-10,AAPL,181.321579
2024-05-13,AAPL,184.521088
2024-05-14,AAPL,185.660217
2024-05-15,AAPL,187.928604
2024-05-16,AAPL,188.047455
2024-05-17,AAPL,188.077148
2024-05-20,AAPL,189.236145
2024-05-21,AAPL,190.533768
2024-05-22,AAPL,189.097443
2024-05-23,AAPL,185.115433
2024-05-24,AAPL,188.186142
2024-05-28,AAPL,188.19606
2024-05-29,AAPL,188.493225
2024-05-30,AAPL,189.483765
2024-05-31,AAPL,190.434708
2024-06-03,AAPL,192.197876
2024-06-04,AAPL,192.514862
2024-06-05,AAPL,194.020538
2024-06-06,AAPL,192.643631
2024-06-07,AAPL,195.030914
2024-06-10,AAPL,191.296509
2024-06-11,AAPL,205.194
2024-06-12,AAPL,211.058105
2024-06-13,AAPL,212.217087
2024-06-14,AAPL,210.483597
2024-06-17,AAPL,214.62413
2024-06-18,AAPL,212.266586
2024-06-20,AAPL,207.700119
2024-06-21,AAPL,205.530823
2024-06-24,AAPL,206.174667
2024-06-25,AAPL,207.095886
2024-06-26,AAPL,211.23642
2024-06-27,AAPL,212.0784
2024-06-28,AAPL,208.631241
2024-07-01,AAPL,214.703354
2024-07-02,AAPL,218.19014
2024-07-03,AAPL,219.458069
2024-07-05,AAPL,224.202805
2024-07-08,AAPL,225.668839
2024-07-09,AAPL,226.520721
2024-07-10,AAPL,230.780106
2024-07-11,AAPL,225.421204
2024-07-12,AAPL,228.363144
2024-07-15,AAPL,232.186707
2024-07-16,AAPL,232.602753
2024-07-17,AAPL,226.718826
2024-07-18,AAPL,222.063202
2024-07-19,AAPL,222.191986
2024-07-22,AAPL,221.845276
2024-07-23,AAPL,222.885376
2024-07-24,AAPL,216.476471
2024-07-25,AAPL,215.436386
2024-07-26,AAPL,215.901947
2024-07-29,AAPL,216.179291
2024-07-30,AAPL,216.734039
2024-07-31,AAPL,219.983032
2024-08-01,AAPL,216.298187
2024-08-02,AAPL,217.783981
2024-08-05,AAPL,207.293991
2024-08-06,AAPL,205.273254
2024-08-07,AAPL,207.838821
2024-08-08,AAPL,211.295853
2024-08-09,AAPL,214.198196
2024-08-12,AAPL,215.725403
2024-08-13,AAPL,219.434402
2024-08-14,AAPL,219.880646
2024-08-15,AAPL,222.855774
2024-08-16,AAPL,224.174759
2024-08-19,AAPL,224.016052
2024-08-20,AAPL,224.63092
2024-08-21,AAPL,224.521835
2024-08-22,AAPL,222.667328
2024-08-23,AAPL,224.958176
2024-08-26,AAPL,225.295349
2024-08-27,AAPL,226.138306
2024-08-28,AAPL,224.611084
2024-08-29,AAPL,227.883698
2024-08-30,AAPL,227.10025
2024-09-03,AAPL,220.921951
2024-09-04,AAPL,219.017868
2024-09-05,AAPL,220.535187
2024-09-06,AAPL,218.988129
2024-09-09,AAPL,219.077377
2024-09-10,AAPL,218.283997
2024-09-11,AAPL,220.812881
2024-09-12,AAPL,220.921951
2024-09-13,AAPL,220.654175
2024-09-16,AAPL,214.525467
2024-09-17,AAPL,214.991562
2024-09-18,AAPL,218.859207
2024-09-19,AAPL,226.971329
2024-09-20,AAPL,226.3069
2024-09-23,AAPL,224.591232
2024-09-24,AAPL,225.483765
2024-09-25,AAPL,224.492081
2024-09-26,AAPL,225.632538
2024-09-27,AAPL,225.900284
2024-09-30,AAPL,231.067062
2024-10-01,AAPL,224.333405
2024-10-02,AAPL,224.898666
2024-10-03,AAPL,223.797867
2024-10-04,AAPL,224.918533
2024-10-07,AAPL,219.850922
2024-10-08,AAPL,223.897064
2024-10-09,AAPL,227.635773
2024-10-10,AAPL,227.139923
2024-10-11,AAPL,225.662292
2024-10-14,AAPL,229.38118
2024-10-15,AAPL,231.910049
2024-10-16,AAPL,229.857178
2024-10-17,AAPL,230.224121
2024-10-18,AAPL,233.050491
2024-10-21,AAPL,234.518219
2024-10-22,AAPL,233.903351
2024-10-23,AAPL,228.845673
2024-10-24,AAPL,228.657227
2024-10-25,AAPL,229.490265
2024-10-28,AAPL,231.46376
2024-10-29,AAPL,231.731522
2024-10-30,AAPL,228.191132
2024-10-31,AAPL,224.035934
2024-11-01,AAPL,221.060791
2024-11-04,AAPL,220.168228
2024-11-05,AAPL,221.596298
2024-11-06,AAPL,220.87236
2024-11-07,AAPL,225.59288
2024-11-08,AAPL,225.324829
2024-11-11,AAPL,222.614471
2024-11-12,AAPL,222.614471
2024-11-13,AAPL,223.498062
2024-11-14,AAPL,226.575745
2024-11-15,AAPL,223.378937
2024-11-18,AAPL,226.377182
2024-11-19,AAPL,226.635315
2024-11-20,AAPL,227.350098
2024-11-21,AAPL,226.873581
2024-11-22,AAPL,228.213852
2024-11-25,AAPL,231.192245
2024-11-26,AAPL,233.366455
2024-11-27,AAPL,233.237396
2024-11-29,AAPL,235.620117
2024-12-02,AAPL,237.8638
2024-12-03,AAPL,240.901749
2024-12-04,AAPL,241.259186
2024-12-05,AAPL,241.288956
2024-12-06,AAPL,241.090393
2024-12-09,AAPL,244.972229
2024-12-10,AAPL,245.984894
2024-12-11,AAPL,244.714096
2024-12-12,AAPL,246.173523
2024-12-13,AAPL,246.3423
2024-12-16,AAPL,249.231308
2024-12-17,AAPL,251.653732
2024-12-18,AAPL,246.262863
2024-12-19,AAPL,247.990311
2024-12-20,AAPL,252.656494
2024-12-23,AAPL,253.430862
2024-12-24,AAPL,256.339691
2024-12-26,AAPL,257.153778
2024-12-27,AAPL,253.74855
2024-12-30,AAPL,250.382965
2024-12-31,AAPL,248.615784
2025-01-02,AAPL,242.09314
2025-01-03,AAPL,241.606674
2025-01-06,AAPL,243.234833
2025-01-07,AAPL,240.464951
2025-01-08,AAPL,240.951385
2025-01-10,AAPL,235.143555
2025-01-13,AAPL,232.711212
2025-01-14,AAPL,231.599274
2025-01-15,AAPL,236.156204
2025-01-16,AAPL,226.615448
2025-01-17,AAPL,228.323074
2025-01-21,AAPL,221.03595
2025-01-22,AAPL,222.217361
2025-01-23,AAPL,222.048569
2025-01-24,AAPL,221.174942
2025-01-27,AAPL,228.203918
2025-01-28,AAPL,236.543396
2025-01-29,AAPL,237.635483
2025-01-30,AAPL,235.878235
2025-01-31,AAPL,234.299698
2025-02-03,AAPL,226.367249
2025-02-04,AAPL,231.122757
2025-02-05,AAPL,230.79512
2025-02-06,AAPL,231.539719
2025-02-07,AAPL,225.98999
2025-02-10,AAPL,226.258331
2025-02-11,AAPL,231.197922
2025-02-12,AAPL,235.421982
2025-02-13,AAPL,240.053497
2025-02-14,AAPL,243.104706
2025-02-18,AAPL,242.975525
2025-02-19,AAPL,243.373062
2025-02-20,AAPL,244.327209
2025-02-21,AAPL,244.04892
2025-02-24,AAPL,245.589432
2025-02-25,AAPL,245.5298
2025-02-26,AAPL,238.89064
2025-02-27,AAPL,235.84935
2025-02-28,AAPL,240.361603
2025-03-03,AAPL,236.57489
2025-03-04,AAPL,234.487701
2025-03-05,AAPL,234.298904
2025-03-06,AAPL,233.891388
2025-03-07,AAPL,237.608536
2025-03-10,AAPL,226.089371
2025-03-11,AAPL,219.48996
2025-03-12,AAPL,215.653564
2025-03-13,AAPL,208.398178
2025-03-14,AAPL,212.184906
2025-03-17,AAPL,212.691772
2025-03-18,AAPL,211.389771
2025-03-19,AAPL,213.924194
2025-03-20,AAPL,212.791168
2025-03-21,AAPL,216.935684
2025-03-24,AAPL,219.380661
2025-03-25,AAPL,222.382172
2025-03-26,AAPL,220.175735
2025-03-27,AAPL,222.481583
2025-03-28,AAPL,216.567932
2025-03-31,AAPL,220.772079
2025-04-01,AAPL,221.825607
2025-04-02,AAPL,222.521317
2025-04-03,AAPL,201.947876
2025-04-04,AAPL,187.228409
2025-04-07,AAPL,180.350723
2025-04-08,AAPL,171.365952
2025-04-09,AAPL,197.634415
2025-04-10,AAPL,189.255936
2025-04-11,AAPL,196.938675
2025-04-14,AAPL,201.281967
2025-04-15,AAPL,200.904266
2025-04-16,AAPL,193.082397
2025-04-17,AAPL,195.775818
2025-04-21,AAPL,191.979187
2025-04-22,AAPL,198.518967
2025-04-23,AAPL,203.349258
2025-04-24,AAPL,207.096191
2025-04-25,AAPL,208.000641
2025-04-28,AAPL,208.855377
2025-04-29,AAPL,209.918839
2025-04-30,AAPL,211.200958
2025-05-01,AAPL,212.015961
2025-05-02,AAPL,204.094666
2025-05-05,AAPL,197.674149
2025-05-06,AAPL,197.296478
2025-05-07,AAPL,195.050293
2025-05-08,AAPL,196.282715
2025-05-09,AAPL,197.316345
2025-05-12,AAPL,209.776123
2025-05-13,AAPL,211.905853
2025-05-14,AAPL,211.308716
2025-05-15,AAPL,210.432953
2025-05-16,AAPL,210.243866
2025-05-19,AAPL,207.775803
2025-05-20,AAPL,205.865036
2025-05-21,AAPL,201.117981
2025-05-22,AAPL,200.391495
2025-05-23,AAPL,194.33078
2025-05-27,AAPL,199.24704
2025-05-28,AAPL,199.456009
2025-05-29,AAPL,198.988266
2025-05-30,AAPL,199.883942
2025-06-02,AAPL,200.729858
2025-06-03,AAPL,202.292328
2025-06-04,AAPL,201.844482
2025-06-05,AAPL,199.665009
2025-06-06,AAPL,202.939178
2025-06-09,AAPL,200.481049
2025-06-10,AAPL,201.695175
2025-06-11,AAPL,197.823914
2025-06-12,AAPL,198.241898
2025-06-13,AAPL,195.505112
2025-06-16,AAPL,197.465652
2025-06-17,AAPL,194.69902
2025-06-18,AAPL,195.634476
2025-06-20,AAPL,200.033218
2025-06-23,AAPL,200.530807
2025-06-24,AAPL,199.336578
2025-06-25,AAPL,200.59053
2025-06-26,AAPL,200.033218
2025-06-27,AAPL,200.112854
2025-06-30,AAPL,204.183167
2025-07-01,AAPL,206.820435
2025-07-02,AAPL,211.418213
2025-07-03,AAPL,212.522858
2025-07-07,AAPL,208.94017
2025-07-08,AAPL,208.999878
2025-07-09,AAPL,210.124435
2025-07-10,AAPL,211.388336
2025-07-11,AAPL,210.144348
2025-07-14,AAPL,207.616562
2025-07-15,AAPL,208.104218
2025-07-16,AAPL,209.149155
2025-07-17,AAPL,209.009857
2025-07-18,AAPL,210.164246
2025-07-21,AAPL,211.457993
2025-07-22,AAPL,213.368759
2025-07-23,AAPL,213.119949
2025-07-24,AAPL,212.731842
2025-07-25,AAPL,212.851288
2025-07-28,AAPL,213.020447
2025-07-29,AAPL,210.253845
2025-07-30,AAPL,208.04451
2025-07-31,AAPL,206.571609
2025-08-01,AAPL,201.406601
2025-08-04,AAPL,202.371933
2025-08-05,AAPL,201.943985
2025-08-06,AAPL,212.224304
2025-08-07,AAPL,218.97171
2025-08-08,AAPL,228.246872
2025-08-11,AAPL,226.343887
2025-08-12,AAPL,228.804779
2025-08-13,AAPL,232.471268
2025-08-14,AAPL,231.923294
2025-08-15,AAPL,230.737656
2025-08-18,AAPL,230.040222
2025-08-19,AAPL,229.711456
2025-08-20,AAPL,225.178192
2025-08-21,AAPL,224.072266
2025-08-22,AAPL,226.921753
2025-08-25,AAPL,226.323975
2025-08-26,AAPL,228.466034
2025-08-27,AAPL,229.641724
2025-08-28,AAPL,231.704086
2025-08-29,AAPL,231.285629
2025-09-02,AAPL,228.874542
2025-09-03,AAPL,237.592346
2025-09-04,AAPL,238.897522
2025-09-05,AAPL,238.807846
2025-09-08,AAPL,237.004517
2025-09-09,AAPL,233.487488
2025-09-10,AAPL,225.955338
2025-09-11,AAPL,229.183411
2025-09-12,AAPL,233.208542
2025-09-15,AAPL,235.828842
2025-09-16,AAPL,237.273529
2025-09-17,AAPL,238.110428
2025-09-18,AAPL,237.004517
2025-09-19,AAPL,244.596466
2025-09-22,AAPL,255.137512
2025-09-23,AAPL,253.493576
2025-09-24,AAPL,251.381409
2025-09-25,AAPL,255.924606
2025-09-26,AAPL,254.519806
2025-09-29,AAPL,253.493576
2025-09-30,AAPL,253.692871
2025-10-01,AAPL,254.509857
2025-10-02,AAPL,256.183624
2025-10-03,AAPL,257.070374
2025-10-06,AAPL,255.745285
2025-10-07,AAPL,255.536072
2025-10-08,AAPL,257.110229
2025-10-09,AAPL,253.105026
2025-10-10,AAPL,244.36731
2025-10-13,AAPL,246.74852
2025-10-14,AAPL,246.858109
2025-10-15,AAPL,248.422333
2025-10-16,AAPL,246.539291
2025-10-17,AAPL,251.361465
2025-10-20,AAPL,261.274841
2025-10-21,AAPL,261.802917
2025-10-22,AAPL,257.49884
2025-10-23,AAPL,258.624634
2025-10-24,AAPL,261.852722
2025-10-27,AAPL,267.820709
2025-10-28,AAPL,268.01001
2025-10-29,AAPL,268.707397
2025-10-30,AAPL,270.401154
2025-10-31,AAPL,269.374939
2025-11-03,AAPL,268.059753
2025-11-04,AAPL,269.046173
2025-11-05,AAPL,269.145813
2025-11-06,AAPL,268.77713
2025-11-07,AAPL,267.481903
2025-11-10,AAPL,268.698608
2025-11-11,AAPL,274.502808
2025-11-12,AAPL,272.727631
2025-11-13,AAPL,272.209076
2025-11-14,AAPL,271.670502
2025-11-17,AAPL,266.733948
2025-11-18,AAPL,266.71405
2025-11-19,AAPL,267.830963
2025-11-20,AAPL,265.527252
2025-11-21,AAPL,270.752991
2025-11-24,AAPL,275.171021
2025-11-25,AAPL,276.21817
2025-11-26,AAPL,276.79657
2025-11-28,AAPL,278.093048
2025-12-01,AAPL,282.331512
2025-12-02,AAPL,285.413116
2025-12-03,AAPL,283.378662
2025-12-04,AAPL,279.938019
2025-12-05,AAPL,278.023254
2025-12-08,AAPL,277.135651
2025-12-09,AAPL,276.427582
2025-12-10,AAPL,278.023254
2025-12-11,AAPL,277.275269
2025-12-12,AAPL,277.524628
2025-12-15,AAPL,273.365875
2025-12-16,AAPL,273.864532
2025-12-17,AAPL,271.102051
2025-12-18,AAPL,271.451141
2025-12-19,AAPL,272.927124
2025-12-22,AAPL,270.234436
2025-12-23,AAPL,271.620667
2025-12-24,AAPL,273.066711
2025-12-26,AAPL,272.657806
2025-12-29,AAPL,273.016876
2025-12-30,AAPL,272.338684
2025-12-31,AAPL,271.122009
2026-01-02,AAPL,270.274323
2026-01-05,AAPL,266.534515
2026-01-06,AAPL,261.647797
2026-01-07,AAPL,259.623291
2026-01-08,AAPL,258.336823
2026-01-09,AAPL,258.665924
2026-01-12,AAPL,259.543518
2026-01-13,AAPL,260.341339
2026-01-14,AAPL,259.254333
2026-01-15,AAPL,257.509064
2026-01-16,AAPL,254.836349
2026-01-20,AAPL,246.030319
2026-01-21,AAPL,246.977753
2026-01-22,AAPL,247.675842
2026-01-23,AAPL,247.366684
2026-01-26,AAPL,254.716675
2026-01-27,AAPL,257.568878
2026-01-28,AAPL,255.743896
2026-01-29,AAPL,257.578888
2026-01-30,AAPL,258.775635
2026-02-02,AAPL,269.277069
2026-02-03,AAPL,268.748505
2026-02-04,AAPL,275.73941
2026-02-05,AAPL,275.161041
2026-02-06,AAPL,277.36499
2026-02-09,AAPL,274.130798
2026-02-10,AAPL,273.192444
2026-02-11,AAPL,275.009216
2026-02-12,AAPL,261.263763
2026-02-13,AAPL,255.324356
2026-02-17,AAPL,263.409943
2026-02-18,AAPL,263.87912
2026-02-19,AAPL,260.115784
2026-02-20,AAPL,264.108673
2026-02-23,AAPL,265.705811
2026-02-24,AAPL,271.655243
2026-02-25,AAPL,273.741516
2026-02-26,AAPL,272.463776
2026-02-27,AAPL,263.709412
2026-03-02,AAPL,264.248413
2026-03-03,AAPL,263.280182
2026-03-04,AAPL,262.052338
2026-03-05,AAPL,259.826324
2026-03-06,AAPL,257.001343
2026-03-09,AAPL,259.417053
2026-03-10,AAPL,260.365356
2026-03-11,AAPL,260.345398
2026-03-12,AAPL,255.304398
2026-03-13,AAPL,249.674438
2026-03-16,AAPL,252.369644
2026-03-17,AAPL,253.777115
2026-03-18,AAPL,249.494766
2026-03-19,AAPL,248.516525
2026-03-20,AAPL,247.548233
2026-03-23,AAPL,251.042007
2026-03-24,AAPL,251.191727
2026-03-25,AAPL,252.169983
2026-03-26,AAPL,252.439514
2026-03-27,AAPL,248.356796
2026-03-30,AAPL,246.190659
2026-03-31,AAPL,253.337906
2026-04-01,AAPL,255.174637
2026-04-02,AAPL,255.464111
2026-04-06,AAPL,258.398865
2026-04-07,AAPL,253.048416
2026-04-08,AAPL,258.438812
2026-04-09,AAPL,260.02597
2026-04-10,AAPL,260.015991
2026-04-13,AAPL,258.738281
2026-04-14,AAPL,258.368927
2026-04-15,AAPL,265.955383
2026-04-16,AAPL,262.930786
2026-04-17,AAPL,269.748627
2026-04-20,AAPL,272.563568
2026-04-21,AAPL,265.695862
2026-04-22,AAPL,272.683411
2026-04-23,AAPL,272.942902
2026-04-24,AAPL,270.577118
2026-04-27,AAPL,267.13327
2026-04-28,AAPL,270.227753
2026-04-29,AAPL,269.688721
2026-04-30,AAPL,270.866638
2026-05-01,AAPL,279.640991
2026-05-04,AAPL,276.336823
2026-05-05,AAPL,283.673767
2026-05-06,AAPL,286.997864
2026-05-07,AAPL,286.927979
2026-05-08,AAPL,292.797485
2026-05-11,AAPL,292.427795
2026-05-12,AAPL,294.545959
2026-05-13,AAPL,298.612457
2026-05-14,AAPL,297.953033
2026-05-15,AAPL,299.971313
2026-05-18,AAPL,297.583344
2026-05-19,AAPL,298.712372
2026-05-20,AAPL,301.989563
2026-05-21,AAPL,304.727173
2026-05-22,AAPL,308.553894
2026-05-26,AAPL,308.064301
2026-05-27,AAPL,310.582153
2026-05-28,AAPL,312.240723
2026-05-29,AAPL,311.791107
2026-06-01,AAPL,306.046051
2026-06-02,AAPL,314.928406
2026-06-03,AAPL,309.992645
2026-06-04,AAPL,310.961823
2026-06-05,AAPL,307.075165
2026-06-08,AAPL,301.280182
2026-06-09,AAPL,290.299622
2026-06-10,AAPL,291.328735
2026-06-11,AAPL,295.375244
2026-06-12,AAPL,290.87915
2026-06-15,AAPL,296.164581
2026-06-16,AAPL,298.982147
2026-06-17,AAPL,295.694977
2026-06-18,AAPL,297.753204
2026-06-22,AAPL,296.754089
2026-06-23,AAPL,294.046387
2026-06-24,AAPL,292.827423
2026-06-25,AAPL,274.912903
2026-06-26,AAPL,283.535461
2026-06-29,AAPL,281.497223
2026-06-30,AAPL,289.110657
2026-07-01,AAPL,294.126343
2026-07-02,AAPL,308.364044
2026-07-06,AAPL,312.390594
2026-07-07,AAPL,310.392303
2026-07-08,AAPL,313.119965
2026-07-09,AAPL,315.94751
2026-07-10,AAPL,315.048309
2026-07-13,AAPL,317.03656
2026-07-14,AAPL,314.588684
2026-07-15,AAPL,327.217804
2026-07-16,AAPL,332.972839
2026-07-17,AAPL,333.452393
2026-07-20,AAPL,326.308563
2026-07-21,AAPL,327.457581
2026-07-22,AAPL,325.609192
2026-07-23,AAPL,321.382843
2026-07-24,AAPL,332.733032
2026-07-27,AAPL,336.61969
2026-07-28,AAPL,339.786926
2026-07-29,AAPL,337.89859
2026-07-30,AAPL,333.14267
2026-07-31,AAPL,308.643829
2026-08-03,AAPL,303.158569
2026-08-04,AAPL,309.113403
2026-08-05,AAPL,310.732025
2026-08-06,AAPL,312.140808
2026-08-07,AAPL,313.059998
2026-08-10,AAPL,308.26001
2026-08-11,AAPL,304.910004
2026-08-12,AAPL,302.25
2026-08-13,AAPL,305.26001
2026-08-14,AAPL,305.929993
2026-08-17,AAPL,305.589996
2026-08-18,AAPL,310.029999
2026-08-19,AAPL,316.829987
2026-08-20,AAPL,311.299988
2026-08-21,AAPL,309.350006
2026-08-24,AAPL,310.339996
2026-08-25,AAPL,309.899994
2026-08-26,AAPL,313.450012
2026-08-27,AAPL,314.579987
2026-08-28,AAPL,319.700012
2026-08-31,AAPL,316.850006
2026-09-01,AAPL,325.130005
2026-09-02,AAPL,324.959991
2026-09-03,AAPL,328.209991
2026-09-04,AAPL,319.970001
2026-09-08,AAPL,316.220001
2026-09-09,AAPL,315.339996
2026-09-10,AAPL,326.570007
2026-09-11,AAPL,332.269989
2026-09-14,AAPL,333.079987
2026-09-15,AAPL,331.339996
2026-09-16,AAPL,332.410004
2026-09-17,AAPL,337.0
2026-09-18,AAPL,336.130005
2026-09-21,AAPL,338.980011
2026-09-22,AAPL,339.75
2026-09-23,AAPL,337.019989
2026-09-24,AAPL,335.920013
2026-09-25,AAPL,341.070007
2026-09-28,AAPL,338.399994
2026-09-29,AAPL,329.399994
2026-09-30,AAPL,333.019989
2026-10-01,AAPL,330.320007
2021-10-04,MSFT,271.708374
2021-10-05,MSFT,277.130859
2021-10-06,MSFT,281.305573
2021-10-07,MSFT,282.975586
2021-10-08,MSFT,282.975586
2021-10-11,MSFT,282.380554
2021-10-12,MSFT,281.08493
2021-10-13,MSFT,284.37677
2021-10-14,MSFT,290.557434
2021-10-15,MSFT,291.958649
2021-10-18,MSFT,294.914612
2021-10-19,MSFT,295.816772
2021-10-20,MSFT,295.029724
2021-10-21,MSFT,298.244873
2021-10-22,MSFT,296.709351
2021-10-25,MSFT,295.720795
2021-10-26,MSFT,297.621033
2021-10-27,MSFT,310.15506
2021-10-28,MSFT,311.287628
2021-10-29,MSFT,318.264679
2021-11-01,MSFT,316.105347
2021-11-02,MSFT,319.713959
2021-11-03,MSFT,320.549011
2021-11-04,MSFT,322.890625
2021-11-05,MSFT,322.52594
2021-11-08,MSFT,323.418427
2021-11-09,MSFT,322.420441
2021-11-10,MSFT,317.477753
2021-11-11,MSFT,319.042145
2021-11-12,MSFT,323.159363
2021-11-15,MSFT,322.535583
2021-11-16,MSFT,325.837036
2021-11-17,MSFT,326.058105
2021-11-18,MSFT,328.125366
2021-11-19,MSFT,329.89444
2021-11-22,MSFT,326.740784
2021-11-23,MSFT,324.673615
2021-11-24,MSFT,324.894775
2021-11-26,MSFT,316.98175
2021-11-29,MSFT,323.664032
2021-11-30,MSFT,317.856659
2021-12-01,MSFT,317.366364
2021-12-02,MSFT,316.799011
2021-12-03,MSFT,310.568665
2021-12-06,MSFT,313.626129
2021-12-07,MSFT,322.019867
2021-12-08,MSFT,322.067993
2021-12-09,MSFT,320.269989
2021-12-10,MSFT,329.346405
2021-12-13,MSFT,326.327332
2021-12-14,MSFT,315.693329
2021-12-15,MSFT,321.760284
2021-12-16,MSFT,312.385925
2021-12-17,MSFT,311.328156
2021-12-20,MSFT,307.588013
2021-12-21,MSFT,314.683807
2021-12-22,MSFT,320.366241
2021-12-23,MSFT,321.798798
2021-12-27,MSFT,329.259918
2021-12-28,MSFT,328.10614
2021-12-29,MSFT,328.779205
2021-12-30,MSFT,326.250488
2021-12-31,MSFT,323.365997
2022-01-03,MSFT,321.856476
2022-01-04,MSFT,316.337555
2022-01-05,MSFT,304.194031
2022-01-06,MSFT,301.790314
2022-01-07,MSFT,301.944092
2022-01-10,MSFT,302.165253
2022-01-11,MSFT,302.847961
2022-01-12,MSFT,306.011261
2022-01-13,MSFT,293.060089
2022-01-14,MSFT,298.252045
2022-01-18,MSFT,290.992889
2022-01-19,MSFT,291.646637
2022-01-20,MSFT,289.983276
2022-01-21,MSFT,284.627838
2022-01-24,MSFT,284.954773
2022-01-25,MSFT,277.378265
2022-01-26,MSFT,285.281647
2022-01-27,MSFT,288.291046
2022-01-28,MSFT,296.38681
2022-01-31,MSFT,299.002045
2022-02-01,MSFT,296.867584
2022-02-02,MSFT,301.386475
2022-02-03,MSFT,289.646759
2022-02-04,MSFT,294.156189
2022-02-07,MSFT,289.358307
2022-02-08,MSFT,292.829254
2022-02-09,MSFT,299.223175
2022-02-10,MSFT,290.733337
2022-02-11,MSFT,283.675995
2022-02-14,MSFT,283.637451
2022-02-15,MSFT,288.89682
2022-02-16,MSFT,288.559631
2022-02-17,MSFT,280.109985
2022-02-18,MSFT,277.412231
2022-02-22,MSFT,277.20993
2022-02-23,MSFT,270.032074
2022-02-24,MSFT,283.828949
2022-02-25,MSFT,286.449554
2022-02-28,MSFT,287.875519
2022-03-01,MSFT,284.175873
2022-03-02,MSFT,289.224396
2022-03-03,MSFT,285.110352
2022-03-04,MSFT,279.271759
2022-03-07,MSFT,268.721741
2022-03-08,MSFT,265.773529
2022-03-09,MSFT,277.961426
2022-03-10,MSFT,275.157776
2022-03-11,MSFT,269.839417
2022-03-14,MSFT,266.341949
2022-03-15,MSFT,276.660828
2022-03-16,MSFT,283.636261
2022-03-17,MSFT,284.435913
2022-03-18,MSFT,289.455658
2022-03-21,MSFT,288.232056
2022-03-22,MSFT,292.953094
2022-03-23,MSFT,288.549927
2022-03-24,MSFT,292.991547
2022-03-25,MSFT,292.586884
2022-03-28,MSFT,299.350494
2022-03-29,MSFT,303.888489
2022-03-30,MSFT,302.39505
2022-03-31,MSFT,297.047791
2022-04-01,MSFT,298.11731
2022-04-04,MSFT,303.464478
2022-04-05,MSFT,299.523987
2022-04-06,MSFT,288.559631
2022-04-07,MSFT,290.361359
2022-04-08,MSFT,286.12207
2022-04-11,MSFT,274.839752
2022-04-12,MSFT,271.756653
2022-04-13,MSFT,277.113525
2022-04-14,MSFT,269.608124
2022-04-18,MSFT,270.272919
2022-04-19,MSFT,274.878357
2022-04-20,MSFT,275.899597
2022-04-21,MSFT,270.552399
2022-04-22,MSFT,264.019958
2022-04-25,MSFT,270.465607
2022-04-26,MSFT,260.349213
2022-04-27,MSFT,272.874298
2022-04-28,MSFT,279.05014
2022-04-29,MSFT,267.382538
2022-05-02,MSFT,274.078674
2022-05-03,MSFT,271.486908
2022-05-04,MSFT,279.38736
2022-05-05,MSFT,267.218689
2022-05-06,MSFT,264.694427
2022-05-09,MSFT,254.915237
2022-05-10,MSFT,259.655548
2022-05-11,MSFT,251.032379
2022-05-12,MSFT,246.0224
2022-05-13,MSFT,251.581619
2022-05-16,MSFT,251.947678
2022-05-17,MSFT,257.073364
2022-05-18,MSFT,245.368942
2022-05-19,MSFT,244.461151
2022-05-20,MSFT,243.901001
2022-05-23,MSFT,251.713654
2022-05-24,MSFT,250.718994
2022-05-25,MSFT,253.519516
2022-05-26,MSFT,256.783691
2022-05-27,MSFT,263.87204
2022-05-31,MSFT,262.549011
2022-06-01,MSFT,263.080109
2022-06-02,MSFT,265.166016
2022-06-03,MSFT,260.762421
2022-06-06,MSFT,259.535919
2022-06-07,MSFT,263.15741
2022-06-08,MSFT,261.139069
2022-06-09,MSFT,255.711761
2022-06-10,MSFT,244.316315
2022-06-13,MSFT,233.954193
2022-06-14,MSFT,236.107727
2022-06-15,MSFT,243.128433
2022-06-16,MSFT,236.571243
2022-06-17,MSFT,239.159363
2022-06-21,MSFT,245.040543
2022-06-22,MSFT,244.451508
2022-06-23,MSFT,249.985016
2022-06-24,MSFT,258.522034
2022-06-27,MSFT,255.808395
2022-06-28,MSFT,247.68663
2022-06-29,MSFT,251.337036
2022-06-30,MSFT,248.024612
2022-07-01,MSFT,250.680298
2022-07-05,MSFT,253.838242
2022-07-06,MSFT,257.083038
2022-07-07,MSFT,259.197968
2022-07-08,MSFT,258.483276
2022-07-11,MSFT,255.441345
2022-07-12,MSFT,244.972961
2022-07-13,MSFT,244.055557
2022-07-14,MSFT,245.368942
2022-07-15,MSFT,247.918381
2022-07-18,MSFT,245.533066
2022-07-19,MSFT,250.63208
2022-07-20,MSFT,253.278046
2022-07-21,MSFT,255.759979
2022-07-22,MSFT,251.433624
2022-07-25,MSFT,249.956085
2022-07-26,MSFT,243.263641
2022-07-27,MSFT,259.526306
2022-07-28,MSFT,266.93335
2022-07-29,MSFT,271.114868
2022-08-01,MSFT,268.478516
2022-08-02,MSFT,265.397827
2022-08-03,MSFT,272.785614
2022-08-04,MSFT,273.925079
2022-08-05,MSFT,273.210541
2022-08-08,MSFT,270.70929
2022-08-09,MSFT,272.621368
2022-08-10,MSFT,279.246216
2022-08-11,MSFT,277.179565
2022-08-12,MSFT,281.901917
2022-08-15,MSFT,283.408508
2022-08-16,MSFT,282.6745
2022-08-17,MSFT,281.929321
2022-08-18,MSFT,280.816376
2022-08-19,MSFT,276.925964
2022-08-22,MSFT,268.796753
2022-08-23,MSFT,267.529022
2022-08-24,MSFT,266.899902
2022-08-25,MSFT,269.861328
2022-08-26,MSFT,259.44812
2022-08-29,MSFT,256.680267
2022-08-30,MSFT,254.493149
2022-08-31,MSFT,253.041504
2022-09-01,MSFT,252.005981
2022-09-02,MSFT,247.805878
2022-09-06,MSFT,245.086487
2022-09-07,MSFT,249.770508
2022-09-08,MSFT,250.186584
2022-09-09,MSFT,255.935135
2022-09-12,MSFT,258.054565
2022-09-13,MSFT,243.867111
2022-09-14,MSFT,244.089691
2022-09-15,MSFT,237.470169
2022-09-16,MSFT,236.8508
2022-09-19,MSFT,236.637924
2022-09-20,MSFT,234.634644
2022-09-21,MSFT,231.247482
2022-09-22,MSFT,233.21199
2022-09-23,MSFT,230.250687
2022-09-26,MSFT,229.795776
2022-09-27,MSFT,228.789322
2022-09-28,MSFT,233.299118
2022-09-29,MSFT,229.844162
2022-09-30,MSFT,225.392456
2022-10-03,MSFT,232.979736
2022-10-04,MSFT,240.857361
2022-10-05,MSFT,241.167038
2022-10-06,MSFT,238.834702
2022-10-07,MSFT,226.689285
2022-10-10,MSFT,221.860107
2022-10-11,MSFT,218.143921
2022-10-12,MSFT,218.472977
2022-10-13,MSFT,226.689285
2022-10-14,MSFT,221.192337
2022-10-17,MSFT,229.87323
2022-10-18,MSFT,230.811966
2022-10-19,MSFT,228.857071
2022-10-20,MSFT,228.537704
2022-10-21,MSFT,234.315262
2022-10-24,MSFT,239.279922
2022-10-25,MSFT,242.579971
2022-10-26,MSFT,223.863388
2022-10-27,MSFT,219.440704
2022-10-28,MSFT,228.266693
2022-10-31,MSFT,224.647308
2022-11-01,MSFT,220.814941
2022-11-02,MSFT,213.005081
2022-11-03,MSFT,207.343658
2022-11-04,MSFT,214.253494
2022-11-07,MSFT,220.524628
2022-11-08,MSFT,221.492386
2022-11-09,MSFT,217.272903
2022-11-10,MSFT,235.147522
2022-11-11,MSFT,239.144455
2022-11-14,MSFT,233.763626
2022-11-15,MSFT,234.17012
2022-11-16,MSFT,234.597137
2022-11-17,MSFT,234.548553
2022-11-18,MSFT,234.102173
2022-11-21,MSFT,234.9077
2022-11-22,MSFT,237.799713
2022-11-23,MSFT,240.274521
2022-11-25,MSFT,240.187164
2022-11-28,MSFT,234.626236
2022-11-29,MSFT,233.238434
2022-11-30,MSFT,247.61142
2022-12-01,MSFT,247.174713
2022-12-02,MSFT,247.494965
2022-12-05,MSFT,242.817184
2022-12-06,MSFT,237.887115
2022-12-07,MSFT,237.15921
2022-12-08,MSFT,240.099808
2022-12-09,MSFT,238.178238
2022-12-12,MSFT,245.059036
2022-12-13,MSFT,249.338898
2022-12-14,MSFT,249.630035
2022-12-15,MSFT,241.662292
2022-12-16,MSFT,237.469757
2022-12-19,MSFT,233.354904
2022-12-20,MSFT,234.665085
2022-12-21,MSFT,237.217407
2022-12-22,MSFT,231.161545
2022-12-23,MSFT,231.685623
2022-12-27,MSFT,229.967896
2022-12-28,MSFT,227.609558
2022-12-29,MSFT,233.898346
2022-12-30,MSFT,232.7435
2023-01-03,MSFT,232.51059
2023-01-04,MSFT,222.339783
2023-01-05,MSFT,215.750153
2023-01-06,MSFT,218.292847
2023-01-09,MSFT,220.418228
2023-01-10,MSFT,222.097183
2023-01-11,MSFT,228.812988
2023-01-12,MSFT,231.472153
2023-01-13,MSFT,232.170853
2023-01-17,MSFT,233.257858
2023-01-18,MSFT,228.851791
2023-01-19,MSFT,225.086288
2023-01-20,MSFT,233.131653
2023-01-23,MSFT,235.422043
2023-01-24,MSFT,234.897934
2023-01-25,MSFT,233.510162
2023-01-26,MSFT,240.682098
2023-01-27,MSFT,240.837402
2023-01-30,MSFT,235.548218
2023-01-31,MSFT,240.497711
2023-02-01,MSFT,245.291931
2023-02-02,MSFT,256.792236
2023-02-03,MSFT,250.7267
2023-02-06,MSFT,249.193314
2023-02-07,MSFT,259.664917
2023-02-08,MSFT,258.859467
2023-02-09,MSFT,255.841202
2023-02-10,MSFT,255.336533
2023-02-13,MSFT,263.313995
2023-02-14,MSFT,264.138947
2023-02-15,MSFT,262.027649
2023-02-16,MSFT,255.051819
2023-02-17,MSFT,251.072525
2023-02-21,MSFT,245.828476
2023-02-22,MSFT,244.69989
2023-02-23,MSFT,247.871658
2023-02-24,MSFT,242.471909
2023-02-27,MSFT,243.386475
2023-02-28,MSFT,242.666519
2023-03-01,MSFT,239.601761
2023-03-02,MSFT,244.31073
2023-03-03,MSFT,248.377594
2023-03-06,MSFT,249.914764
2023-03-07,MSFT,247.268417
2023-03-08,MSFT,246.830566
2023-03-09,MSFT,245.487976
2023-03-10,MSFT,241.858948
2023-03-13,MSFT,247.044662
2023-03-14,MSFT,253.728622
2023-03-15,MSFT,258.252747
2023-03-16,MSFT,268.721375
2023-03-17,MSFT,271.863892
2023-03-20,MSFT,264.858887
2023-03-21,MSFT,266.366882
2023-03-22,MSFT,264.917206
2023-03-23,MSFT,270.141846
2023-03-24,MSFT,272.973083
2023-03-27,MSFT,268.896545
2023-03-28,MSFT,267.777679
2023-03-29,MSFT,272.914642
2023-03-30,MSFT,276.358856
2023-03-31,MSFT,280.493652
2023-04-03,MSFT,279.452759
2023-04-04,MSFT,279.404053
2023-04-05,MSFT,276.64093
2023-04-06,MSFT,283.704346
2023-04-10,MSFT,281.55423
2023-04-11,MSFT,275.171814
2023-04-12,MSFT,275.814026
2023-04-13,MSFT,281.992065
2023-04-14,MSFT,278.392273
2023-04-17,MSFT,280.980194
2023-04-18,MSFT,280.561859
2023-04-19,MSFT,280.639679
2023-04-20,MSFT,278.363007
2023-04-21,MSFT,278.022522
2023-04-24,MSFT,274.140472
2023-04-25,MSFT,267.962463
2023-04-26,MSFT,287.372406
2023-04-27,MSFT,296.576141
2023-04-28,MSFT,298.940399
2023-05-01,MSFT,297.286407
2023-05-02,MSFT,297.140472
2023-05-03,MSFT,296.157806
2023-05-04,MSFT,297.140472
2023-05-05,MSFT,302.238617
2023-05-08,MSFT,300.292725
2023-05-09,MSFT,298.687439
2023-05-10,MSFT,303.853607
2023-05-11,MSFT,301.713196
2023-05-12,MSFT,300.604095
2023-05-15,MSFT,301.08075
2023-05-16,MSFT,303.299072
2023-05-17,MSFT,306.16571
2023-05-18,MSFT,310.572968
2023-05-19,MSFT,310.397369
2023-05-22,MSFT,313.166534
2023-05-23,MSFT,307.394287
2023-05-24,MSFT,306.01944
2023-05-25,MSFT,317.7883
2023-05-26,MSFT,324.584442
2023-05-30,MSFT,322.946259
2023-05-31,MSFT,320.196686
2023-06-01,MSFT,324.282135
2023-06-02,MSFT,327.031769
2023-06-05,MSFT,327.558319
2023-06-06,MSFT,325.354706
2023-06-07,MSFT,315.311676
2023-06-08,MSFT,317.144775
2023-06-09,MSFT,318.636627
2023-06-12,MSFT,323.570312
2023-06-13,MSFT,325.949524
2023-06-14,MSFT,328.92334
2023-06-15,MSFT,339.414948
2023-06-16,MSFT,333.788849
2023-06-20,MSFT,329.615631
2023-06-21,MSFT,325.237671
2023-06-22,MSFT,331.234222
2023-06-23,MSFT,326.661163
2023-06-26,MSFT,320.401459
2023-06-27,MSFT,326.222443
2023-06-28,MSFT,327.47052
2023-06-29,MSFT,326.690491
2023-06-30,MSFT,332.043549
2023-07-03,MSFT,329.557129
2023-07-05,MSFT,329.713196
2023-07-06,MSFT,332.75531
2023-07-07,MSFT,328.806335
2023-07-10,MSFT,323.550842
2023-07-11,MSFT,324.174866
2023-07-12,MSFT,328.786926
2023-07-13,MSFT,334.110626
2023-07-14,MSFT,336.626282
2023-07-17,MSFT,337.104065
2023-07-18,MSFT,350.520721
2023-07-19,MSFT,346.220795
2023-07-20,MSFT,338.215607
2023-07-21,MSFT,335.192993
2023-07-24,MSFT,336.499481
2023-07-25,MSFT,342.223022
2023-07-26,MSFT,329.34259
2023-07-27,MSFT,322.468567
2023-07-28,MSFT,329.927643
2023-07-31,MSFT,327.538788
2023-08-01,MSFT,327.948273
2023-08-02,MSFT,319.328918
2023-08-03,MSFT,318.509796
2023-08-04,MSFT,319.601898
2023-08-07,MSFT,321.873779
2023-08-08,MSFT,317.915039
2023-08-09,MSFT,314.190369
2023-08-10,MSFT,314.872894
2023-08-11,MSFT,313.000793
2023-08-14,MSFT,315.955231
2023-08-15,MSFT,313.829559
2023-08-16,MSFT,313.067444
2023-08-17,MSFT,309.627991
2023-08-18,MSFT,309.237122
2023-08-21,MSFT,314.51358
2023-08-22,MSFT,315.080322
2023-08-23,MSFT,319.516388
2023-08-24,MSFT,312.647308
2023-08-25,MSFT,315.58844
2023-08-28,MSFT,316.291901
2023-08-29,MSFT,320.894196
2023-08-30,MSFT,321.265442
2023-08-31,MSFT,320.259003
2023-09-01,MSFT,321.138367
2023-09-05,MSFT,325.916504
2023-09-06,MSFT,325.261871
2023-09-07,MSFT,322.359802
2023-09-08,MSFT,326.619995
2023-09-11,MSFT,330.206085
2023-09-12,MSFT,324.177246
2023-09-13,MSFT,328.369049
2023-09-14,MSFT,330.9487
2023-09-15,MSFT,322.66275
2023-09-18,MSFT,321.529297
2023-09-19,MSFT,321.128693
2023-09-20,MSFT,313.428986
2023-09-21,MSFT,312.217407
2023-09-22,MSFT,309.755005
2023-09-25,MSFT,310.272919
2023-09-26,MSFT,304.99649
2023-09-27,MSFT,305.631622
2023-09-28,MSFT,306.462158
2023-09-29,MSFT,308.523865
2023-10-02,MSFT,314.435425
2023-10-03,MSFT,306.217926
2023-10-04,MSFT,311.6604
2023-10-05,MSFT,312.05127
2023-10-06,MSFT,319.770477
2023-10-09,MSFT,322.271851
2023-10-10,MSFT,320.874634
2023-10-11,MSFT,324.812378
2023-10-12,MSFT,323.581207
2023-10-13,MSFT,320.229736
2023-10-16,MSFT,325.027344
2023-10-17,MSFT,324.460571
2023-10-18,MSFT,322.555206
2023-10-19,MSFT,323.737579
2023-10-20,MSFT,319.194
2023-10-23,MSFT,321.783325
2023-10-24,MSFT,322.965637
2023-10-25,MSFT,332.873566
2023-10-26,MSFT,320.386047
2023-10-27,MSFT,322.262146
2023-10-30,MSFT,329.590485
2023-10-31,MSFT,330.372192
2023-11-01,MSFT,338.149994
2023-11-02,MSFT,340.348541
2023-11-03,MSFT,344.725952
2023-11-06,MSFT,348.370575
2023-11-07,MSFT,352.279083
2023-11-08,MSFT,354.888
2023-11-09,MSFT,352.435394
2023-11-10,MSFT,361.20993
2023-11-13,MSFT,358.28833
2023-11-14,MSFT,361.796173
2023-11-15,MSFT,361.943024
2023-11-16,MSFT,368.307159
2023-11-17,MSFT,362.119232
2023-11-20,MSFT,369.550598
2023-11-21,MSFT,365.271881
2023-11-22,MSFT,369.952087
2023-11-24,MSFT,369.540771
2023-11-27,MSFT,370.696106
2023-11-28,MSFT,374.700714
2023-11-29,MSFT,370.931183
2023-11-30,MSFT,370.989899
2023-12-01,MSFT,366.681885
2023-12-04,MSFT,361.424133
2023-12-05,MSFT,364.733429
2023-12-06,MSFT,361.091248
2023-12-07,MSFT,363.196289
2023-12-08,MSFT,366.407745
2023-12-11,MSFT,363.538971
2023-12-12,MSFT,366.554535
2023-12-13,MSFT,366.544769
2023-12-14,MSFT,358.281189
2023-12-15,MSFT,362.980896
2023-12-18,MSFT,364.860748
2023-12-19,MSFT,365.457977
2023-12-20,MSFT,362.873169
2023-12-21,MSFT,365.732147
2023-12-22,MSFT,366.750305
2023-12-26,MSFT,366.828735
2023-12-27,MSFT,366.250977
2023-12-28,MSFT,367.43576
2023-12-29,MSFT,368.17981
2024-01-02,MSFT,363.11792
2024-01-03,MSFT,362.853516
2024-01-04,MSFT,360.249176
2024-01-05,MSFT,360.063171
2024-01-08,MSFT,366.858063
2024-01-09,MSFT,367.93512
2024-01-10,MSFT,374.769196
2024-01-11,MSFT,376.590302
2024-01-12,MSFT,380.350067
2024-01-16,MSFT,382.112427
2024-01-17,MSFT,381.329163
2024-01-18,MSFT,385.637146
2024-01-19,MSFT,390.336853
2024-01-22,MSFT,388.222046
2024-01-23,MSFT,390.562042
2024-01-24,MSFT,394.145538
2024-01-25,MSFT,396.407288
2024-01-26,MSFT,395.486877
2024-01-29,MSFT,401.155853
2024-01-30,MSFT,400.04953
2024-01-31,MSFT,389.269623
2024-02-01,MSFT,395.339996
2024-02-02,MSFT,402.624512
2024-02-05,MSFT,397.170898
2024-02-06,MSFT,397.014282
2024-02-07,MSFT,405.395355
2024-02-08,MSFT,405.454132
2024-02-09,MSFT,411.75946
2024-02-12,MSFT,406.580078
2024-02-13,MSFT,397.826965
2024-02-14,MSFT,401.672089
2024-02-15,MSFT,398.798035
2024-02-16,MSFT,396.345764
2024-02-20,MSFT,395.100067
2024-02-21,MSFT,394.501617
2024-02-22,MSFT,403.790863
2024-02-23,MSFT,402.505859
2024-02-26,MSFT,399.759369
2024-02-27,MSFT,399.7005
2024-02-28,MSFT,399.935913
2024-02-29,MSFT,405.74292
2024-03-01,MSFT,407.567352
2024-03-04,MSFT,406.998413
2024-03-05,MSFT,394.962677
2024-03-06,MSFT,394.413361
2024-03-07,MSFT,401.328796
2024-03-08,MSFT,398.464569
2024-03-11,MSFT,396.796936
2024-03-12,MSFT,407.351593
2024-03-13,MSFT,407.174988
2024-03-14,MSFT,417.101776
2024-03-15,MSFT,408.469788
2024-03-18,MSFT,409.352631
2024-03-19,MSFT,413.364471
2024-03-20,MSFT,417.111633
2024-03-21,MSFT,421.172516
2024-03-22,MSFT,420.554565
2024-03-25,MSFT,414.786865
2024-03-26,MSFT,413.599976
2024-03-27,MSFT,413.384125
2024-03-28,MSFT,412.687683
2024-04-01,MSFT,416.464172
2024-04-02,MSFT,413.393921
2024-04-03,MSFT,412.422913
2024-04-04,MSFT,409.901917
2024-04-05,MSFT,417.396088
2024-04-08,MSFT,416.483856
2024-04-09,MSFT,418.141541
2024-04-10,MSFT,415.17926
2024-04-11,MSFT,419.76001
2024-04-12,MSFT,413.845123
2024-04-15,MSFT,405.74292
2024-04-16,MSFT,406.664917
2024-04-17,MSFT,403.977234
2024-04-18,MSFT,396.551788
2024-04-19,MSFT,391.500061
2024-04-22,MSFT,393.304932
2024-04-23,MSFT,399.788757
2024-04-24,MSFT,401.250305
2024-04-25,MSFT,391.421631
2024-04-26,MSFT,398.562683
2024-04-29,MSFT,394.570312
2024-04-30,MSFT,381.896973
2024-05-01,MSFT,387.399872
2024-05-02,MSFT,390.244537
2024-05-03,MSFT,398.896149
2024-05-06,MSFT,405.644806
2024-05-07,MSFT,401.524963
2024-05-08,MSFT,402.702057
2024-05-09,MSFT,404.44809
2024-05-10,MSFT,406.821899
2024-05-13,MSFT,405.82135
2024-05-14,MSFT,408.607117
2024-05-15,MSFT,415.75119
2024-05-16,MSFT,413.697418
2024-05-17,MSFT,412.930847
2024-05-20,MSFT,417.972046
2024-05-21,MSFT,421.607971
2024-05-22,MSFT,423.062347
2024-05-23,MSFT,419.603271
2024-05-24,MSFT,422.708557
2024-05-28,MSFT,422.865814
2024-05-29,MSFT,421.735718
2024-05-30,MSFT,407.486908
2024-05-31,MSFT,407.938934
2024-06-03,MSFT,406.356781
2024-06-04,MSFT,408.86264
2024-06-05,MSFT,416.665131
2024-06-06,MSFT,417.16626
2024-06-07,MSFT,416.507874
2024-06-10,MSFT,420.458221
2024-06-11,MSFT,425.184937
2024-06-12,MSFT,433.419769
2024-06-13,MSFT,433.930695
2024-06-14,MSFT,434.903534
2024-06-17,MSFT,440.603088
2024-06-18,MSFT,438.608307
2024-06-20,MSFT,437.97934
2024-06-21,MSFT,441.988647
2024-06-24,MSFT,439.915222
2024-06-25,MSFT,443.138397
2024-06-26,MSFT,444.327484
2024-06-27,MSFT,445.005524
2024-06-28,MSFT,439.207733
2024-07-01,MSFT,448.818268
2024-07-02,MSFT,451.324127
2024-07-03,MSFT,452.788269
2024-07-05,MSFT,459.460724
2024-07-08,MSFT,458.163574
2024-07-09,MSFT,451.57962
2024-07-10,MSFT,458.173401
2024-07-11,MSFT,446.823486
2024-07-12,MSFT,445.693359
2024-07-15,MSFT,446.096252
2024-07-16,MSFT,441.733154
2024-07-17,MSFT,435.837097
2024-07-18,MSFT,432.74173
2024-07-19,MSFT,429.538116
2024-07-22,MSFT,435.267181
2024-07-23,MSFT,437.144135
2024-07-24,MSFT,421.470398
2024-07-25,MSFT,411.152252
2024-07-26,MSFT,417.903259
2024-07-29,MSFT,419.337982
2024-07-30,MSFT,415.593994
2024-07-31,MSFT,411.103119
2024-08-01,MSFT,409.884613
2024-08-02,MSFT,401.41391
2024-08-05,MSFT,388.305023
2024-08-06,MSFT,392.687775
2024-08-07,MSFT,391.528229
2024-08-08,MSFT,395.714417
2024-08-09,MSFT,398.986725
2024-08-12,MSFT,399.763031
2024-08-13,MSFT,406.838287
2024-08-14,MSFT,409.638947
2024-08-15,MSFT,414.482422
2024-08-16,MSFT,411.96225
2024-08-19,MSFT,414.97464
2024-08-20,MSFT,418.193787
2024-08-21,MSFT,417.544067
2024-08-22,MSFT,409.087616
2024-08-23,MSFT,410.30835
2024-08-26,MSFT,407.059662
2024-08-27,MSFT,407.404266
2024-08-28,MSFT,404.214691
2024-08-29,MSFT,406.695404
2024-08-30,MSFT,410.652954
2024-09-03,MSFT,403.072632
2024-09-04,MSFT,402.540985
2024-09-05,MSFT,402.038971
2024-09-06,MSFT,395.453094
2024-09-09,MSFT,399.410553
2024-09-10,MSFT,407.758667
2024-09-11,MSFT,416.461182
2024-09-12,MSFT,420.359558
2024-09-13,MSFT,423.893799
2024-09-16,MSFT,424.63208
2024-09-17,MSFT,428.382843
2024-09-18,MSFT,424.110321
2024-09-19,MSFT,431.867767
2024-09-20,MSFT,428.501007
2024-09-23,MSFT,426.768341
2024-09-24,MSFT,422.49585
2024-09-25,MSFT,425.390076
2024-09-26,MSFT,424.60257
2024-09-27,MSFT,421.363708
2024-09-30,MSFT,423.608246
2024-10-01,MSFT,414.147736
2024-10-02,MSFT,410.643036
2024-10-03,MSFT,410.062256
2024-10-04,MSFT,409.589722
2024-10-07,MSFT,403.171112
2024-10-08,MSFT,408.260742
2024-10-09,MSFT,410.967926
2024-10-10,MSFT,409.373138
2024-10-11,MSFT,409.845703
2024-10-14,MSFT,412.621826
2024-10-15,MSFT,412.228088
2024-10-16,MSFT,409.648804
2024-10-17,MSFT,410.239441
2024-10-18,MSFT,411.657043
2024-10-21,MSFT,412.267395
2024-10-22,MSFT,420.861664
2024-10-23,MSFT,417.996948
2024-10-24,MSFT,418.124908
2024-10-25,MSFT,421.491699
2024-10-28,MSFT,419.955963
2024-10-29,MSFT,425.232605
2024-10-30,MSFT,425.80365
2024-10-31,MSFT,400.030701
2024-11-01,MSFT,403.98822
2024-11-04,MSFT,402.10788
2024-11-05,MSFT,405.061218
2024-11-06,MSFT,413.64563
2024-11-07,MSFT,418.813995
2024-11-08,MSFT,415.968964
2024-11-11,MSFT,411.50943
2024-11-12,MSFT,416.451355
2024-11-13,MSFT,418.587616
2024-11-14,MSFT,420.251343
2024-11-15,MSFT,408.546204
2024-11-18,MSFT,409.294403
2024-11-19,MSFT,411.292786
2024-11-20,MSFT,409.028595
2024-11-21,MSFT,407.262878
2024-11-22,MSFT,411.336823
2024-11-25,MSFT,413.102478
2024-11-26,MSFT,422.177551
2024-11-27,MSFT,417.245453
2024-11-29,MSFT,417.709106
2024-12-02,MSFT,425.126984
2024-12-03,MSFT,425.343964
2024-12-04,MSFT,431.479492
2024-12-05,MSFT,436.608856
2024-12-06,MSFT,437.545959
2024-12-09,MSFT,439.962738
2024-12-10,MSFT,437.309235
2024-12-11,MSFT,442.892365
2024-12-12,MSFT,443.45459
2024-12-13,MSFT,441.195679
2024-12-16,MSFT,445.457092
2024-12-17,MSFT,448.288086
2024-12-18,MSFT,431.44989
2024-12-19,MSFT,431.094788
2024-12-20,MSFT,430.670593
2024-12-23,MSFT,429.338928
2024-12-24,MSFT,433.363525
2024-12-26,MSFT,432.160095
2024-12-27,MSFT,424.683044
2024-12-30,MSFT,419.060455
2024-12-31,MSFT,415.775665
2025-01-02,MSFT,412.895264
2025-01-03,MSFT,417.600586
2025-01-06,MSFT,422.039398
2025-01-07,MSFT,416.633881
2025-01-08,MSFT,418.794189
2025-01-10,MSFT,413.260315
2025-01-13,MSFT,411.524261
2025-01-14,MSFT,410.024902
2025-01-15,MSFT,420.520355
2025-01-16,MSFT,418.813843
2025-01-17,MSFT,423.2034
2025-01-21,MSFT,422.680634
2025-01-22,MSFT,440.140259
2025-01-23,MSFT,440.643311
2025-01-24,MSFT,438.029297
2025-01-27,MSFT,428.658295
2025-01-28,MSFT,441.126678
2025-01-29,MSFT,436.322784
2025-01-30,MSFT,409.354065
2025-01-31,MSFT,409.423157
2025-02-03,MSFT,405.339417
2025-02-04,MSFT,406.769684
2025-02-05,MSFT,407.677216
2025-02-06,MSFT,410.172821
2025-02-07,MSFT,404.185242
2025-02-10,MSFT,406.621765
2025-02-11,MSFT,405.852325
2025-02-12,MSFT,403.484924
2025-02-13,MSFT,404.964508
2025-02-14,MSFT,402.88324
2025-02-18,MSFT,404.076752
2025-02-19,MSFT,409.137085
2025-02-20,MSFT,411.301697
2025-02-21,MSFT,403.473572
2025-02-24,MSFT,399.312469
2025-02-25,MSFT,393.283203
2025-02-26,MSFT,395.09198
2025-02-27,MSFT,387.975525
2025-02-28,MSFT,392.383759
2025-03-03,MSFT,383.982361
2025-03-04,MSFT,384.100983
2025-03-05,MSFT,396.366974
2025-03-06,MSFT,392.284943
2025-03-07,MSFT,388.74646
2025-03-10,MSFT,375.749054
2025-03-11,MSFT,376.035675
2025-03-12,MSFT,378.822937
2025-03-13,MSFT,374.375153
2025-03-14,MSFT,384.051575
2025-03-17,MSFT,384.189972
2025-03-18,MSFT,379.070038
2025-03-19,MSFT,383.32019
2025-03-20,MSFT,382.351562
2025-03-21,MSFT,386.720276
2025-03-24,MSFT,388.519104
2025-03-25,MSFT,390.575012
2025-03-26,MSFT,385.445251
2025-03-27,MSFT,386.048096
2025-03-28,MSFT,374.404846
2025-03-31,MSFT,371.034393
2025-04-01,MSFT,377.755493
2025-04-02,MSFT,377.706055
2025-04-03,MSFT,368.780823
2025-04-04,MSFT,355.664795
2025-04-07,MSFT,353.707794
2025-04-08,MSFT,350.446075
2025-04-09,MSFT,385.959167
2025-04-10,MSFT,376.925201
2025-04-11,MSFT,383.942871
2025-04-14,MSFT,383.310272
2025-04-15,MSFT,381.254395
2025-04-16,MSFT,367.298218
2025-04-17,MSFT,363.512695
2025-04-21,MSFT,354.953156
2025-04-22,MSFT,362.563843
2025-04-23,MSFT,370.04599
2025-04-24,MSFT,382.806183
2025-04-25,MSFT,387.303406
2025-04-28,MSFT,386.621399
2025-04-29,MSFT,389.467987
2025-04-30,MSFT,390.673828
2025-05-01,MSFT,420.464111
2025-05-02,MSFT,430.229492
2025-05-05,MSFT,431.109192
2025-05-06,MSFT,428.282379
2025-05-07,MSFT,428.321869
2025-05-08,MSFT,433.085968
2025-05-09,MSFT,433.639465
2025-05-12,MSFT,444.047302
2025-05-13,MSFT,443.928711
2025-05-14,MSFT,447.684601
2025-05-15,MSFT,448.694611
2025-05-16,MSFT,449.823425
2025-05-19,MSFT,454.378448
2025-05-20,MSFT,453.685303
2025-05-21,MSFT,448.140106
2025-05-22,MSFT,450.407654
2025-05-23,MSFT,445.773468
2025-05-27,MSFT,456.180603
2025-05-28,MSFT,452.883148
2025-05-29,MSFT,454.190277
2025-05-30,MSFT,455.85379
2025-06-02,MSFT,457.44809
2025-06-03,MSFT,458.438293
2025-06-04,MSFT,459.329468
2025-06-05,MSFT,463.102173
2025-06-06,MSFT,465.775726
2025-06-09,MSFT,468.122559
2025-06-10,MSFT,466.310486
2025-06-11,MSFT,467.993835
2025-06-12,MSFT,474.182617
2025-06-13,MSFT,470.310913
2025-06-16,MSFT,474.450012
2025-06-17,MSFT,473.360779
2025-06-18,MSFT,475.539276
2025-06-20,MSFT,472.72702
2025-06-23,MSFT,481.242859
2025-06-24,MSFT,485.312592
2025-06-25,MSFT,487.451477
2025-06-26,MSFT,492.580841
2025-06-27,MSFT,491.085571
2025-06-30,MSFT,492.541168
2025-07-01,MSFT,487.233612
2025-07-02,MSFT,486.28302
2025-07-03,MSFT,493.957184
2025-07-07,MSFT,492.848145
2025-07-08,MSFT,491.758881
2025-07-09,MSFT,498.581451
2025-07-10,MSFT,496.57132
2025-07-11,MSFT,498.393341
2025-07-14,MSFT,498.096222
2025-07-15,MSFT,500.868866
2025-07-16,MSFT,500.670807
2025-07-17,MSFT,506.691284
2025-07-18,MSFT,505.057434
2025-07-21,MSFT,505.067352
2025-07-22,MSFT,500.324219
2025-07-23,MSFT,500.918365
2025-07-24,MSFT,505.879333
2025-07-25,MSFT,508.681641
2025-07-28,MSFT,507.483459
2025-07-29,MSFT,507.552765
2025-07-30,MSFT,508.216217
2025-07-31,MSFT,528.277893
2025-08-01,MSFT,518.979797
2025-08-04,MSFT,530.396973
2025-08-05,MSFT,522.584167
2025-08-06,MSFT,519.801697
2025-08-07,MSFT,515.741821
2025-08-08,MSFT,516.930054
2025-08-11,MSFT,516.662781
2025-08-12,MSFT,524.05957
2025-08-13,MSFT,515.484436
2025-08-14,MSFT,517.365784
2025-08-15,MSFT,515.078369
2025-08-18,MSFT,512.038452
2025-08-19,MSFT,504.780151
2025-08-20,MSFT,500.769836
2025-08-21,MSFT,500.125122
2025-08-22,MSFT,503.090759
2025-08-25,MSFT,500.144989
2025-08-26,MSFT,497.943085
2025-08-27,MSFT,502.604736
2025-08-28,MSFT,505.481079
2025-08-29,MSFT,502.555145
2025-09-02,MSFT,500.997925
2025-09-03,MSFT,501.226044
2025-09-04,MSFT,503.824707
2025-09-05,MSFT,490.960541
2025-09-08,MSFT,494.13446
2025-09-09,MSFT,494.342712
2025-09-10,MSFT,496.286713
2025-09-11,MSFT,496.921509
2025-09-12,MSFT,505.738953
2025-09-15,MSFT,511.154388
2025-09-16,MSFT,504.885956
2025-09-17,MSFT,505.857971
2025-09-18,MSFT,504.300781
2025-09-19,MSFT,513.70343
2025-09-22,MSFT,510.251831
2025-09-23,MSFT,505.074432
2025-09-24,MSFT,505.986908
2025-09-25,MSFT,502.892365
2025-09-26,MSFT,507.286194
2025-09-29,MSFT,510.400574
2025-09-30,MSFT,513.723267
2025-10-01,MSFT,515.468872
2025-10-02,MSFT,511.531311
2025-10-03,MSFT,513.128113
2025-10-06,MSFT,524.256592
2025-10-07,MSFT,519.704041
2025-10-08,MSFT,520.566956
2025-10-09,MSFT,518.136963
2025-10-10,MSFT,506.790283
2025-10-13,MSFT,509.855103
2025-10-14,MSFT,509.378967
2025-10-15,MSFT,509.240173
2025-10-16,MSFT,507.434967
2025-10-17,MSFT,509.388947
2025-10-20,MSFT,512.572754
2025-10-21,MSFT,513.435608
2025-10-22,MSFT,516.292053
2025-10-23,MSFT,516.311951
2025-10-24,MSFT,519.337097
2025-10-27,MSFT,527.182556
2025-10-28,MSFT,537.646362
2025-10-29,MSFT,537.130615
2025-10-30,MSFT,521.469543
2025-10-31,MSFT,513.584351
2025-11-03,MSFT,512.81073
2025-11-04,MSFT,510.132782
2025-11-05,MSFT,503.021332
2025-11-06,MSFT,493.043396
2025-11-07,MSFT,492.765686
2025-11-10,MSFT,501.870789
2025-11-11,MSFT,504.5289
2025-11-12,MSFT,506.968811
2025-11-13,MSFT,499.182892
2025-11-14,MSFT,506.016663
2025-11-17,MSFT,503.348602
2025-11-18,MSFT,489.760437
2025-11-19,MSFT,483.144867
2025-11-20,MSFT,475.41391
2025-11-21,MSFT,469.143646
2025-11-24,MSFT,471.011841
2025-11-25,MSFT,473.982941
2025-11-26,MSFT,482.439301
2025-11-28,MSFT,488.908295
2025-12-01,MSFT,483.671478
2025-12-02,MSFT,486.91095
2025-12-03,MSFT,474.718292
2025-12-04,MSFT,477.808685
2025-12-05,MSFT,480.114075
2025-12-08,MSFT,487.92453
2025-12-09,MSFT,488.918182
2025-12-10,MSFT,475.54306
2025-12-11,MSFT,480.422119
2025-12-12,MSFT,475.513245
2025-12-15,MSFT,471.82666
2025-12-16,MSFT,473.38678
2025-12-17,MSFT,473.118439
2025-12-18,MSFT,480.928894
2025-12-19,MSFT,482.856659
2025-12-22,MSFT,481.863007
2025-12-23,MSFT,483.780823
2025-12-24,MSFT,484.94342
2025-12-26,MSFT,484.635406
2025-12-29,MSFT,484.029236
2025-12-30,MSFT,484.40686
2025-12-31,MSFT,480.571167
2026-01-02,MSFT,469.958496
2026-01-05,MSFT,469.86908
2026-01-06,MSFT,475.493408
2026-01-07,MSFT,480.422119
2026-01-08,MSFT,475.095886
2026-01-09,MSFT,476.258514
2026-01-12,MSFT,474.171753
2026-01-13,MSFT,467.70282
2026-01-14,MSFT,456.484009
2026-01-15,MSFT,453.781158
2026-01-16,MSFT,456.960968
2026-01-20,MSFT,451.654602
2026-01-21,MSFT,441.310211
2026-01-22,MSFT,448.295929
2026-01-23,MSFT,463.012573
2026-01-26,MSFT,467.315247
2026-01-27,MSFT,477.550354
2026-01-28,MSFT,478.593689
2026-01-29,MSFT,430.767151
2026-01-30,MSFT,427.577362
2026-02-02,MSFT,420.701019
2026-02-03,MSFT,408.617645
2026-02-04,MSFT,411.578888
2026-02-05,MSFT,391.188232
2026-02-06,MSFT,398.611145
2026-02-09,MSFT,410.992584
2026-02-10,MSFT,410.664673
2026-02-11,MSFT,401.82074
2026-02-12,MSFT,399.306702
2026-02-13,MSFT,398.790009
2026-02-17,MSFT,394.358124
2026-02-18,MSFT,397.080841
2026-02-19,MSFT,396.851776
2026-02-20,MSFT,395.62674
2026-02-23,MSFT,382.918213
2026-02-24,MSFT,387.429962
2026-02-25,MSFT,398.983124
2026-02-26,MSFT,400.098602
2026-02-27,MSFT,391.154846
2026-03-02,MSFT,396.941376
2026-03-03,MSFT,402.299683
2026-03-04,MSFT,403.564575
2026-03-05,MSFT,409.02243
2026-03-06,MSFT,407.309387
2026-03-09,MSFT,407.757568
2026-03-10,MSFT,404.122314
2026-03-11,MSFT,403.24585
2026-03-12,MSFT,400.238037
2026-03-13,MSFT,393.953491
2026-03-16,MSFT,398.335754
2026-03-17,MSFT,397.797913
2026-03-18,MSFT,390.20871
2026-03-19,MSFT,387.44986
2026-03-20,MSFT,380.328735
2026-03-23,MSFT,381.454193
2026-03-24,MSFT,371.235565
2026-03-25,MSFT,369.54245
2026-03-26,MSFT,364.49292
2026-03-27,MSFT,355.330017
2026-03-30,MSFT,357.511169
2026-03-31,MSFT,368.675964
2026-04-01,MSFT,367.879181
2026-04-02,MSFT,371.952667
2026-04-06,MSFT,371.375
2026-04-07,MSFT,370.787415
2026-04-08,MSFT,372.819153
2026-04-09,MSFT,371.56427
2026-04-10,MSFT,369.373138
2026-04-13,MSFT,382.818634
2026-04-14,MSFT,391.523346
2026-04-15,MSFT,409.560272
2026-04-16,MSFT,418.563782
2026-04-17,MSFT,421.083588
2026-04-20,MSFT,416.382629
2026-04-21,MSFT,422.448059
2026-04-22,MSFT,431.172699
2026-04-23,MSFT,414.07196
2026-04-24,MSFT,422.906189
2026-04-27,MSFT,423.105377
2026-04-28,MSFT,427.517487
2026-04-29,MSFT,422.746796
2026-04-30,MSFT,406.134155
2026-05-01,MSFT,412.767273
2026-05-04,MSFT,411.950562
2026-05-05,MSFT,409.719635
2026-05-06,MSFT,412.289185
2026-05-07,MSFT,419.071716
2026-05-08,MSFT,413.444519
2026-05-11,MSFT,410.994446
2026-05-12,MSFT,406.124176
2026-05-13,MSFT,403.574524
2026-05-14,MSFT,407.777496
2026-05-15,MSFT,420.217072
2026-05-18,MSFT,421.830566
2026-05-19,MSFT,415.73526
2026-05-20,MSFT,419.360535
2026-05-21,MSFT,418.302521
2026-05-22,MSFT,417.783539
2026-05-26,MSFT,415.248291
2026-05-27,MSFT,411.894623
2026-05-28,MSFT,426.187683
2026-05-29,MSFT,449.394012
2026-06-01,MSFT,459.654694
2026-06-02,MSFT,440.480774
2026-06-03,MSFT,426.537048
2026-06-04,MSFT,427.245697
2026-06-05,MSFT,415.887085
2026-06-08,MSFT,410.966339
2026-06-09,MSFT,402.652008
2026-06-10,MSFT,396.613342
2026-06-11,MSFT,389.606567
2026-06-12,MSFT,390.005798
2026-06-15,MSFT,399.008881
2026-06-16,MSFT,393.089996
2026-06-17,MSFT,378.198029
2026-06-18,MSFT,378.687103
2026-06-22,MSFT,366.64978
2026-06-23,MSFT,373.237366
2026-06-24,MSFT,364.773315
2026-06-25,MSFT,352.167023
2026-06-26,MSFT,372.269196
2026-06-29,MSFT,367.877472
2026-06-30,MSFT,372.319092
2026-07-01,MSFT,383.557953
2026-07-02,MSFT,389.756256
2026-07-06,MSFT,386.013306
2026-07-07,MSFT,388.109375
2026-07-08,MSFT,382.61972
2026-07-09,MSFT,383.637787
2026-07-10,MSFT,384.376404
2026-07-13,MSFT,390.255341
2026-07-14,MSFT,384.206726
2026-07-15,MSFT,394.886627
2026-07-16,MSFT,400.346344
2026-07-17,MSFT,393.080017
2026-07-20,MSFT,401.534119
2026-07-21,MSFT,397.002625
2026-07-22,MSFT,389.606567
2026-07-23,MSFT,380.863007
2026-07-24,MSFT,380.982819
2026-07-27,MSFT,388.368896
2026-07-28,MSFT,392.610901
2026-07-29,MSFT,389.806183
2026-07-30,MSFT,450.252411
2026-07-31,MSFT,463.846802
2026-08-03,MSFT,486.733704
2026-08-04,MSFT,491.884033
2026-08-05,MSFT,486.544067
2026-08-06,MSFT,498.920746
2026-08-07,MSFT,499.050507
2026-08-10,MSFT,505.109131
2026-08-11,MSFT,502.863342
2026-08-12,MSFT,491.50473
2026-08-13,MSFT,495.946381
2026-08-14,MSFT,494.469147
2026-08-17,MSFT,479.447449
2026-08-18,MSFT,480.725037
2026-08-19,MSFT,483.399994
2026-08-20,MSFT,481.149994
2026-08-21,MSFT,483.23999
2026-08-24,MSFT,487.309998
2026-08-25,MSFT,491.709991
2026-08-26,MSFT,496.369995
2026-08-27,MSFT,505.059998
2026-08-28,MSFT,513.530029
2026-08-31,MSFT,507.290009
2026-09-01,MSFT,501.019989
2026-09-02,MSFT,496.820007
2026-09-03,MSFT,510.119995
2026-09-04,MSFT,499.700012
2026-09-08,MSFT,493.950012
2026-09-09,MSFT,491.649994
2026-09-10,MSFT,492.440002
2026-09-11,MSFT,495.630005
2026-09-14,MSFT,505.410004
2026-09-15,MSFT,497.119995
2026-09-16,MSFT,490.299988
2026-09-17,MSFT,497.75
2026-09-18,MSFT,493.779999
2026-09-21,MSFT,501.609985
2026-09-22,MSFT,498.0
2026-09-23,MSFT,500.589996
2026-09-24,MSFT,497.929993
2026-09-25,MSFT,516.169983
2026-09-28,MSFT,509.220001
2026-09-29,MSFT,508.959991
2026-09-30,MSFT,512.900024
2026-10-01,MSFT,512.799988
2021-10-04,NVDA,19.645466
2021-10-05,NVDA,20.361317
2021-10-06,NVDA,20.609222
2021-10-07,NVDA,20.982576
2021-10-08,NVDA,20.739649
2021-10-11,NVDA,20.604246
2021-10-12,NVDA,20.580353
2021-10-13,NVDA,20.84717
2021-10-14,NVDA,21.650637
2021-10-15,NVDA,21.766129
2021-10-18,NVDA,22.124554
2021-10-19,NVDA,22.192251
2021-10-20,NVDA,22.006069
2021-10-21,NVDA,22.592489
2021-10-22,NVDA,22.626343
2021-10-25,NVDA,23.064407
2021-10-26,NVDA,24.608608
2021-10-27,NVDA,24.343781
2021-10-28,NVDA,24.831623
2021-10-29,NVDA,25.454878
2021-11-01,NVDA,25.713741
2021-11-02,NVDA,26.285223
2021-11-03,NVDA,26.481363
2021-11-04,NVDA,29.670313
2021-11-05,NVDA,29.621525
2021-11-08,NVDA,30.668915
2021-11-09,NVDA,30.52256
2021-11-10,NVDA,29.329815
2021-11-11,NVDA,30.256727
2021-11-12,NVDA,30.256727
2021-11-15,NVDA,29.89333
2021-11-16,NVDA,30.070549
2021-11-17,NVDA,29.132685
2021-11-18,NVDA,31.536097
2021-11-19,NVDA,32.840343
2021-11-22,NVDA,31.815863
2021-11-23,NVDA,31.606779
2021-11-24,NVDA,32.530708
2021-11-26,NVDA,31.364847
2021-11-29,NVDA,33.229637
2021-11-30,NVDA,32.532703
2021-12-01,NVDA,31.300978
2021-12-02,NVDA,31.989038
2021-12-03,NVDA,30.562143
2021-12-06,NVDA,29.908941
2021-12-07,NVDA,32.28875
2021-12-08,NVDA,31.690315
2021-12-09,NVDA,30.360014
2021-12-10,NVDA,30.069256
2021-12-13,NVDA,28.040936
2021-12-14,NVDA,28.21619
2021-12-15,NVDA,30.329144
2021-12-16,NVDA,28.265972
2021-12-17,NVDA,27.68247
2021-12-20,NVDA,27.600821
2021-12-21,NVDA,28.951042
2021-12-22,NVDA,29.274658
2021-12-23,NVDA,29.513632
2021-12-27,NVDA,30.813068
2021-12-28,NVDA,30.192724
2021-12-29,NVDA,29.873096
2021-12-30,NVDA,29.459862
2021-12-31,NVDA,29.285608
2022-01-03,NVDA,29.99258
2022-01-04,NVDA,29.165129
2022-01-05,NVDA,27.486311
2022-01-06,NVDA,28.057869
2022-01-07,NVDA,27.130836
2022-01-10,NVDA,27.283188
2022-01-11,NVDA,27.6984
2022-01-12,NVDA,27.879631
2022-01-13,NVDA,26.461706
2022-01-14,NVDA,26.827133
2022-01-18,NVDA,25.79257
2022-01-19,NVDA,24.960127
2022-01-20,NVDA,24.047037
2022-01-21,NVDA,23.274351
2022-01-24,NVDA,23.272356
2022-01-25,NVDA,22.228825
2022-01-26,NVDA,22.67491
2022-01-27,NVDA,21.850451
2022-01-28,NVDA,22.742624
2022-01-31,NVDA,24.381607
2022-02-01,NVDA,24.532961
2022-02-02,NVDA,25.134384
2022-02-03,NVDA,23.845901
2022-02-04,NVDA,24.215319
2022-02-07,NVDA,24.622572
2022-02-08,NVDA,25.000956
2022-02-09,NVDA,26.591145
2022-02-10,NVDA,25.713903
2022-02-11,NVDA,23.846895
2022-02-14,NVDA,24.163542
2022-02-15,NVDA,26.382038
2022-02-16,NVDA,26.397974
2022-02-17,NVDA,24.402517
2022-02-18,NVDA,23.541203
2022-02-22,NVDA,23.290279
2022-02-23,NVDA,22.291553
2022-02-24,NVDA,23.646751
2022-02-25,NVDA,24.054008
2022-02-28,NVDA,24.281036
2022-03-01,NVDA,23.376907
2022-03-02,NVDA,24.12085
2022-03-03,NVDA,23.616922
2022-03-04,NVDA,22.842106
2022-03-07,NVDA,21.264589
2022-03-08,NVDA,21.425926
2022-03-09,NVDA,22.919783
2022-03-10,NVDA,22.565241
2022-03-11,NVDA,22.009527
2022-03-14,NVDA,21.24268
2022-03-15,NVDA,22.87895
2022-03-16,NVDA,24.395721
2022-03-17,NVDA,24.664614
2022-03-18,NVDA,26.344707
2022-03-21,NVDA,26.624563
2022-03-22,NVDA,26.415419
2022-03-23,NVDA,25.529062
2022-03-24,NVDA,28.034761
2022-03-25,NVDA,27.578638
2022-03-28,NVDA,28.103481
2022-03-29,NVDA,28.538691
2022-03-30,NVDA,27.576647
2022-03-31,NVDA,27.174303
2022-04-01,NVDA,26.602652
2022-04-04,NVDA,27.247999
2022-04-05,NVDA,25.824844
2022-04-06,NVDA,24.307085
2022-04-07,NVDA,24.108896
2022-04-08,NVDA,23.024355
2022-04-11,NVDA,21.827276
2022-04-12,NVDA,21.415966
2022-04-13,NVDA,22.112104
2022-04-14,NVDA,21.170975
2022-04-18,NVDA,21.693829
2022-04-19,NVDA,22.107128
2022-04-20,NVDA,21.39406
2022-04-21,NVDA,20.100374
2022-04-22,NVDA,19.435106
2022-04-25,NVDA,19.82053
2022-04-26,NVDA,18.71109
2022-04-27,NVDA,18.339617
2022-04-28,NVDA,19.701015
2022-04-29,NVDA,18.471077
2022-05-02,NVDA,19.453043
2022-05-03,NVDA,19.521753
2022-05-04,NVDA,20.250755
2022-05-05,NVDA,18.766859
2022-05-06,NVDA,18.598553
2022-05-09,NVDA,16.880615
2022-05-10,NVDA,17.522972
2022-05-11,NVDA,16.561918
2022-05-12,NVDA,16.108786
2022-05-13,NVDA,17.633516
2022-05-16,NVDA,17.193327
2022-05-17,NVDA,18.102589
2022-05-18,NVDA,16.868654
2022-05-19,NVDA,17.0539
2022-05-20,NVDA,16.62566
2022-05-23,NVDA,16.828827
2022-05-24,NVDA,16.08787
2022-05-25,NVDA,16.905504
2022-05-26,NVDA,17.777922
2022-05-27,NVDA,18.733994
2022-05-31,NVDA,18.595566
2022-06-01,NVDA,18.245003
2022-06-02,NVDA,19.511795
2022-06-03,NVDA,18.643364
2022-06-06,NVDA,18.709099
2022-06-07,NVDA,18.848528
2022-06-08,NVDA,18.57559
2022-06-09,NVDA,17.977915
2022-06-10,NVDA,16.908085
2022-06-13,NVDA,15.58624
2022-06-14,NVDA,15.774507
2022-06-15,NVDA,16.462826
2022-06-16,NVDA,15.540419
2022-06-17,NVDA,15.818336
2022-06-21,NVDA,16.501669
2022-06-22,NVDA,16.296471
2022-06-23,NVDA,16.161999
2022-06-24,NVDA,17.059494
2022-06-27,NVDA,16.803493
2022-06-28,NVDA,15.919938
2022-06-29,NVDA,15.481647
2022-06-30,NVDA,15.100131
2022-07-01,NVDA,14.466603
2022-07-05,NVDA,14.905893
2022-07-06,NVDA,15.071247
2022-07-07,NVDA,15.796421
2022-07-08,NVDA,15.7765
2022-07-11,NVDA,15.093165
2022-07-12,NVDA,15.023433
2022-07-13,NVDA,15.105116
2022-07-14,NVDA,15.312308
2022-07-15,NVDA,15.700793
2022-07-18,NVDA,16.038475
2022-07-19,NVDA,16.926018
2022-07-20,NVDA,17.737854
2022-07-21,NVDA,17.979906
2022-07-22,NVDA,17.251747
2022-07-25,NVDA,16.957897
2022-07-26,NVDA,16.468798
2022-07-27,NVDA,17.720917
2022-07-28,NVDA,17.914164
2022-07-29,NVDA,18.092466
2022-08-01,NVDA,18.36939
2022-08-02,NVDA,18.454058
2022-08-03,NVDA,18.819635
2022-08-04,NVDA,19.140383
2022-08-05,NVDA,18.915262
2022-08-08,NVDA,17.723902
2022-08-09,NVDA,17.01965
2022-08-10,NVDA,18.026728
2022-08-11,NVDA,17.872328
2022-08-12,NVDA,18.636349
2022-08-15,NVDA,18.958096
2022-08-16,NVDA,18.805685
2022-08-17,NVDA,18.263803
2022-08-18,NVDA,18.700098
2022-08-19,NVDA,17.779692
2022-08-22,NVDA,16.967855
2022-08-23,NVDA,17.114285
2022-08-24,NVDA,17.155125
2022-08-25,NVDA,17.843441
2022-08-26,NVDA,16.196859
2022-08-29,NVDA,15.739641
2022-08-30,NVDA,15.407934
2022-08-31,NVDA,15.035387
2022-09-01,NVDA,13.882881
2022-09-02,NVDA,13.594006
2022-09-06,NVDA,13.41271
2022-09-07,NVDA,13.664804
2022-09-08,NVDA,13.939813
2022-09-09,NVDA,14.335391
2022-09-12,NVDA,14.452969
2022-09-13,NVDA,13.083896
2022-09-14,NVDA,13.080908
2022-09-15,NVDA,12.882622
2022-09-16,NVDA,13.150655
2022-09-19,NVDA,13.333997
2022-09-20,NVDA,13.128736
2022-09-21,NVDA,13.213429
2022-09-22,NVDA,12.515941
2022-09-23,NVDA,12.471103
2022-09-26,NVDA,12.184137
2022-09-27,NVDA,12.368471
2022-09-28,NVDA,12.690315
2022-09-29,NVDA,12.176165
2022-09-30,NVDA,12.095453
2022-10-03,NVDA,12.467116
2022-10-04,NVDA,13.119768
2022-10-05,NVDA,13.161616
2022-10-06,NVDA,13.082898
2022-10-07,NVDA,12.032681
2022-10-10,NVDA,11.628138
2022-10-11,NVDA,11.54444
2022-10-12,NVDA,11.458749
2022-10-13,NVDA,11.917097
2022-10-14,NVDA,11.186726
2022-10-17,NVDA,11.845355
2022-10-18,NVDA,11.924074
2022-10-19,NVDA,12.007771
2022-10-20,NVDA,12.150258
2022-10-21,NVDA,12.421282
2022-10-24,NVDA,12.553803
2022-10-25,NVDA,13.213429
2022-10-26,NVDA,12.849739
2022-10-27,NVDA,13.128736
2022-10-28,NVDA,13.784374
2022-10-31,NVDA,13.448583
2022-11-01,NVDA,13.494418
2022-11-02,NVDA,13.171579
2022-11-03,NVDA,13.372855
2022-11-04,NVDA,14.105219
2022-11-07,NVDA,14.249699
2022-11-08,NVDA,14.549621
2022-11-09,NVDA,13.726583
2022-11-10,NVDA,15.693502
2022-11-11,NVDA,16.268431
2022-11-14,NVDA,16.236547
2022-11-15,NVDA,16.60622
2022-11-16,NVDA,15.852928
2022-11-17,NVDA,15.620764
2022-11-18,NVDA,15.353724
2022-11-21,NVDA,15.262054
2022-11-22,NVDA,15.980472
2022-11-23,NVDA,16.459743
2022-11-25,NVDA,16.211637
2022-11-28,NVDA,15.770225
2022-11-29,NVDA,15.5829
2022-11-30,NVDA,16.86661
2022-12-01,NVDA,17.077902
2022-12-02,NVDA,16.819763
2022-12-05,NVDA,16.554653
2022-12-06,NVDA,15.933727
2022-12-07,NVDA,16.066282
2022-12-08,NVDA,17.111792
2022-12-09,NVDA,16.944345
2022-12-12,NVDA,17.476568
2022-12-13,NVDA,18.01178
2022-12-14,NVDA,17.615103
2022-12-15,NVDA,16.89551
2022-12-16,NVDA,16.515779
2022-12-19,NVDA,16.199837
2022-12-20,NVDA,16.031399
2022-12-21,NVDA,16.446012
2022-12-22,NVDA,15.287887
2022-12-23,NVDA,15.15533
2022-12-27,NVDA,14.073946
2022-12-28,NVDA,13.98923
2022-12-29,NVDA,14.55434
2022-12-30,NVDA,14.565303
2023-01-03,NVDA,14.267298
2023-01-04,NVDA,14.699852
2023-01-05,NVDA,14.217468
2023-01-06,NVDA,14.809488
2023-01-09,NVDA,15.575924
2023-01-10,NVDA,15.855988
2023-01-11,NVDA,15.94768
2023-01-12,NVDA,16.45598
2023-01-13,NVDA,16.842686
2023-01-17,NVDA,17.643009
2023-01-18,NVDA,17.319096
2023-01-19,NVDA,16.709133
2023-01-20,NVDA,17.779558
2023-01-23,NVDA,19.129045
2023-01-24,NVDA,19.200804
2023-01-25,NVDA,19.25861
2023-01-26,NVDA,19.736013
2023-01-27,NVDA,20.297138
2023-01-30,NVDA,19.09815
2023-01-31,NVDA,19.471895
2023-02-01,NVDA,20.873211
2023-02-02,NVDA,21.636658
2023-02-03,NVDA,21.029692
2023-02-06,NVDA,21.018721
2023-02-07,NVDA,22.099113
2023-02-08,NVDA,22.131006
2023-02-09,NVDA,22.262562
2023-02-10,NVDA,21.194139
2023-02-13,NVDA,21.715397
2023-02-14,NVDA,22.894455
2023-02-15,NVDA,22.688143
2023-02-16,NVDA,21.928684
2023-02-17,NVDA,21.31673
2023-02-21,NVDA,20.586174
2023-02-22,NVDA,20.684839
2023-02-23,NVDA,23.585146
2023-02-24,NVDA,23.208403
2023-02-27,NVDA,23.422686
2023-02-28,NVDA,23.138638
2023-03-01,NVDA,22.622362
2023-03-02,NVDA,23.236311
2023-03-03,NVDA,23.810392
2023-03-06,NVDA,23.475517
2023-03-07,NVDA,23.214338
2023-03-08,NVDA,24.104515
2023-03-09,NVDA,23.361872
2023-03-10,NVDA,22.892363
2023-03-13,NVDA,22.893356
2023-03-14,NVDA,23.986889
2023-03-15,NVDA,24.151371
2023-03-16,NVDA,25.460213
2023-03-17,NVDA,25.643627
2023-03-20,NVDA,25.818079
2023-03-21,NVDA,26.116131
2023-03-22,NVDA,26.384281
2023-03-23,NVDA,27.104994
2023-03-24,NVDA,26.694294
2023-03-27,NVDA,26.447083
2023-03-28,NVDA,26.326466
2023-03-29,NVDA,26.898649
2023-03-30,NVDA,27.296389
2023-03-31,NVDA,27.689142
2023-04-03,NVDA,27.876547
2023-04-04,NVDA,27.366165
2023-04-05,NVDA,26.795977
2023-04-06,NVDA,26.951485
2023-04-10,NVDA,27.491766
2023-04-11,NVDA,27.083065
2023-04-12,NVDA,26.411196
2023-04-13,NVDA,26.379297
2023-04-14,NVDA,26.673365
2023-04-17,NVDA,26.916594
2023-04-18,NVDA,27.579489
2023-04-19,NVDA,27.842653
2023-04-20,NVDA,27.01827
2023-04-21,NVDA,27.033224
2023-04-24,NVDA,26.956467
2023-04-25,NVDA,26.158001
2023-04-26,NVDA,26.870737
2023-04-27,NVDA,27.139883
2023-04-28,NVDA,27.661234
2023-05-01,NVDA,28.818556
2023-05-02,NVDA,28.120771
2023-05-03,NVDA,27.714058
2023-05-04,NVDA,27.474823
2023-05-05,NVDA,28.589285
2023-05-08,NVDA,29.058794
2023-05-09,NVDA,28.480631
2023-05-10,NVDA,28.793636
2023-05-11,NVDA,28.487602
2023-05-12,NVDA,28.250359
2023-05-15,NVDA,28.861422
2023-05-16,NVDA,29.1206
2023-05-17,NVDA,30.082544
2023-05-18,NVDA,31.577801
2023-05-19,NVDA,31.165115
2023-05-22,NVDA,31.077389
2023-05-23,NVDA,30.590933
2023-05-24,NVDA,30.44141
2023-05-25,NVDA,37.859863
2023-05-26,NVDA,38.822815
2023-05-30,NVDA,39.984127
2023-05-31,NVDA,37.714333
2023-06-01,NVDA,39.644207
2023-06-02,NVDA,39.202606
2023-06-05,NVDA,39.047104
2023-06-06,NVDA,38.531734
2023-06-07,NVDA,37.360332
2023-06-08,NVDA,38.392166
2023-06-09,NVDA,38.651375
2023-06-12,NVDA,39.361195
2023-06-13,NVDA,40.896481
2023-06-14,NVDA,42.865437
2023-06-15,NVDA,42.522495
2023-06-16,NVDA,42.561375
2023-06-20,NVDA,43.673954
2023-06-21,NVDA,42.913288
2023-06-22,NVDA,42.893356
2023-06-23,NVDA,42.079849
2023-06-26,NVDA,40.507671
2023-06-27,NVDA,41.747868
2023-06-28,NVDA,40.991199
2023-06-29,NVDA,40.69709
2023-06-30,NVDA,42.172558
2023-07-03,NVDA,42.283222
2023-07-05,NVDA,42.187519
2023-07-06,NVDA,41.974174
2023-07-07,NVDA,42.372948
2023-07-10,NVDA,42.05093
2023-07-11,NVDA,42.275242
2023-07-12,NVDA,43.767673
2023-07-13,NVDA,45.836323
2023-07-14,NVDA,45.329872
2023-07-17,NVDA,46.318836
2023-07-18,NVDA,47.348671
2023-07-19,NVDA,46.932953
2023-07-20,NVDA,45.380714
2023-07-21,NVDA,44.173424
2023-07-24,NVDA,44.475494
2023-07-25,NVDA,45.539234
2023-07-26,NVDA,45.312923
2023-07-27,NVDA,45.759556
2023-07-28,NVDA,46.606956
2023-07-31,NVDA,46.586018
2023-08-01,NVDA,46.364697
2023-08-02,NVDA,44.133545
2023-08-03,NVDA,44.378784
2023-08-04,NVDA,44.543285
2023-08-07,NVDA,45.278034
2023-08-08,NVDA,44.527336
2023-08-09,NVDA,42.423798
2023-08-10,NVDA,42.258297
2023-08-11,NVDA,40.729992
2023-08-14,NVDA,43.619118
2023-08-15,NVDA,43.805553
2023-08-16,NVDA,43.352947
2023-08-17,NVDA,43.211372
2023-08-18,NVDA,43.166512
2023-08-21,NVDA,46.823292
2023-08-22,NVDA,45.528259
2023-08-23,NVDA,46.971832
2023-08-24,NVDA,47.018684
2023-08-25,NVDA,45.877197
2023-08-28,NVDA,46.691692
2023-08-29,NVDA,48.634727
2023-08-30,NVDA,49.113262
2023-08-31,NVDA,49.203976
2023-09-01,NVDA,48.360565
2023-09-05,NVDA,48.399448
2023-09-06,NVDA,46.920864
2023-09-07,NVDA,46.10331
2023-09-08,NVDA,45.436295
2023-09-11,NVDA,45.043472
2023-09-12,NVDA,44.736389
2023-09-13,NVDA,45.34956
2023-09-14,NVDA,45.445274
2023-09-15,NVDA,43.769283
2023-09-18,NVDA,43.835079
2023-09-19,NVDA,43.390408
2023-09-20,NVDA,42.11322
2023-09-21,NVDA,40.894855
2023-09-22,NVDA,41.486095
2023-09-25,NVDA,42.096275
2023-09-26,NVDA,41.786194
2023-09-27,NVDA,42.341541
2023-09-28,NVDA,42.960701
2023-09-29,NVDA,43.369476
2023-10-02,NVDA,44.648651
2023-10-03,NVDA,43.387417
2023-10-04,NVDA,43.909863
2023-10-05,NVDA,44.554932
2023-10-06,NVDA,45.625736
2023-10-09,NVDA,45.138191
2023-10-10,NVDA,45.661621
2023-10-11,NVDA,46.66663
2023-10-12,NVDA,46.805206
2023-10-13,NVDA,45.325634
2023-10-16,NVDA,45.957745
2023-10-17,NVDA,43.807167
2023-10-18,NVDA,42.070354
2023-10-19,NVDA,41.975639
2023-10-20,NVDA,41.263763
2023-10-23,NVDA,42.847031
2023-10-24,NVDA,43.532978
2023-10-25,NVDA,41.654594
2023-10-26,NVDA,40.205925
2023-10-27,NVDA,40.379402
2023-10-30,NVDA,41.038433
2023-10-31,NVDA,40.658566
2023-11-01,NVDA,42.198967
2023-11-02,NVDA,43.376461
2023-11-03,NVDA,44.870987
2023-11-06,NVDA,45.614769
2023-11-07,NVDA,45.818161
2023-11-08,NVDA,46.435318
2023-11-09,NVDA,46.810196
2023-11-10,NVDA,48.191063
2023-11-13,NVDA,48.47522
2023-11-14,NVDA,49.508141
2023-11-15,NVDA,48.742428
2023-11-16,NVDA,49.332664
2023-11-17,NVDA,49.151207
2023-11-20,NVDA,50.258896
2023-11-21,NVDA,49.795277
2023-11-22,NVDA,48.570942
2023-11-24,NVDA,47.633739
2023-11-27,NVDA,48.098354
2023-11-28,NVDA,47.678608
2023-11-29,NVDA,47.996655
2023-11-30,NVDA,46.630733
2023-12-01,NVDA,46.625755
2023-12-04,NVDA,45.374485
2023-12-05,NVDA,46.431423
2023-12-06,NVDA,45.371494
2023-12-07,NVDA,46.461342
2023-12-08,NVDA,47.36871
2023-12-11,NVDA,46.492241
2023-12-12,NVDA,47.519268
2023-12-13,NVDA,47.949024
2023-12-14,NVDA,48.210258
2023-12-15,NVDA,48.748703
2023-12-18,NVDA,49.932278
2023-12-19,NVDA,49.46064
2023-12-20,NVDA,47.971954
2023-12-21,NVDA,48.848419
2023-12-22,NVDA,48.688877
2023-12-26,NVDA,49.136578
2023-12-27,NVDA,49.274181
2023-12-28,NVDA,49.378876
2023-12-29,NVDA,49.378876
2024-01-02,NVDA,48.028793
2024-01-03,NVDA,47.431519
2024-01-04,NVDA,47.859283
2024-01-05,NVDA,48.955105
2024-01-08,NVDA,52.101982
2024-01-09,NVDA,52.98642
2024-01-10,NVDA,54.192924
2024-01-11,NVDA,54.663563
2024-01-12,NVDA,54.551884
2024-01-16,NVDA,56.219055
2024-01-17,NVDA,55.891006
2024-01-18,NVDA,56.941959
2024-01-19,NVDA,59.319073
2024-01-22,NVDA,59.481594
2024-01-23,NVDA,59.699966
2024-01-24,NVDA,61.184666
2024-01-25,NVDA,61.438919
2024-01-26,NVDA,60.854618
2024-01-29,NVDA,62.28447
2024-01-30,NVDA,62.592575
2024-01-31,NVDA,61.349186
2024-02-01,NVDA,62.844856
2024-02-02,NVDA,65.968803
2024-02-05,NVDA,69.13163
2024-02-06,NVDA,68.025833
2024-02-07,NVDA,69.8964
2024-02-08,NVDA,69.439728
2024-02-09,NVDA,71.924522
2024-02-12,NVDA,72.039192
2024-02-13,NVDA,71.91954
2024-02-14,NVDA,73.686432
2024-02-15,NVDA,72.448013
2024-02-16,NVDA,72.403145
2024-02-20,NVDA,69.251274
2024-02-21,NVDA,67.277008
2024-02-22,NVDA,78.311035
2024-02-23,NVDA,78.589218
2024-02-26,NVDA,78.863426
2024-02-27,NVDA,78.473541
2024-02-28,NVDA,77.438545
2024-02-29,NVDA,78.883354
2024-03-01,NVDA,82.041214
2024-03-04,NVDA,84.990654
2024-03-05,NVDA,85.719574
2024-03-06,NVDA,88.447807
2024-03-07,NVDA,92.405525
2024-03-08,NVDA,87.279144
2024-03-11,NVDA,85.530113
2024-03-12,NVDA,91.65168
2024-03-13,NVDA,90.629578
2024-03-14,NVDA,87.693947
2024-03-15,NVDA,87.587265
2024-03-18,NVDA,88.203491
2024-03-19,NVDA,89.143822
2024-03-20,NVDA,90.115059
2024-03-21,NVDA,91.175026
2024-03-22,NVDA,94.020912
2024-03-25,NVDA,94.731888
2024-03-26,NVDA,92.297813
2024-03-27,NVDA,89.993401
2024-03-28,NVDA,90.099098
2024-04-01,NVDA,90.106071
2024-04-02,NVDA,89.197662
2024-04-03,NVDA,88.71106
2024-04-04,NVDA,85.660736
2024-04-05,NVDA,87.757774
2024-04-08,NVDA,86.885254
2024-04-09,NVDA,85.111305
2024-04-10,NVDA,86.791527
2024-04-11,NVDA,90.35836
2024-04-12,NVDA,87.935265
2024-04-15,NVDA,85.756462
2024-04-16,NVDA,87.166466
2024-04-17,NVDA,83.796082
2024-04-18,NVDA,84.430252
2024-04-19,NVDA,75.983353
2024-04-22,NVDA,79.291908
2024-04-23,NVDA,82.188652
2024-04-24,NVDA,79.450455
2024-04-25,NVDA,82.397072
2024-04-26,NVDA,87.485542
2024-04-29,NVDA,87.507477
2024-04-30,NVDA,86.156326
2024-05-01,NVDA,82.804893
2024-05-02,NVDA,85.573006
2024-05-03,NVDA,88.53656
2024-05-06,NVDA,91.878014
2024-05-07,NVDA,90.296532
2024-05-08,NVDA,90.154938
2024-05-09,NVDA,88.494675
2024-05-10,NVDA,89.622444
2024-05-13,NVDA,90.141983
2024-05-14,NVDA,91.09626
2024-05-15,NVDA,94.360947
2024-05-16,NVDA,94.090729
2024-05-17,NVDA,92.216049
2024-05-20,NVDA,94.510513
2024-05-21,NVDA,95.114792
2024-05-22,NVDA,94.680023
2024-05-23,NVDA,103.503883
2024-05-24,NVDA,106.166283
2024-05-28,NVDA,113.577148
2024-05-29,NVDA,114.498528
2024-05-30,NVDA,110.185822
2024-05-31,NVDA,109.321281
2024-06-03,NVDA,114.673019
2024-06-04,NVDA,116.105927
2024-06-05,NVDA,122.091873
2024-06-06,NVDA,120.653961
2024-06-07,NVDA,120.544289
2024-06-10,NVDA,121.443726
2024-06-11,NVDA,120.576118
2024-06-12,NVDA,124.854279
2024-06-13,NVDA,129.252106
2024-06-14,NVDA,131.515823
2024-06-17,NVDA,130.618347
2024-06-18,NVDA,135.205627
2024-06-20,NVDA,130.418854
2024-06-21,NVDA,126.220497
2024-06-24,NVDA,117.783852
2024-06-25,NVDA,125.741806
2024-06-26,NVDA,126.050972
2024-06-27,NVDA,123.647621
2024-06-28,NVDA,123.198868
2024-07-01,NVDA,123.956764
2024-07-02,NVDA,122.331268
2024-07-03,NVDA,127.925789
2024-07-05,NVDA,125.482529
2024-07-08,NVDA,127.845985
2024-07-09,NVDA,131.017212
2024-07-10,NVDA,134.53746
2024-07-11,NVDA,127.048195
2024-07-12,NVDA,128.883118
2024-07-15,NVDA,128.085327
2024-07-16,NVDA,126.011078
2024-07-17,NVDA,117.664177
2024-07-18,NVDA,120.755615
2024-07-19,NVDA,117.60437
2024-07-22,NVDA,123.198868
2024-07-23,NVDA,122.251488
2024-07-24,NVDA,113.934517
2024-07-25,NVDA,111.969955
2024-07-26,NVDA,112.747795
2024-07-29,NVDA,111.281845
2024-07-30,NVDA,103.443565
2024-07-31,NVDA,116.696861
2024-08-01,NVDA,108.908432
2024-08-02,NVDA,106.973778
2024-08-05,NVDA,100.172615
2024-08-06,NVDA,103.962128
2024-08-07,NVDA,98.636871
2024-08-08,NVDA,104.68013
2024-08-09,NVDA,104.460754
2024-08-12,NVDA,108.718948
2024-08-13,NVDA,115.819305
2024-08-14,NVDA,117.753922
2024-08-15,NVDA,122.520752
2024-08-16,NVDA,124.235985
2024-08-19,NVDA,129.640991
2024-08-20,NVDA,126.898621
2024-08-21,NVDA,128.145187
2024-08-22,NVDA,123.398308
2024-08-23,NVDA,129.012756
2024-08-26,NVDA,126.110794
2024-08-27,NVDA,127.945709
2024-08-28,NVDA,125.263153
2024-08-29,NVDA,117.265297
2024-08-30,NVDA,119.040382
2024-09-03,NVDA,107.701767
2024-09-04,NVDA,105.916718
2024-09-05,NVDA,106.913956
2024-09-06,NVDA,102.546066
2024-09-09,NVDA,106.175995
2024-09-10,NVDA,107.801491
2024-09-11,NVDA,116.587173
2024-09-12,NVDA,118.821175
2024-09-13,NVDA,118.781281
2024-09-16,NVDA,116.467499
2024-09-17,NVDA,115.28067
2024-09-18,NVDA,113.066628
2024-09-19,NVDA,117.554581
2024-09-20,NVDA,115.689583
2024-09-23,NVDA,115.948891
2024-09-24,NVDA,120.546562
2024-09-25,NVDA,123.179482
2024-09-26,NVDA,123.708061
2024-09-27,NVDA,121.075127
2024-09-30,NVDA,121.115036
2024-10-01,NVDA,116.686897
2024-10-02,NVDA,118.531944
2024-10-03,NVDA,122.521248
2024-10-04,NVDA,124.585701
2024-10-07,NVDA,127.378212
2024-10-08,NVDA,132.534378
2024-10-09,NVDA,132.294998
2024-10-10,NVDA,134.449219
2024-10-11,NVDA,134.43927
2024-10-14,NVDA,137.700516
2024-10-15,NVDA,131.247833
2024-10-16,NVDA,135.356812
2024-10-17,NVDA,136.563568
2024-10-18,NVDA,137.630707
2024-10-21,NVDA,143.325439
2024-10-22,NVDA,143.205734
2024-10-23,NVDA,139.186523
2024-10-24,NVDA,140.034271
2024-10-25,NVDA,141.161224
2024-10-28,NVDA,140.143951
2024-10-29,NVDA,140.872009
2024-10-30,NVDA,138.967102
2024-10-31,NVDA,132.404709
2024-11-01,NVDA,135.037643
2024-11-04,NVDA,135.685913
2024-11-05,NVDA,139.535614
2024-11-06,NVDA,145.220337
2024-11-07,NVDA,148.481583
2024-11-08,NVDA,147.234924
2024-11-11,NVDA,144.871292
2024-11-12,NVDA,147.893173
2024-11-13,NVDA,145.878586
2024-11-14,NVDA,146.367264
2024-11-15,NVDA,141.600052
2024-11-18,NVDA,139.774948
2024-11-19,NVDA,146.616592
2024-11-20,NVDA,145.499603
2024-11-21,NVDA,146.277466
2024-11-22,NVDA,141.570145
2024-11-25,NVDA,135.656006
2024-11-26,NVDA,136.553604
2024-11-27,NVDA,134.977814
2024-11-29,NVDA,137.88002
2024-12-02,NVDA,138.259033
2024-12-03,NVDA,139.884644
2024-12-04,NVDA,144.751572
2024-12-05,NVDA,144.681778
2024-12-06,NVDA,142.068604
2024-12-09,NVDA,138.448059
2024-12-10,NVDA,134.717834
2024-12-11,NVDA,138.946762
2024-12-12,NVDA,136.981888
2024-12-13,NVDA,133.899963
2024-12-16,NVDA,131.655823
2024-12-17,NVDA,130.050034
2024-12-18,NVDA,128.573883
2024-12-19,NVDA,130.339279
2024-12-20,NVDA,134.348801
2024-12-23,NVDA,139.305817
2024-12-24,NVDA,139.854401
2024-12-26,NVDA,139.565155
2024-12-27,NVDA,136.652771
2024-12-30,NVDA,137.131531
2024-12-31,NVDA,133.93985
2025-01-02,NVDA,137.949371
2025-01-03,NVDA,144.093307
2025-01-06,NVDA,149.040375
2025-01-07,NVDA,139.774612
2025-01-08,NVDA,139.74469
2025-01-10,NVDA,135.555649
2025-01-13,NVDA,132.882614
2025-01-14,NVDA,131.416473
2025-01-15,NVDA,135.884766
2025-01-16,NVDA,133.221756
2025-01-17,NVDA,137.350952
2025-01-21,NVDA,140.462799
2025-01-22,NVDA,146.686539
2025-01-23,NVDA,146.836151
2025-01-24,NVDA,142.248138
2025-01-27,NVDA,118.111237
2025-01-28,NVDA,128.653671
2025-01-29,NVDA,123.377464
2025-01-30,NVDA,124.324997
2025-01-31,NVDA,119.756943
2025-02-03,NVDA,116.355827
2025-02-04,NVDA,118.340637
2025-02-05,NVDA,124.504532
2025-02-06,NVDA,128.344467
2025-02-07,NVDA,129.501465
2025-02-10,NVDA,133.221756
2025-02-11,NVDA,132.453751
2025-02-12,NVDA,130.79808
2025-02-13,NVDA,134.937271
2025-02-14,NVDA,138.487976
2025-02-18,NVDA,139.036514
2025-02-19,NVDA,138.866974
2025-02-20,NVDA,139.74469
2025-02-21,NVDA,134.079498
2025-02-24,NVDA,129.940308
2025-02-25,NVDA,126.299828
2025-02-26,NVDA,130.937714
2025-02-27,NVDA,119.836723
2025-02-28,NVDA,124.594284
2025-03-03,NVDA,113.762604
2025-03-04,NVDA,115.687569
2025-03-05,NVDA,116.994164
2025-03-06,NVDA,110.2817
2025-03-07,NVDA,112.396187
2025-03-10,NVDA,106.701065
2025-03-11,NVDA,108.476425
2025-03-12,NVDA,115.448837
2025-03-13,NVDA,115.289261
2025-03-14,NVDA,121.363922
2025-03-17,NVDA,119.229317
2025-03-18,NVDA,115.139633
2025-03-19,NVDA,117.22435
2025-03-20,NVDA,118.231819
2025-03-21,NVDA,117.403908
2025-03-24,NVDA,121.104584
2025-03-25,NVDA,120.386391
2025-03-26,NVDA,113.473824
2025-03-27,NVDA,111.149689
2025-03-28,NVDA,109.394104
2025-03-31,NVDA,108.107353
2025-04-01,NVDA,109.87291
2025-04-02,NVDA,110.14222
2025-04-03,NVDA,101.543922
2025-04-04,NVDA,94.072762
2025-04-07,NVDA,97.394371
2025-04-08,NVDA,96.057755
2025-04-09,NVDA,114.042397
2025-04-10,NVDA,107.299393
2025-04-11,NVDA,110.65094
2025-04-14,NVDA,110.431503
2025-04-15,NVDA,111.917747
2025-04-16,NVDA,104.227142
2025-04-17,NVDA,101.234695
2025-04-21,NVDA,96.666222
2025-04-22,NVDA,98.641228
2025-04-23,NVDA,102.451614
2025-04-24,NVDA,106.162262
2025-04-25,NVDA,110.730743
2025-04-28,NVDA,108.456482
2025-04-29,NVDA,108.745743
2025-04-30,NVDA,108.645996
2025-05-01,NVDA,111.329239
2025-05-02,NVDA,114.21196
2025-05-05,NVDA,113.533676
2025-05-06,NVDA,113.254379
2025-05-07,NVDA,116.765526
2025-05-08,NVDA,117.074745
2025-05-09,NVDA,116.356567
2025-05-12,NVDA,122.690575
2025-05-13,NVDA,129.603134
2025-05-14,NVDA,134.999542
2025-05-15,NVDA,134.490829
2025-05-16,NVDA,135.059372
2025-05-19,NVDA,135.228973
2025-05-20,NVDA,134.041962
2025-05-21,NVDA,131.46846
2025-05-22,NVDA,132.49585
2025-05-23,NVDA,130.959717
2025-05-27,NVDA,135.159149
2025-05-28,NVDA,134.470856
2025-05-29,NVDA,138.839844
2025-05-30,NVDA,134.790085
2025-06-02,NVDA,137.034393
2025-06-03,NVDA,140.864761
2025-06-04,NVDA,141.562973
2025-06-05,NVDA,139.637833
2025-06-06,NVDA,141.36351
2025-06-09,NVDA,142.27121
2025-06-10,NVDA,143.597855
2025-06-11,NVDA,142.480591
2025-06-12,NVDA,144.645294
2025-06-13,NVDA,141.622711
2025-06-16,NVDA,144.336029
2025-06-17,NVDA,143.767426
2025-06-18,NVDA,145.124115
2025-06-20,NVDA,143.498093
2025-06-23,NVDA,143.817322
2025-06-24,NVDA,147.538177
2025-06-25,NVDA,153.932495
2025-06-26,NVDA,154.640778
2025-06-27,NVDA,157.36409
2025-06-30,NVDA,157.6035
2025-07-01,NVDA,152.924973
2025-07-02,NVDA,156.865311
2025-07-03,NVDA,158.950195
2025-07-07,NVDA,157.85289
2025-07-08,NVDA,159.608582
2025-07-09,NVDA,162.481537
2025-07-10,NVDA,163.698563
2025-07-11,NVDA,164.516556
2025-07-14,NVDA,163.66864
2025-07-15,NVDA,170.28241
2025-07-16,NVDA,170.950745
2025-07-17,NVDA,172.576782
2025-07-18,NVDA,171.988235
2025-07-21,NVDA,170.960739
2025-07-22,NVDA,166.621368
2025-07-23,NVDA,170.362213
2025-07-24,NVDA,173.315002
2025-07-25,NVDA,173.075562
2025-07-28,NVDA,176.317627
2025-07-29,NVDA,175.080627
2025-07-30,NVDA,178.831451
2025-07-31,NVDA,177.43486
2025-08-01,NVDA,173.295029
2025-08-04,NVDA,179.559662
2025-08-05,NVDA,177.823898
2025-08-06,NVDA,178.981064
2025-08-07,NVDA,180.327789
2025-08-08,NVDA,182.253052
2025-08-11,NVDA,181.614624
2025-08-12,NVDA,182.711929
2025-08-13,NVDA,181.145782
2025-08-14,NVDA,181.574722
2025-08-15,NVDA,180.00856
2025-08-18,NVDA,181.564743
2025-08-19,NVDA,175.210327
2025-08-20,NVDA,174.970917
2025-08-21,NVDA,174.551926
2025-08-22,NVDA,177.554565
2025-08-25,NVDA,179.370117
2025-08-26,NVDA,181.325333
2025-08-27,NVDA,181.155762
2025-08-28,NVDA,179.729248
2025-08-29,NVDA,173.753876
2025-09-02,NVDA,170.362213
2025-09-03,NVDA,170.202606
2025-09-04,NVDA,171.240051
2025-09-05,NVDA,166.61142
2025-09-08,NVDA,167.89827
2025-09-09,NVDA,170.34227
2025-09-10,NVDA,176.896194
2025-09-11,NVDA,176.746536
2025-09-12,NVDA,177.395004
2025-09-15,NVDA,177.325165
2025-09-16,NVDA,174.462021
2025-09-17,NVDA,169.88298
2025-09-18,NVDA,175.818787
2025-09-19,NVDA,176.247742
2025-09-22,NVDA,183.171173
2025-09-23,NVDA,178.00354
2025-09-24,NVDA,176.547028
2025-09-25,NVDA,177.265289
2025-09-26,NVDA,177.76413
2025-09-29,NVDA,181.415359
2025-09-30,NVDA,186.134064
2025-10-01,NVDA,186.792496
2025-10-02,NVDA,188.438553
2025-10-03,NVDA,187.171555
2025-10-06,NVDA,185.096542
2025-10-07,NVDA,184.597733
2025-10-08,NVDA,188.65802
2025-10-09,NVDA,192.109741
2025-10-10,NVDA,182.722229
2025-10-13,NVDA,187.869919
2025-10-14,NVDA,179.599716
2025-10-15,NVDA,179.400192
2025-10-16,NVDA,181.375443
2025-10-17,NVDA,182.782089
2025-10-20,NVDA,182.203476
2025-10-21,NVDA,180.72702
2025-10-22,NVDA,179.849106
2025-10-23,NVDA,181.72464
2025-10-24,NVDA,185.814804
2025-10-27,NVDA,191.032333
2025-10-28,NVDA,200.54953
2025-10-29,NVDA,206.545151
2025-10-30,NVDA,202.405075
2025-10-31,NVDA,202.006042
2025-11-03,NVDA,206.385544
2025-11-04,NVDA,198.215118
2025-11-05,NVDA,194.743439
2025-11-06,NVDA,187.630478
2025-11-07,NVDA,187.700287
2025-11-10,NVDA,198.57428
2025-11-11,NVDA,192.698334
2025-11-12,NVDA,193.336807
2025-11-13,NVDA,186.413391
2025-11-14,NVDA,189.715469
2025-11-17,NVDA,186.154022
2025-11-18,NVDA,180.926514
2025-11-19,NVDA,186.074188
2025-11-20,NVDA,180.208252
2025-11-21,NVDA,178.452454
2025-11-24,NVDA,182.113693
2025-11-25,NVDA,177.395004
2025-11-26,NVDA,179.829147
2025-11-28,NVDA,176.576965
2025-12-01,NVDA,179.489975
2025-12-02,NVDA,181.026306
2025-12-03,NVDA,179.160767
2025-12-04,NVDA,182.951889
2025-12-05,NVDA,181.984161
2025-12-08,NVDA,185.116821
2025-12-09,NVDA,184.538193
2025-12-10,NVDA,183.350952
2025-12-11,NVDA,180.507599
2025-12-12,NVDA,174.61142
2025-12-15,NVDA,175.878433
2025-12-16,NVDA,177.305099
2025-12-17,NVDA,170.540939
2025-12-18,NVDA,173.733459
2025-12-19,NVDA,180.567474
2025-12-22,NVDA,183.261169
2025-12-23,NVDA,188.768295
2025-12-24,NVDA,188.169678
2025-12-26,NVDA,190.085205
2025-12-29,NVDA,187.780594
2025-12-30,NVDA,187.102188
2025-12-31,NVDA,186.064606
2026-01-02,NVDA,188.409134
2026-01-05,NVDA,187.680832
2026-01-06,NVDA,186.802902
2026-01-07,NVDA,188.668518
2026-01-08,NVDA,184.608002
2026-01-09,NVDA,184.428436
2026-01-12,NVDA,184.508255
2026-01-13,NVDA,185.376221
2026-01-14,NVDA,182.712448
2026-01-15,NVDA,186.613327
2026-01-16,NVDA,185.795242
2026-01-20,NVDA,177.654282
2026-01-21,NVDA,182.892044
2026-01-22,NVDA,184.408478
2026-01-23,NVDA,187.231873
2026-01-26,NVDA,186.034668
2026-01-27,NVDA,188.079895
2026-01-28,NVDA,191.072876
2026-01-29,NVDA,192.060577
2026-01-30,NVDA,190.683807
2026-02-02,NVDA,185.176682
2026-02-03,NVDA,179.918976
2026-02-04,NVDA,173.783356
2026-02-05,NVDA,171.478745
2026-02-06,NVDA,184.977158
2026-02-09,NVDA,189.596344
2026-02-10,NVDA,188.099838
2026-02-11,NVDA,189.606339
2026-02-12,NVDA,186.503601
2026-02-13,NVDA,182.383209
2026-02-17,NVDA,184.538193
2026-02-18,NVDA,187.541138
2026-02-19,NVDA,187.461319
2026-02-20,NVDA,189.376862
2026-02-23,NVDA,191.102814
2026-02-24,NVDA,192.399796
2026-02-25,NVDA,195.103455
2026-02-26,NVDA,184.458374
2026-02-27,NVDA,176.776337
2026-03-02,NVDA,182.05397
2026-03-03,NVDA,179.629669
2026-03-04,NVDA,182.612686
2026-03-05,NVDA,182.911972
2026-03-06,NVDA,177.404877
2026-03-09,NVDA,182.223587
2026-03-10,NVDA,184.338654
2026-03-11,NVDA,185.605743
2026-03-12,NVDA,182.722336
2026-03-13,NVDA,179.838943
2026-03-16,NVDA,182.802155
2026-03-17,NVDA,181.515106
2026-03-18,NVDA,179.988586
2026-03-19,NVDA,178.152771
2026-03-20,NVDA,172.306152
2026-03-23,NVDA,175.239441
2026-03-24,NVDA,174.800446
2026-03-25,NVDA,178.272507
2026-03-26,NVDA,170.849487
2026-03-27,NVDA,167.13797
2026-03-30,NVDA,164.79332
2026-03-31,NVDA,174.002258
2026-04-01,NVDA,175.349182
2026-04-02,NVDA,176.985458
2026-04-06,NVDA,177.234879
2026-04-07,NVDA,177.693832
2026-04-08,NVDA,181.664764
2026-04-09,NVDA,183.490601
2026-04-10,NVDA,188.199829
2026-04-13,NVDA,188.878265
2026-04-14,NVDA,196.061844
2026-04-15,NVDA,198.416473
2026-04-16,NVDA,197.897659
2026-04-17,NVDA,201.220047
2026-04-20,NVDA,201.599182
2026-04-21,NVDA,199.424179
2026-04-22,NVDA,202.038193
2026-04-23,NVDA,199.184708
2026-04-24,NVDA,207.795029
2026-04-27,NVDA,216.116013
2026-04-28,NVDA,212.683853
2026-04-29,NVDA,208.772797
2026-04-30,NVDA,199.114868
2026-05-01,NVDA,197.997437
2026-05-04,NVDA,198.027344
2026-05-05,NVDA,196.051865
2026-05-06,NVDA,207.356033
2026-05-07,NVDA,211.01767
2026-05-08,NVDA,214.709229
2026-05-11,NVDA,218.93956
2026-05-12,NVDA,220.276505
2026-05-13,NVDA,225.314987
2026-05-14,NVDA,235.202393
2026-05-15,NVDA,224.806152
2026-05-18,NVDA,221.813004
2026-05-19,NVDA,220.106888
2026-05-20,NVDA,222.960373
2026-05-21,NVDA,219.009399
2026-05-22,NVDA,214.838928
2026-05-26,NVDA,214.37001
2026-05-27,NVDA,212.115158
2026-05-28,NVDA,213.761398
2026-05-29,NVDA,210.658493
2026-06-01,NVDA,223.848343
2026-06-02,NVDA,222.311844
2026-06-03,NVDA,214.260254
2026-06-04,NVDA,218.415604
2026-06-05,NVDA,204.870758
2026-06-08,NVDA,208.406799
2026-06-09,NVDA,207.957306
2026-06-10,NVDA,200.195984
2026-06-11,NVDA,204.641006
2026-06-12,NVDA,204.960663
2026-06-15,NVDA,212.21254
2026-06-16,NVDA,207.178177
2026-06-17,NVDA,204.421249
2026-06-18,NVDA,210.454514
2026-06-22,NVDA,208.416779
2026-06-23,NVDA,199.816406
2026-06-24,NVDA,198.777573
2026-06-25,NVDA,195.521225
2026-06-26,NVDA,192.314804
2026-06-29,NVDA,194.752075
2026-06-30,NVDA,199.866348
2026-07-01,NVDA,197.359161
2026-07-02,NVDA,194.612244
2026-07-06,NVDA,195.331436
2026-07-07,NVDA,196.709885
2026-07-08,NVDA,203.891846
2026-07-09,NVDA,202.553345
2026-07-10,NVDA,210.724213
2026-07-13,NVDA,203.302505
2026-07-14,NVDA,211.563278
2026-07-15,NVDA,212.262482
2026-07-16,NVDA,207.168182
2026-07-17,NVDA,202.583313
2026-07-20,NVDA,203.052795
2026-07-21,NVDA,207.058304
2026-07-22,NVDA,211.822983
2026-07-23,NVDA,208.526657
2026-07-24,NVDA,206.60881
2026-07-27,NVDA,196.290359
2026-07-28,NVDA,196.789795
2026-07-29,NVDA,189.797623
2026-07-30,NVDA,194.821991
2026-07-31,NVDA,200.52562
2026-08-03,NVDA,206.409042
2026-08-04,NVDA,211.70311
2026-08-05,NVDA,218.974976
2026-08-06,NVDA,218.745239
2026-08-07,NVDA,223.709686
2026-08-10,NVDA,217.306839
2026-08-11,NVDA,217.256897
2026-08-12,NVDA,223.839523
2026-08-13,NVDA,225.048187
2026-08-14,NVDA,224.90834
2026-08-17,NVDA,224.758499
2026-08-18,NVDA,219.4944
2026-08-19,NVDA,217.316833
2026-08-20,NVDA,216.607635
2026-08-21,NVDA,214.480011
2026-08-24,NVDA,208.246979
2026-08-25,NVDA,212.811874
2026-08-26,NVDA,209.425659
2026-08-27,NVDA,227.725174
2026-08-28,NVDA,217.306839
2026-08-31,NVDA,220.533234
2026-09-01,NVDA,217.196976
2026-09-02,NVDA,224.15918
2026-09-03,NVDA,228.194656
2026-09-04,NVDA,230.102524
2026-09-08,NVDA,225.477692
2026-09-09,NVDA,223.419998
2026-09-10,NVDA,218.360001
2026-09-11,NVDA,218.289993
2026-09-14,NVDA,210.960007
2026-09-15,NVDA,212.169998
2026-09-16,NVDA,213.899994
2026-09-17,NVDA,219.339996
2026-09-18,NVDA,222.270004
2026-09-21,NVDA,227.380005
2026-09-22,NVDA,228.869995
2026-09-23,NVDA,225.509995
2026-09-24,NVDA,224.580002
2026-09-25,NVDA,225.070007
2026-09-28,NVDA,228.860001
2026-09-29,NVDA,227.210007
2026-09-30,NVDA,228.380005
2026-10-01,NVDA,230.860001
2021-10-04,AMZN,159.488998
2021-10-05,AMZN,161.050003
2021-10-06,AMZN,163.100494
2021-10-07,AMZN,165.121506
2021-10-08,AMZN,164.431
2021-10-11,AMZN,162.315002
2021-10-12,AMZN,162.366501
2021-10-13,AMZN,164.214005
2021-10-14,AMZN,164.992996
2021-10-15,AMZN,170.451004
2021-10-18,AMZN,172.337006
2021-10-19,AMZN,172.207504
2021-10-20,AMZN,170.753006
2021-10-21,AMZN,171.750504
2021-10-22,AMZN,166.777496
2021-10-25,AMZN,166.018494
2021-10-26,AMZN,168.803497
2021-10-27,AMZN,169.624496
2021-10-28,AMZN,172.328506
2021-10-29,AMZN,168.621506
2021-11-01,AMZN,165.905502
2021-11-02,AMZN,165.637497
2021-11-03,AMZN,169.199997
2021-11-04,AMZN,173.850006
2021-11-05,AMZN,175.949493
2021-11-08,AMZN,174.449005
2021-11-09,AMZN,178.811493
2021-11-10,AMZN,174.102493
2021-11-11,AMZN,173.625
2021-11-12,AMZN,176.257507
2021-11-15,AMZN,177.283997
2021-11-16,AMZN,177.035004
2021-11-17,AMZN,177.449997
2021-11-18,AMZN,184.802994
2021-11-19,AMZN,183.828506
2021-11-22,AMZN,178.628494
2021-11-23,AMZN,179.001999
2021-11-24,AMZN,179.020493
2021-11-26,AMZN,175.227997
2021-11-29,AMZN,178.078506
2021-11-30,AMZN,175.3535
2021-12-01,AMZN,172.186005
2021-12-02,AMZN,171.867996
2021-12-03,AMZN,169.489502
2021-12-06,AMZN,171.3685
2021-12-07,AMZN,176.164505
2021-12-08,AMZN,176.158005
2021-12-09,AMZN,174.171005
2021-12-10,AMZN,172.212006
2021-12-13,AMZN,169.567505
2021-12-14,AMZN,169.091507
2021-12-15,AMZN,173.315002
2021-12-16,AMZN,168.871002
2021-12-17,AMZN,170.017502
2021-12-20,AMZN,167.078995
2021-12-21,AMZN,170.417007
2021-12-22,AMZN,171.037003
2021-12-23,AMZN,171.068497
2021-12-27,AMZN,169.669495
2021-12-28,AMZN,170.660995
2021-12-29,AMZN,169.201004
2021-12-30,AMZN,168.644501
2021-12-31,AMZN,166.716995
2022-01-03,AMZN,170.404495
2022-01-04,AMZN,167.522003
2022-01-05,AMZN,164.356995
2022-01-06,AMZN,163.253998
2022-01-07,AMZN,162.554001
2022-01-10,AMZN,161.485992
2022-01-11,AMZN,165.362
2022-01-12,AMZN,165.207001
2022-01-13,AMZN,161.214005
2022-01-14,AMZN,162.138
2022-01-18,AMZN,158.917496
2022-01-19,AMZN,156.298996
2022-01-20,AMZN,151.667496
2022-01-21,AMZN,142.643005
2022-01-24,AMZN,144.544006
2022-01-25,AMZN,139.985992
2022-01-26,AMZN,138.872498
2022-01-27,AMZN,139.637497
2022-01-28,AMZN,143.977997
2022-01-31,AMZN,149.573502
2022-02-01,AMZN,151.193497
2022-02-02,AMZN,150.612503
2022-02-03,AMZN,138.845505
2022-02-04,AMZN,157.639496
2022-02-07,AMZN,157.935501
2022-02-08,AMZN,161.413498
2022-02-09,AMZN,161.189499
2022-02-10,AMZN,159.003494
2022-02-11,AMZN,153.293503
2022-02-14,AMZN,155.167007
2022-02-15,AMZN,156.510498
2022-02-16,AMZN,158.100494
2022-02-17,AMZN,154.652496
2022-02-18,AMZN,152.601501
2022-02-22,AMZN,150.197495
2022-02-23,AMZN,144.826996
2022-02-24,AMZN,151.358002
2022-02-25,AMZN,153.788498
2022-02-28,AMZN,153.563004
2022-03-01,AMZN,151.141998
2022-03-02,AMZN,152.052505
2022-03-03,AMZN,147.898499
2022-03-04,AMZN,145.641006
2022-03-07,AMZN,137.453003
2022-03-08,AMZN,136.014496
2022-03-09,AMZN,139.279007
2022-03-10,AMZN,146.817505
2022-03-11,AMZN,145.524506
2022-03-14,AMZN,141.852997
2022-03-15,AMZN,147.366501
2022-03-16,AMZN,153.104004
2022-03-17,AMZN,157.238998
2022-03-18,AMZN,161.250504
2022-03-21,AMZN,161.491501
2022-03-22,AMZN,164.889008
2022-03-23,AMZN,163.408005
2022-03-24,AMZN,163.649506
2022-03-25,AMZN,164.773499
2022-03-28,AMZN,168.990494
2022-03-29,AMZN,169.315002
2022-03-30,AMZN,166.300995
2022-03-31,AMZN,162.997498
2022-04-01,AMZN,163.559998
2022-04-04,AMZN,168.346497
2022-04-05,AMZN,164.054993
2022-04-06,AMZN,158.755997
2022-04-07,AMZN,157.7845
2022-04-08,AMZN,154.460495
2022-04-11,AMZN,151.121994
2022-04-12,AMZN,150.787506
2022-04-13,AMZN,155.541
2022-04-14,AMZN,151.706497
2022-04-18,AMZN,152.785004
2022-04-19,AMZN,158.115494
2022-04-20,AMZN,153.998001
2022-04-21,AMZN,148.296005
2022-04-22,AMZN,144.350006
2022-04-25,AMZN,146.074005
2022-04-26,AMZN,139.391006
2022-04-27,AMZN,138.167007
2022-04-28,AMZN,144.596497
2022-04-29,AMZN,124.281502
2022-05-02,AMZN,124.5
2022-05-03,AMZN,124.253502
2022-05-04,AMZN,125.928497
2022-05-05,AMZN,116.406998
2022-05-06,AMZN,114.772499
2022-05-09,AMZN,108.789001
2022-05-10,AMZN,108.859001
2022-05-11,AMZN,105.372002
2022-05-12,AMZN,106.930496
2022-05-13,AMZN,113.055
2022-05-16,AMZN,110.810501
2022-05-17,AMZN,115.3685
2022-05-18,AMZN,107.112503
2022-05-19,AMZN,107.319
2022-05-20,AMZN,107.591003
2022-05-23,AMZN,107.556999
2022-05-24,AMZN,104.099998
2022-05-25,AMZN,106.775002
2022-05-26,AMZN,111.077499
2022-05-27,AMZN,115.1465
2022-05-31,AMZN,120.209503
2022-06-01,AMZN,121.683998
2022-06-02,AMZN,125.511002
2022-06-03,AMZN,122.349998
2022-06-06,AMZN,124.790001
2022-06-07,AMZN,123.0
2022-06-08,AMZN,121.18
2022-06-09,AMZN,116.150002
2022-06-10,AMZN,109.650002
2022-06-13,AMZN,103.669998
2022-06-14,AMZN,102.309998
2022-06-15,AMZN,107.669998
2022-06-16,AMZN,103.660004
2022-06-17,AMZN,106.220001
2022-06-21,AMZN,108.68
2022-06-22,AMZN,108.949997
2022-06-23,AMZN,112.440002
2022-06-24,AMZN,116.459999
2022-06-27,AMZN,113.220001
2022-06-28,AMZN,107.400002
2022-06-29,AMZN,108.919998
2022-06-30,AMZN,106.209999
2022-07-01,AMZN,109.559998
2022-07-05,AMZN,113.5
2022-07-06,AMZN,114.330002
2022-07-07,AMZN,116.330002
2022-07-08,AMZN,115.540001
2022-07-11,AMZN,111.75
2022-07-12,AMZN,109.220001
2022-07-13,AMZN,110.400002
2022-07-14,AMZN,110.629997
2022-07-15,AMZN,113.550003
2022-07-18,AMZN,113.760002
2022-07-19,AMZN,118.209999
2022-07-20,AMZN,122.769997
2022-07-21,AMZN,124.629997
2022-07-22,AMZN,122.419998
2022-07-25,AMZN,121.139999
2022-07-26,AMZN,114.809998
2022-07-27,AMZN,120.970001
2022-07-28,AMZN,122.279999
2022-07-29,AMZN,134.949997
2022-08-01,AMZN,135.389999
2022-08-02,AMZN,134.160004
2022-08-03,AMZN,139.520004
2022-08-04,AMZN,142.570007
2022-08-05,AMZN,140.800003
2022-08-08,AMZN,139.410004
2022-08-09,AMZN,137.830002
2022-08-10,AMZN,142.690002
2022-08-11,AMZN,140.639999
2022-08-12,AMZN,143.550003
2022-08-15,AMZN,143.179993
2022-08-16,AMZN,144.779999
2022-08-17,AMZN,142.100006
2022-08-18,AMZN,142.300003
2022-08-19,AMZN,138.229996
2022-08-22,AMZN,133.220001
2022-08-23,AMZN,133.619995
2022-08-24,AMZN,133.800003
2022-08-25,AMZN,137.279999
2022-08-26,AMZN,130.75
2022-08-29,AMZN,129.789993
2022-08-30,AMZN,128.729996
2022-08-31,AMZN,126.769997
2022-09-01,AMZN,127.82
2022-09-02,AMZN,127.510002
2022-09-06,AMZN,126.110001
2022-09-07,AMZN,129.479996
2022-09-08,AMZN,129.820007
2022-09-09,AMZN,133.270004
2022-09-12,AMZN,136.449997
2022-09-13,AMZN,126.82
2022-09-14,AMZN,128.550003
2022-09-15,AMZN,126.279999
2022-09-16,AMZN,123.529999
2022-09-19,AMZN,124.660004
2022-09-20,AMZN,122.190002
2022-09-21,AMZN,118.540001
2022-09-22,AMZN,117.309998
2022-09-23,AMZN,113.779999
2022-09-26,AMZN,115.150002
2022-09-27,AMZN,114.410004
2022-09-28,AMZN,118.010002
2022-09-29,AMZN,114.800003
2022-09-30,AMZN,113.0
2022-10-03,AMZN,115.879997
2022-10-04,AMZN,121.089996
2022-10-05,AMZN,120.949997
2022-10-06,AMZN,120.300003
2022-10-07,AMZN,114.559998
2022-10-10,AMZN,113.669998
2022-10-11,AMZN,112.209999
2022-10-12,AMZN,112.900002
2022-10-13,AMZN,112.529999
2022-10-14,AMZN,106.900002
2022-10-17,AMZN,113.790001
2022-10-18,AMZN,116.360001
2022-10-19,AMZN,115.07
2022-10-20,AMZN,115.25
2022-10-21,AMZN,119.32
2022-10-24,AMZN,119.82
2022-10-25,AMZN,120.599998
2022-10-26,AMZN,115.660004
2022-10-27,AMZN,110.959999
2022-10-28,AMZN,103.410004
2022-10-31,AMZN,102.440002
2022-11-01,AMZN,96.790001
2022-11-02,AMZN,92.120003
2022-11-03,AMZN,89.300003
2022-11-04,AMZN,90.980003
2022-11-07,AMZN,90.529999
2022-11-08,AMZN,89.980003
2022-11-09,AMZN,86.139999
2022-11-10,AMZN,96.629997
2022-11-11,AMZN,100.790001
2022-11-14,AMZN,98.489998
2022-11-15,AMZN,98.940002
2022-11-16,AMZN,97.120003
2022-11-17,AMZN,94.849998
2022-11-18,AMZN,94.139999
2022-11-21,AMZN,92.459999
2022-11-22,AMZN,93.199997
2022-11-23,AMZN,94.129997
2022-11-25,AMZN,93.410004
2022-11-28,AMZN,93.949997
2022-11-29,AMZN,92.419998
2022-11-30,AMZN,96.540001
2022-12-01,AMZN,95.5
2022-12-02,AMZN,94.129997
2022-12-05,AMZN,91.010002
2022-12-06,AMZN,88.25
2022-12-07,AMZN,88.459999
2022-12-08,AMZN,90.349998
2022-12-09,AMZN,89.089996
2022-12-12,AMZN,90.550003
2022-12-13,AMZN,92.489998
2022-12-14,AMZN,91.580002
2022-12-15,AMZN,88.449997
2022-12-16,AMZN,87.860001
2022-12-19,AMZN,84.919998
2022-12-20,AMZN,85.190002
2022-12-21,AMZN,86.769997
2022-12-22,AMZN,83.790001
2022-12-23,AMZN,85.25
2022-12-27,AMZN,83.040001
2022-12-28,AMZN,81.82
2022-12-29,AMZN,84.18
2022-12-30,AMZN,84.0
2023-01-03,AMZN,85.82
2023-01-04,AMZN,85.139999
2023-01-05,AMZN,83.120003
2023-01-06,AMZN,86.080002
2023-01-09,AMZN,87.360001
2023-01-10,AMZN,89.870003
2023-01-11,AMZN,95.089996
2023-01-12,AMZN,95.269997
2023-01-13,AMZN,98.120003
2023-01-17,AMZN,96.050003
2023-01-18,AMZN,95.459999
2023-01-19,AMZN,93.68
2023-01-20,AMZN,97.25
2023-01-23,AMZN,97.519997
2023-01-24,AMZN,96.32
2023-01-25,AMZN,97.18
2023-01-26,AMZN,99.220001
2023-01-27,AMZN,102.239998
2023-01-30,AMZN,100.550003
2023-01-31,AMZN,103.129997
2023-02-01,AMZN,105.150002
2023-02-02,AMZN,112.910004
2023-02-03,AMZN,103.389999
2023-02-06,AMZN,102.18
2023-02-07,AMZN,102.110001
2023-02-08,AMZN,100.050003
2023-02-09,AMZN,98.239998
2023-02-10,AMZN,97.610001
2023-02-13,AMZN,99.540001
2023-02-14,AMZN,99.699997
2023-02-15,AMZN,101.160004
2023-02-16,AMZN,98.150002
2023-02-17,AMZN,97.199997
2023-02-21,AMZN,94.580002
2023-02-22,AMZN,95.790001
2023-02-23,AMZN,95.82
2023-02-24,AMZN,93.5
2023-02-27,AMZN,93.760002
2023-02-28,AMZN,94.230003
2023-03-01,AMZN,92.169998
2023-03-02,AMZN,92.129997
2023-03-03,AMZN,94.900002
2023-03-06,AMZN,93.75
2023-03-07,AMZN,93.550003
2023-03-08,AMZN,93.919998
2023-03-09,AMZN,92.25
2023-03-10,AMZN,90.730003
2023-03-13,AMZN,92.43
2023-03-14,AMZN,94.879997
2023-03-15,AMZN,96.199997
2023-03-16,AMZN,100.040001
2023-03-17,AMZN,98.949997
2023-03-20,AMZN,97.709999
2023-03-21,AMZN,100.610001
2023-03-22,AMZN,98.699997
2023-03-23,AMZN,98.709999
2023-03-24,AMZN,98.129997
2023-03-27,AMZN,98.040001
2023-03-28,AMZN,97.239998
2023-03-29,AMZN,100.25
2023-03-30,AMZN,102.0
2023-03-31,AMZN,103.290001
2023-04-03,AMZN,102.410004
2023-04-04,AMZN,103.949997
2023-04-05,AMZN,101.099998
2023-04-06,AMZN,102.059998
2023-04-10,AMZN,102.169998
2023-04-11,AMZN,99.919998
2023-04-12,AMZN,97.830002
2023-04-13,AMZN,102.400002
2023-04-14,AMZN,102.510002
2023-04-17,AMZN,102.739998
2023-04-18,AMZN,102.300003
2023-04-19,AMZN,104.300003
2023-04-20,AMZN,103.809998
2023-04-21,AMZN,106.959999
2023-04-24,AMZN,106.209999
2023-04-25,AMZN,102.57
2023-04-26,AMZN,104.980003
2023-04-27,AMZN,109.82
2023-04-28,AMZN,105.449997
2023-05-01,AMZN,102.050003
2023-05-02,AMZN,103.629997
2023-05-03,AMZN,103.650002
2023-05-04,AMZN,104.0
2023-05-05,AMZN,105.660004
2023-05-08,AMZN,105.830002
2023-05-09,AMZN,106.620003
2023-05-10,AMZN,110.190002
2023-05-11,AMZN,112.18
2023-05-12,AMZN,110.260002
2023-05-15,AMZN,111.199997
2023-05-16,AMZN,113.400002
2023-05-17,AMZN,115.5
2023-05-18,AMZN,118.150002
2023-05-19,AMZN,116.25
2023-05-22,AMZN,115.010002
2023-05-23,AMZN,114.989998
2023-05-24,AMZN,116.75
2023-05-25,AMZN,115.0
2023-05-26,AMZN,120.110001
2023-05-30,AMZN,121.660004
2023-05-31,AMZN,120.580002
2023-06-01,AMZN,122.769997
2023-06-02,AMZN,124.25
2023-06-05,AMZN,125.300003
2023-06-06,AMZN,126.610001
2023-06-07,AMZN,121.230003
2023-06-08,AMZN,124.25
2023-06-09,AMZN,123.43
2023-06-12,AMZN,126.57
2023-06-13,AMZN,126.660004
2023-06-14,AMZN,126.419998
2023-06-15,AMZN,127.110001
2023-06-16,AMZN,125.489998
2023-06-20,AMZN,125.779999
2023-06-21,AMZN,124.830002
2023-06-22,AMZN,130.149994
2023-06-23,AMZN,129.330002
2023-06-26,AMZN,127.330002
2023-06-27,AMZN,129.179993
2023-06-28,AMZN,129.039993
2023-06-29,AMZN,127.900002
2023-06-30,AMZN,130.360001
2023-07-03,AMZN,130.220001
2023-07-05,AMZN,130.380005
2023-07-06,AMZN,128.360001
2023-07-07,AMZN,129.779999
2023-07-10,AMZN,127.129997
2023-07-11,AMZN,128.779999
2023-07-12,AMZN,130.800003
2023-07-13,AMZN,134.300003
2023-07-14,AMZN,134.679993
2023-07-17,AMZN,133.559998
2023-07-18,AMZN,132.830002
2023-07-19,AMZN,135.360001
2023-07-20,AMZN,129.960007
2023-07-21,AMZN,130.0
2023-07-24,AMZN,128.800003
2023-07-25,AMZN,129.130005
2023-07-26,AMZN,128.149994
2023-07-27,AMZN,128.25
2023-07-28,AMZN,132.210007
2023-07-31,AMZN,133.679993
2023-08-01,AMZN,131.690002
2023-08-02,AMZN,128.210007
2023-08-03,AMZN,128.910004
2023-08-04,AMZN,139.570007
2023-08-07,AMZN,142.220001
2023-08-08,AMZN,139.940002
2023-08-09,AMZN,137.850006
2023-08-10,AMZN,138.559998
2023-08-11,AMZN,138.410004
2023-08-14,AMZN,140.570007
2023-08-15,AMZN,137.669998
2023-08-16,AMZN,135.070007
2023-08-17,AMZN,133.979996
2023-08-18,AMZN,133.220001
2023-08-21,AMZN,134.679993
2023-08-22,AMZN,134.25
2023-08-23,AMZN,135.520004
2023-08-24,AMZN,131.839996
2023-08-25,AMZN,133.259995
2023-08-28,AMZN,133.139999
2023-08-29,AMZN,134.910004
2023-08-30,AMZN,135.070007
2023-08-31,AMZN,138.009995
2023-09-01,AMZN,138.119995
2023-09-05,AMZN,137.270004
2023-09-06,AMZN,135.360001
2023-09-07,AMZN,137.850006
2023-09-08,AMZN,138.229996
2023-09-11,AMZN,143.100006
2023-09-12,AMZN,141.229996
2023-09-13,AMZN,144.850006
2023-09-14,AMZN,144.720001
2023-09-15,AMZN,140.389999
2023-09-18,AMZN,139.979996
2023-09-19,AMZN,137.630005
2023-09-20,AMZN,135.289993
2023-09-21,AMZN,129.330002
2023-09-22,AMZN,129.119995
2023-09-25,AMZN,131.270004
2023-09-26,AMZN,125.980003
2023-09-27,AMZN,125.980003
2023-09-28,AMZN,125.980003
2023-09-29,AMZN,127.120003
2023-10-02,AMZN,129.460007
2023-10-03,AMZN,124.720001
2023-10-04,AMZN,127.0
2023-10-05,AMZN,125.959999
2023-10-06,AMZN,127.959999
2023-10-09,AMZN,128.259995
2023-10-10,AMZN,129.479996
2023-10-11,AMZN,131.830002
2023-10-12,AMZN,132.330002
2023-10-13,AMZN,129.789993
2023-10-16,AMZN,132.550003
2023-10-17,AMZN,131.470001
2023-10-18,AMZN,128.130005
2023-10-19,AMZN,128.399994
2023-10-20,AMZN,125.169998
2023-10-23,AMZN,126.559998
2023-10-24,AMZN,128.559998
2023-10-25,AMZN,121.389999
2023-10-26,AMZN,119.57
2023-10-27,AMZN,127.739998
2023-10-30,AMZN,132.710007
2023-10-31,AMZN,133.089996
2023-11-01,AMZN,137.0
2023-11-02,AMZN,138.070007
2023-11-03,AMZN,138.600006
2023-11-06,AMZN,139.740005
2023-11-07,AMZN,142.710007
2023-11-08,AMZN,142.080002
2023-11-09,AMZN,140.600006
2023-11-10,AMZN,143.559998
2023-11-13,AMZN,142.589996
2023-11-14,AMZN,145.800003
2023-11-15,AMZN,143.199997
2023-11-16,AMZN,142.830002
2023-11-17,AMZN,145.179993
2023-11-20,AMZN,146.130005
2023-11-21,AMZN,143.899994
2023-11-22,AMZN,146.710007
2023-11-24,AMZN,146.740005
2023-11-27,AMZN,147.729996
2023-11-28,AMZN,147.029999
2023-11-29,AMZN,146.320007
2023-11-30,AMZN,146.089996
2023-12-01,AMZN,147.029999
2023-12-04,AMZN,144.839996
2023-12-05,AMZN,146.880005
2023-12-06,AMZN,144.520004
2023-12-07,AMZN,146.880005
2023-12-08,AMZN,147.419998
2023-12-11,AMZN,145.889999
2023-12-12,AMZN,147.479996
2023-12-13,AMZN,148.839996
2023-12-14,AMZN,147.419998
2023-12-15,AMZN,149.970001
2023-12-18,AMZN,154.070007
2023-12-19,AMZN,153.789993
2023-12-20,AMZN,152.119995
2023-12-21,AMZN,153.839996
2023-12-22,AMZN,153.419998
2023-12-26,AMZN,153.410004
2023-12-27,AMZN,153.339996
2023-12-28,AMZN,153.380005
2023-12-29,AMZN,151.940002
2024-01-02,AMZN,149.929993
2024-01-03,AMZN,148.470001
2024-01-04,AMZN,144.570007
2024-01-05,AMZN,145.240005
2024-01-08,AMZN,149.100006
2024-01-09,AMZN,151.369995
2024-01-10,AMZN,153.729996
2024-01-11,AMZN,155.179993
2024-01-12,AMZN,154.619995
2024-01-16,AMZN,153.160004
2024-01-17,AMZN,151.710007
2024-01-18,AMZN,153.5
2024-01-19,AMZN,155.339996
2024-01-22,AMZN,154.779999
2024-01-23,AMZN,156.020004
2024-01-24,AMZN,156.869995
2024-01-25,AMZN,157.75
2024-01-26,AMZN,159.119995
2024-01-29,AMZN,161.259995
2024-01-30,AMZN,159.0
2024-01-31,AMZN,155.199997
2024-02-01,AMZN,159.279999
2024-02-02,AMZN,171.809998
2024-02-05,AMZN,170.309998
2024-02-06,AMZN,169.149994
2024-02-07,AMZN,170.529999
2024-02-08,AMZN,169.839996
2024-02-09,AMZN,174.449997
2024-02-12,AMZN,172.339996
2024-02-13,AMZN,168.639999
2024-02-14,AMZN,170.979996
2024-02-15,AMZN,169.800003
2024-02-16,AMZN,169.509995
2024-02-20,AMZN,167.080002
2024-02-21,AMZN,168.589996
2024-02-22,AMZN,174.580002
2024-02-23,AMZN,174.990005
2024-02-26,AMZN,174.729996
2024-02-27,AMZN,173.539993
2024-02-28,AMZN,173.160004
2024-02-29,AMZN,176.759995
2024-03-01,AMZN,178.220001
2024-03-04,AMZN,177.580002
2024-03-05,AMZN,174.119995
2024-03-06,AMZN,173.509995
2024-03-07,AMZN,176.820007
2024-03-08,AMZN,175.350006
2024-03-11,AMZN,171.960007
2024-03-12,AMZN,175.389999
2024-03-13,AMZN,176.559998
2024-03-14,AMZN,178.75
2024-03-15,AMZN,174.419998
2024-03-18,AMZN,174.479996
2024-03-19,AMZN,175.899994
2024-03-20,AMZN,178.149994
2024-03-21,AMZN,178.149994
2024-03-22,AMZN,178.869995
2024-03-25,AMZN,179.710007
2024-03-26,AMZN,178.300003
2024-03-27,AMZN,179.830002
2024-03-28,AMZN,180.380005
2024-04-01,AMZN,180.970001
2024-04-02,AMZN,180.690002
2024-04-03,AMZN,182.410004
2024-04-04,AMZN,180.0
2024-04-05,AMZN,185.070007
2024-04-08,AMZN,185.190002
2024-04-09,AMZN,185.669998
2024-04-10,AMZN,185.949997
2024-04-11,AMZN,189.050003
2024-04-12,AMZN,186.130005
2024-04-15,AMZN,183.619995
2024-04-16,AMZN,183.320007
2024-04-17,AMZN,181.279999
2024-04-18,AMZN,179.220001
2024-04-19,AMZN,174.630005
2024-04-22,AMZN,177.229996
2024-04-23,AMZN,179.539993
2024-04-24,AMZN,176.589996
2024-04-25,AMZN,173.669998
2024-04-26,AMZN,179.619995
2024-04-29,AMZN,180.960007
2024-04-30,AMZN,175.0
2024-05-01,AMZN,179.0
2024-05-02,AMZN,184.720001
2024-05-03,AMZN,186.210007
2024-05-06,AMZN,188.699997
2024-05-07,AMZN,188.759995
2024-05-08,AMZN,188.0
2024-05-09,AMZN,189.5
2024-05-10,AMZN,187.479996
2024-05-13,AMZN,186.570007
2024-05-14,AMZN,187.070007
2024-05-15,AMZN,185.990005
2024-05-16,AMZN,183.630005
2024-05-17,AMZN,184.699997
2024-05-20,AMZN,183.539993
2024-05-21,AMZN,183.149994
2024-05-22,AMZN,183.130005
2024-05-23,AMZN,181.050003
2024-05-24,AMZN,180.75
2024-05-28,AMZN,182.149994
2024-05-29,AMZN,182.020004
2024-05-30,AMZN,179.320007
2024-05-31,AMZN,176.440002
2024-06-03,AMZN,178.339996
2024-06-04,AMZN,179.339996
2024-06-05,AMZN,181.279999
2024-06-06,AMZN,185.0
2024-06-07,AMZN,184.300003
2024-06-10,AMZN,187.059998
2024-06-11,AMZN,187.229996
2024-06-12,AMZN,186.889999
2024-06-13,AMZN,183.830002
2024-06-14,AMZN,183.660004
2024-06-17,AMZN,184.059998
2024-06-18,AMZN,182.809998
2024-06-20,AMZN,186.100006
2024-06-21,AMZN,189.080002
2024-06-24,AMZN,185.570007
2024-06-25,AMZN,186.339996
2024-06-26,AMZN,193.610001
2024-06-27,AMZN,197.850006
2024-06-28,AMZN,193.25
2024-07-01,AMZN,197.199997
2024-07-02,AMZN,200.0
2024-07-03,AMZN,197.589996
2024-07-05,AMZN,200.0
2024-07-08,AMZN,199.289993
2024-07-09,AMZN,199.339996
2024-07-10,AMZN,199.789993
2024-07-11,AMZN,195.050003
2024-07-12,AMZN,194.490005
2024-07-15,AMZN,192.720001
2024-07-16,AMZN,193.020004
2024-07-17,AMZN,187.929993
2024-07-18,AMZN,183.75
2024-07-19,AMZN,183.130005
2024-07-22,AMZN,182.550003
2024-07-23,AMZN,186.410004
2024-07-24,AMZN,180.830002
2024-07-25,AMZN,179.850006
2024-07-26,AMZN,182.5
2024-07-29,AMZN,183.199997
2024-07-30,AMZN,181.710007
2024-07-31,AMZN,186.979996
2024-08-01,AMZN,184.070007
2024-08-02,AMZN,167.899994
2024-08-05,AMZN,161.020004
2024-08-06,AMZN,161.929993
2024-08-07,AMZN,162.770004
2024-08-08,AMZN,165.800003
2024-08-09,AMZN,166.940002
2024-08-12,AMZN,166.800003
2024-08-13,AMZN,170.229996
2024-08-14,AMZN,170.100006
2024-08-15,AMZN,177.589996
2024-08-16,AMZN,177.059998
2024-08-19,AMZN,178.220001
2024-08-20,AMZN,178.880005
2024-08-21,AMZN,180.110001
2024-08-22,AMZN,176.130005
2024-08-23,AMZN,177.039993
2024-08-26,AMZN,175.5
2024-08-27,AMZN,173.119995
2024-08-28,AMZN,170.800003
2024-08-29,AMZN,172.119995
2024-08-30,AMZN,178.5
2024-09-03,AMZN,176.25
2024-09-04,AMZN,173.330002
2024-09-05,AMZN,177.889999
2024-09-06,AMZN,171.389999
2024-09-09,AMZN,175.399994
2024-09-10,AMZN,179.550003
2024-09-11,AMZN,184.520004
2024-09-12,AMZN,187.0
2024-09-13,AMZN,186.490005
2024-09-16,AMZN,184.889999
2024-09-17,AMZN,186.880005
2024-09-18,AMZN,186.429993
2024-09-19,AMZN,189.869995
2024-09-20,AMZN,191.600006
2024-09-23,AMZN,193.880005
2024-09-24,AMZN,193.960007
2024-09-25,AMZN,192.529999
2024-09-26,AMZN,191.160004
2024-09-27,AMZN,187.970001
2024-09-30,AMZN,186.330002
2024-10-01,AMZN,185.130005
2024-10-02,AMZN,184.759995
2024-10-03,AMZN,181.960007
2024-10-04,AMZN,186.509995
2024-10-07,AMZN,180.800003
2024-10-08,AMZN,182.720001
2024-10-09,AMZN,185.169998
2024-10-10,AMZN,186.649994
2024-10-11,AMZN,188.820007
2024-10-14,AMZN,187.539993
2024-10-15,AMZN,187.690002
2024-10-16,AMZN,186.889999
2024-10-17,AMZN,187.529999
2024-10-18,AMZN,188.990005
2024-10-21,AMZN,189.070007
2024-10-22,AMZN,189.699997
2024-10-23,AMZN,184.710007
2024-10-24,AMZN,186.380005
2024-10-25,AMZN,187.830002
2024-10-28,AMZN,188.389999
2024-10-29,AMZN,190.830002
2024-10-30,AMZN,192.729996
2024-10-31,AMZN,186.399994
2024-11-01,AMZN,197.929993
2024-11-04,AMZN,195.779999
2024-11-05,AMZN,199.5
2024-11-06,AMZN,207.089996
2024-11-07,AMZN,210.050003
2024-11-08,AMZN,208.179993
2024-11-11,AMZN,206.839996
2024-11-12,AMZN,208.910004
2024-11-13,AMZN,214.100006
2024-11-14,AMZN,211.479996
2024-11-15,AMZN,202.610001
2024-11-18,AMZN,201.699997
2024-11-19,AMZN,204.610001
2024-11-20,AMZN,202.880005
2024-11-21,AMZN,198.380005
2024-11-22,AMZN,197.119995
2024-11-25,AMZN,201.449997
2024-11-26,AMZN,207.860001
2024-11-27,AMZN,205.740005
2024-11-29,AMZN,207.889999
2024-12-02,AMZN,210.710007
2024-12-03,AMZN,213.440002
2024-12-04,AMZN,218.160004
2024-12-05,AMZN,220.550003
2024-12-06,AMZN,227.029999
2024-12-09,AMZN,226.089996
2024-12-10,AMZN,225.039993
2024-12-11,AMZN,230.259995
2024-12-12,AMZN,228.970001
2024-12-13,AMZN,227.460007
2024-12-16,AMZN,232.929993
2024-12-17,AMZN,231.149994
2024-12-18,AMZN,220.520004
2024-12-19,AMZN,223.289993
2024-12-20,AMZN,224.919998
2024-12-23,AMZN,225.059998
2024-12-24,AMZN,229.050003
2024-12-26,AMZN,227.050003
2024-12-27,AMZN,223.75
2024-12-30,AMZN,221.300003
2024-12-31,AMZN,219.389999
2025-01-02,AMZN,220.220001
2025-01-03,AMZN,224.190002
2025-01-06,AMZN,227.610001
2025-01-07,AMZN,222.110001
2025-01-08,AMZN,222.130005
2025-01-10,AMZN,218.940002
2025-01-13,AMZN,218.460007
2025-01-14,AMZN,217.759995
2025-01-15,AMZN,223.350006
2025-01-16,AMZN,220.660004
2025-01-17,AMZN,225.940002
2025-01-21,AMZN,230.710007
2025-01-22,AMZN,235.009995
2025-01-23,AMZN,235.419998
2025-01-24,AMZN,234.850006
2025-01-27,AMZN,235.419998
2025-01-28,AMZN,238.149994
2025-01-29,AMZN,237.070007
2025-01-30,AMZN,234.639999
2025-01-31,AMZN,237.679993
2025-02-03,AMZN,237.419998
2025-02-04,AMZN,242.059998
2025-02-05,AMZN,236.169998
2025-02-06,AMZN,238.830002
2025-02-07,AMZN,229.149994
2025-02-10,AMZN,233.139999
2025-02-11,AMZN,232.759995
2025-02-12,AMZN,228.929993
2025-02-13,AMZN,230.369995
2025-02-14,AMZN,228.679993
2025-02-18,AMZN,226.649994
2025-02-19,AMZN,226.630005
2025-02-20,AMZN,222.880005
2025-02-21,AMZN,216.580002
2025-02-24,AMZN,212.710007
2025-02-25,AMZN,212.800003
2025-02-26,AMZN,214.350006
2025-02-27,AMZN,208.740005
2025-02-28,AMZN,212.279999
2025-03-03,AMZN,205.020004
2025-03-04,AMZN,203.800003
2025-03-05,AMZN,208.360001
2025-03-06,AMZN,200.699997
2025-03-07,AMZN,199.25
2025-03-10,AMZN,194.539993
2025-03-11,AMZN,196.589996
2025-03-12,AMZN,198.889999
2025-03-13,AMZN,193.889999
2025-03-14,AMZN,197.949997
2025-03-17,AMZN,195.740005
2025-03-18,AMZN,192.820007
2025-03-19,AMZN,195.539993
2025-03-20,AMZN,194.949997
2025-03-21,AMZN,196.210007
2025-03-24,AMZN,203.259995
2025-03-25,AMZN,205.710007
2025-03-26,AMZN,201.130005
2025-03-27,AMZN,201.360001
2025-03-28,AMZN,192.720001
2025-03-31,AMZN,190.259995
2025-04-01,AMZN,192.169998
2025-04-02,AMZN,196.009995
2025-04-03,AMZN,178.410004
2025-04-04,AMZN,171.0
2025-04-07,AMZN,175.259995
2025-04-08,AMZN,170.660004
2025-04-09,AMZN,191.100006
2025-04-10,AMZN,181.220001
2025-04-11,AMZN,184.869995
2025-04-14,AMZN,182.119995
2025-04-15,AMZN,179.589996
2025-04-16,AMZN,174.330002
2025-04-17,AMZN,172.610001
2025-04-21,AMZN,167.320007
2025-04-22,AMZN,173.179993
2025-04-23,AMZN,180.600006
2025-04-24,AMZN,186.539993
2025-04-25,AMZN,188.990005
2025-04-28,AMZN,187.699997
2025-04-29,AMZN,187.389999
2025-04-30,AMZN,184.419998
2025-05-01,AMZN,190.199997
2025-05-02,AMZN,189.979996
2025-05-05,AMZN,186.350006
2025-05-06,AMZN,185.009995
2025-05-07,AMZN,188.710007
2025-05-08,AMZN,192.080002
2025-05-09,AMZN,193.059998
2025-05-12,AMZN,208.639999
2025-05-13,AMZN,211.369995
2025-05-14,AMZN,210.25
2025-05-15,AMZN,205.169998
2025-05-16,AMZN,205.589996
2025-05-19,AMZN,206.160004
2025-05-20,AMZN,204.070007
2025-05-21,AMZN,201.119995
2025-05-22,AMZN,203.100006
2025-05-23,AMZN,200.990005
2025-05-27,AMZN,206.020004
2025-05-28,AMZN,204.720001
2025-05-29,AMZN,205.699997
2025-05-30,AMZN,205.009995
2025-06-02,AMZN,206.649994
2025-06-03,AMZN,205.710007
2025-06-04,AMZN,207.229996
2025-06-05,AMZN,207.910004
2025-06-06,AMZN,213.570007
2025-06-09,AMZN,216.979996
2025-06-10,AMZN,217.610001
2025-06-11,AMZN,213.199997
2025-06-12,AMZN,213.240005
2025-06-13,AMZN,212.100006
2025-06-16,AMZN,216.100006
2025-06-17,AMZN,214.820007
2025-06-18,AMZN,212.520004
2025-06-20,AMZN,209.690002
2025-06-23,AMZN,208.470001
2025-06-24,AMZN,212.770004
2025-06-25,AMZN,211.990005
2025-06-26,AMZN,217.119995
2025-06-27,AMZN,223.300003
2025-06-30,AMZN,219.389999
2025-07-01,AMZN,220.460007
2025-07-02,AMZN,219.919998
2025-07-03,AMZN,223.410004
2025-07-07,AMZN,223.470001
2025-07-08,AMZN,219.360001
2025-07-09,AMZN,222.539993
2025-07-10,AMZN,222.259995
2025-07-11,AMZN,225.020004
2025-07-14,AMZN,225.690002
2025-07-15,AMZN,226.350006
2025-07-16,AMZN,223.190002
2025-07-17,AMZN,223.880005
2025-07-18,AMZN,226.130005
2025-07-21,AMZN,229.300003
2025-07-22,AMZN,227.470001
2025-07-23,AMZN,228.289993
2025-07-24,AMZN,232.229996
2025-07-25,AMZN,231.440002
2025-07-28,AMZN,232.789993
2025-07-29,AMZN,231.009995
2025-07-30,AMZN,230.190002
2025-07-31,AMZN,234.110001
2025-08-01,AMZN,214.75
2025-08-04,AMZN,211.649994
2025-08-05,AMZN,213.75
2025-08-06,AMZN,222.309998
2025-08-07,AMZN,223.130005
2025-08-08,AMZN,222.690002
2025-08-11,AMZN,221.300003
2025-08-12,AMZN,221.470001
2025-08-13,AMZN,224.559998
2025-08-14,AMZN,230.979996
2025-08-15,AMZN,231.029999
2025-08-18,AMZN,231.490005
2025-08-19,AMZN,228.009995
2025-08-20,AMZN,223.809998
2025-08-21,AMZN,221.949997
2025-08-22,AMZN,228.839996
2025-08-25,AMZN,227.940002
2025-08-26,AMZN,228.710007
2025-08-27,AMZN,229.119995
2025-08-28,AMZN,231.600006
2025-08-29,AMZN,229.0
2025-09-02,AMZN,225.339996
2025-09-03,AMZN,225.990005
2025-09-04,AMZN,235.679993
2025-09-05,AMZN,232.330002
2025-09-08,AMZN,235.839996
2025-09-09,AMZN,238.240005
2025-09-10,AMZN,230.330002
2025-09-11,AMZN,229.949997
2025-09-12,AMZN,228.149994
2025-09-15,AMZN,231.429993
2025-09-16,AMZN,234.050003
2025-09-17,AMZN,231.619995
2025-09-18,AMZN,231.229996
2025-09-19,AMZN,231.479996
2025-09-22,AMZN,227.630005
2025-09-23,AMZN,220.710007
2025-09-24,AMZN,220.210007
2025-09-25,AMZN,218.149994
2025-09-26,AMZN,219.779999
2025-09-29,AMZN,222.169998
2025-09-30,AMZN,219.570007
2025-10-01,AMZN,220.630005
2025-10-02,AMZN,222.410004
2025-10-03,AMZN,219.509995
2025-10-06,AMZN,220.899994
2025-10-07,AMZN,221.779999
2025-10-08,AMZN,225.220001
2025-10-09,AMZN,227.740005
2025-10-10,AMZN,216.369995
2025-10-13,AMZN,220.070007
2025-10-14,AMZN,216.389999
2025-10-15,AMZN,215.570007
2025-10-16,AMZN,214.470001
2025-10-17,AMZN,213.039993
2025-10-20,AMZN,216.479996
2025-10-21,AMZN,222.029999
2025-10-22,AMZN,217.949997
2025-10-23,AMZN,221.089996
2025-10-24,AMZN,224.210007
2025-10-27,AMZN,226.970001
2025-10-28,AMZN,229.25
2025-10-29,AMZN,230.300003
2025-10-30,AMZN,222.860001
2025-10-31,AMZN,244.220001
2025-11-03,AMZN,254.0
2025-11-04,AMZN,249.320007
2025-11-05,AMZN,250.199997
2025-11-06,AMZN,243.039993
2025-11-07,AMZN,244.410004
2025-11-10,AMZN,248.399994
2025-11-11,AMZN,249.100006
2025-11-12,AMZN,244.199997
2025-11-13,AMZN,237.580002
2025-11-14,AMZN,234.690002
2025-11-17,AMZN,232.869995
2025-11-18,AMZN,222.550003
2025-11-19,AMZN,222.690002
2025-11-20,AMZN,217.139999
2025-11-21,AMZN,220.690002
2025-11-24,AMZN,226.279999
2025-11-25,AMZN,229.669998
2025-11-26,AMZN,229.160004
2025-11-28,AMZN,233.220001
2025-12-01,AMZN,233.880005
2025-12-02,AMZN,234.419998
2025-12-03,AMZN,232.380005
2025-12-04,AMZN,229.110001
2025-12-05,AMZN,229.529999
2025-12-08,AMZN,226.889999
2025-12-09,AMZN,227.919998
2025-12-10,AMZN,231.779999
2025-12-11,AMZN,230.279999
2025-12-12,AMZN,226.190002
2025-12-15,AMZN,222.539993
2025-12-16,AMZN,222.559998
2025-12-17,AMZN,221.270004
2025-12-18,AMZN,226.759995
2025-12-19,AMZN,227.350006
2025-12-22,AMZN,228.429993
2025-12-23,AMZN,232.139999
2025-12-24,AMZN,232.380005
2025-12-26,AMZN,232.520004
2025-12-29,AMZN,232.070007
2025-12-30,AMZN,232.529999
2025-12-31,AMZN,230.820007
2026-01-02,AMZN,226.5
2026-01-05,AMZN,233.059998
2026-01-06,AMZN,240.929993
2026-01-07,AMZN,241.559998
2026-01-08,AMZN,246.289993
2026-01-09,AMZN,247.380005
2026-01-12,AMZN,246.470001
2026-01-13,AMZN,242.600006
2026-01-14,AMZN,236.649994
2026-01-15,AMZN,238.179993
2026-01-16,AMZN,239.119995
2026-01-20,AMZN,231.0
2026-01-21,AMZN,231.309998
2026-01-22,AMZN,234.339996
2026-01-23,AMZN,239.160004
2026-01-26,AMZN,238.419998
2026-01-27,AMZN,244.679993
2026-01-28,AMZN,243.009995
2026-01-29,AMZN,241.729996
2026-01-30,AMZN,239.300003
2026-02-02,AMZN,242.960007
2026-02-03,AMZN,238.619995
2026-02-04,AMZN,232.990005
2026-02-05,AMZN,222.690002
2026-02-06,AMZN,210.320007
2026-02-09,AMZN,208.720001
2026-02-10,AMZN,206.960007
2026-02-11,AMZN,204.080002
2026-02-12,AMZN,199.600006
2026-02-13,AMZN,198.789993
2026-02-17,AMZN,201.149994
2026-02-18,AMZN,204.789993
2026-02-19,AMZN,204.860001
2026-02-20,AMZN,210.110001
2026-02-23,AMZN,205.270004
2026-02-24,AMZN,208.559998
2026-02-25,AMZN,210.639999
2026-02-26,AMZN,207.919998
2026-02-27,AMZN,210.0
2026-03-02,AMZN,208.389999
2026-03-03,AMZN,208.729996
2026-03-04,AMZN,216.820007
2026-03-05,AMZN,218.940002
2026-03-06,AMZN,213.210007
2026-03-09,AMZN,213.490005
2026-03-10,AMZN,214.330002
2026-03-11,AMZN,212.649994
2026-03-12,AMZN,209.529999
2026-03-13,AMZN,207.669998
2026-03-16,AMZN,211.740005
2026-03-17,AMZN,215.199997
2026-03-18,AMZN,209.869995
2026-03-19,AMZN,208.759995
2026-03-20,AMZN,205.369995
2026-03-23,AMZN,210.139999
2026-03-24,AMZN,207.240005
2026-03-25,AMZN,211.710007
2026-03-26,AMZN,207.539993
2026-03-27,AMZN,199.339996
2026-03-30,AMZN,200.949997
2026-03-31,AMZN,208.270004
2026-04-01,AMZN,210.570007
2026-04-02,AMZN,209.770004
2026-04-06,AMZN,212.789993
2026-04-07,AMZN,213.770004
2026-04-08,AMZN,221.25
2026-04-09,AMZN,233.649994
2026-04-10,AMZN,238.380005
2026-04-13,AMZN,239.889999
2026-04-14,AMZN,249.020004
2026-04-15,AMZN,248.5
2026-04-16,AMZN,249.699997
2026-04-17,AMZN,250.559998
2026-04-20,AMZN,248.279999
2026-04-21,AMZN,249.910004
2026-04-22,AMZN,255.360001
2026-04-23,AMZN,255.080002
2026-04-24,AMZN,263.98999
2026-04-27,AMZN,261.119995
2026-04-28,AMZN,259.700012
2026-04-29,AMZN,263.040009
2026-04-30,AMZN,265.059998
2026-05-01,AMZN,268.26001
2026-05-04,AMZN,272.049988
2026-05-05,AMZN,273.549988
2026-05-06,AMZN,274.98999
2026-05-07,AMZN,271.170013
2026-05-08,AMZN,272.679993
2026-05-11,AMZN,268.98999
2026-05-12,AMZN,265.820007
2026-05-13,AMZN,270.130005
2026-05-14,AMZN,267.220001
2026-05-15,AMZN,264.140015
2026-05-18,AMZN,264.859985
2026-05-19,AMZN,259.339996
2026-05-20,AMZN,265.01001
2026-05-21,AMZN,268.459991
2026-05-22,AMZN,266.320007
2026-05-26,AMZN,265.290009
2026-05-27,AMZN,271.850006
2026-05-28,AMZN,274.0
2026-05-29,AMZN,270.640015
2026-06-01,AMZN,261.26001
2026-06-02,AMZN,256.519989
2026-06-03,AMZN,250.020004
2026-06-04,AMZN,253.789993
2026-06-05,AMZN,246.029999
2026-06-08,AMZN,245.220001
2026-06-09,AMZN,244.190002
2026-06-10,AMZN,238.0
2026-06-11,AMZN,241.509995
2026-06-12,AMZN,238.550003
2026-06-15,AMZN,246.020004
2026-06-16,AMZN,246.0
2026-06-17,AMZN,237.5
2026-06-18,AMZN,244.389999
2026-06-22,AMZN,232.789993
2026-06-23,AMZN,234.110001
2026-06-24,AMZN,234.270004
2026-06-25,AMZN,227.009995
2026-06-26,AMZN,232.690002
2026-06-29,AMZN,240.139999
2026-06-30,AMZN,238.339996
2026-07-01,AMZN,241.699997
2026-07-02,AMZN,242.669998
2026-07-06,AMZN,244.160004
2026-07-07,AMZN,245.979996
2026-07-08,AMZN,243.619995
2026-07-09,AMZN,247.039993
2026-07-10,AMZN,245.339996
2026-07-13,AMZN,247.309998
2026-07-14,AMZN,247.490005
2026-07-15,AMZN,254.960007
2026-07-16,AMZN,249.889999
2026-07-17,AMZN,247.229996
2026-07-20,AMZN,249.990005
2026-07-21,AMZN,247.550003
2026-07-22,AMZN,244.850006
2026-07-23,AMZN,233.660004
2026-07-24,AMZN,232.110001
2026-07-27,AMZN,231.389999
2026-07-28,AMZN,230.860001
2026-07-29,AMZN,226.649994
2026-07-30,AMZN,235.5
2026-07-31,AMZN,271.579987
2026-08-03,AMZN,284.019989
2026-08-04,AMZN,277.420013
2026-08-05,AMZN,272.649994
2026-08-06,AMZN,272.26001
2026-08-07,AMZN,274.480011
2026-08-10,AMZN,278.089996
2026-08-11,AMZN,272.269989
2026-08-12,AMZN,267.279999
2026-08-13,AMZN,265.130005
2026-08-14,AMZN,262.649994
2026-08-17,AMZN,261.309998
2026-08-18,AMZN,259.450012
2026-08-19,AMZN,265.839996
2026-08-20,AMZN,260.109985
2026-08-21,AMZN,258.630005
2026-08-24,AMZN,262.070007
2026-08-25,AMZN,261.059998
2026-08-26,AMZN,260.279999
2026-08-27,AMZN,256.26001
2026-08-28,AMZN,266.429993
2026-08-31,AMZN,259.769989
2026-09-01,AMZN,254.919998
2026-09-02,AMZN,254.979996
2026-09-03,AMZN,258.899994
2026-09-04,AMZN,258.51001
2026-09-08,AMZN,256.970001
2026-09-09,AMZN,252.399994
2026-09-10,AMZN,251.889999
2026-09-11,AMZN,256.779999
2026-09-14,AMZN,253.539993
2026-09-15,AMZN,248.419998
2026-09-16,AMZN,245.960007
2026-09-17,AMZN,251.190002
2026-09-18,AMZN,253.710007
2026-09-21,AMZN,258.450012
2026-09-22,AMZN,254.979996
2026-09-23,AMZN,249.270004
2026-09-24,AMZN,249.380005
2026-09-25,AMZN,249.669998
2026-09-28,AMZN,246.149994
2026-09-29,AMZN,246.669998
2026-09-30,AMZN,249.149994
2026-10-01,AMZN,248.229996
2021-10-04,JPM,147.317749
2021-10-05,JPM,149.72348
2021-10-06,JPM,150.04306
2021-10-07,JPM,150.99292
2021-10-08,JPM,151.108322
2021-10-11,JPM,147.930298
2021-10-12,JPM,146.793991
2021-10-13,JPM,142.923553
2021-10-14,JPM,145.116211
2021-10-15,JPM,147.903641
2021-10-18,JPM,147.850372
2021-10-19,JPM,149.64357
2021-10-20,JPM,151.658691
2021-10-21,JPM,150.469162
2021-10-22,JPM,152.493134
2021-10-25,JPM,151.747452
2021-10-26,JPM,152.155838
2021-10-27,JPM,148.986664
2021-10-28,JPM,151.23259
2021-10-29,JPM,150.815384
2021-11-01,JPM,150.735504
2021-11-02,JPM,151.330261
2021-11-03,JPM,151.383499
2021-11-04,JPM,149.395004
2021-11-05,JPM,149.181946
2021-11-08,JPM,150.078537
2021-11-09,JPM,148.942291
2021-11-10,JPM,148.800232
2021-11-11,JPM,148.791412
2021-11-12,JPM,148.125595
2021-11-15,JPM,147.859253
2021-11-16,JPM,146.793991
2021-11-17,JPM,146.003922
2021-11-18,JPM,144.743347
2021-11-19,JPM,142.852493
2021-11-22,JPM,145.8974
2021-11-23,JPM,149.386124
2021-11-24,JPM,148.214355
2021-11-26,JPM,143.749069
2021-11-29,JPM,143.127686
2021-11-30,JPM,140.997177
2021-12-01,JPM,140.162674
2021-12-02,JPM,143.109909
2021-12-03,JPM,140.517746
2021-12-06,JPM,142.177811
2021-12-07,JPM,144.317261
2021-12-08,JPM,142.666061
2021-12-09,JPM,142.444107
2021-12-10,JPM,141.875977
2021-12-13,JPM,140.189331
2021-12-14,JPM,141.263489
2021-12-15,JPM,140.207077
2021-12-16,JPM,142.399734
2021-12-17,JPM,139.159561
2021-12-20,JPM,136.656158
2021-12-21,JPM,138.564758
2021-12-22,JPM,139.106247
2021-12-23,JPM,139.603439
2021-12-27,JPM,140.402359
2021-12-28,JPM,140.828491
2021-12-29,JPM,140.757462
2021-12-30,JPM,140.686462
2021-12-31,JPM,140.571045
2022-01-03,JPM,143.544891
2022-01-04,JPM,148.986664
2022-01-05,JPM,146.262863
2022-01-06,JPM,147.816788
2022-01-07,JPM,149.281387
2022-01-10,JPM,149.424255
2022-01-11,JPM,149.57605
2022-01-12,JPM,150.424469
2022-01-13,JPM,150.236908
2022-01-14,JPM,141.002853
2022-01-18,JPM,135.090912
2022-01-19,JPM,133.00116
2022-01-20,JPM,131.866989
2022-01-21,JPM,129.562943
2022-01-24,JPM,129.446838
2022-01-25,JPM,130.857864
2022-01-26,JPM,132.099152
2022-01-27,JPM,129.768356
2022-01-28,JPM,130.929291
2022-01-31,JPM,132.706436
2022-02-01,JPM,134.983734
2022-02-02,JPM,133.903168
2022-02-03,JPM,132.795761
2022-02-04,JPM,136.24292
2022-02-07,JPM,136.698364
2022-02-08,JPM,139.270355
2022-02-09,JPM,139.850845
2022-02-10,JPM,139.270355
2022-02-11,JPM,137.457474
2022-02-14,JPM,136.180405
2022-02-15,JPM,138.171936
2022-02-16,JPM,138.421936
2022-02-17,JPM,135.233765
2022-02-18,JPM,135.867859
2022-02-22,JPM,135.626709
2022-02-23,JPM,132.786835
2022-02-24,JPM,129.089615
2022-02-25,JPM,132.143845
2022-02-28,JPM,126.633759
2022-03-01,JPM,121.855965
2022-03-02,JPM,124.383278
2022-03-03,JPM,123.499146
2022-03-04,JPM,120.025246
2022-03-07,JPM,115.390327
2022-03-08,JPM,114.577644
2022-03-09,JPM,119.1679
2022-03-10,JPM,117.756882
2022-03-11,JPM,115.104546
2022-03-14,JPM,116.247643
2022-03-15,JPM,118.310577
2022-03-16,JPM,123.597404
2022-03-17,JPM,125.16021
2022-03-18,JPM,125.115593
2022-03-21,JPM,124.713699
2022-03-22,JPM,127.366035
2022-03-23,JPM,124.829781
2022-03-24,JPM,125.642509
2022-03-25,JPM,126.740921
2022-03-28,JPM,125.803207
2022-03-29,JPM,126.080055
2022-03-30,JPM,125.508507
2022-03-31,JPM,121.739891
2022-04-01,JPM,120.837891
2022-04-04,JPM,121.373726
2022-04-05,JPM,119.96125
2022-04-06,JPM,118.296898
2022-04-07,JPM,117.937004
2022-04-08,JPM,120.096199
2022-04-11,JPM,119.65538
2022-04-12,JPM,118.341835
2022-04-13,JPM,114.527283
2022-04-14,JPM,113.465668
2022-04-18,JPM,115.5709
2022-04-19,JPM,117.963997
2022-04-20,JPM,118.377838
2022-04-21,JPM,117.460182
2022-04-22,JPM,114.086449
2022-04-25,JPM,114.050461
2022-04-26,JPM,110.676704
2022-04-27,JPM,109.237244
2022-04-28,JPM,110.964622
2022-04-29,JPM,107.383942
2022-05-02,JPM,108.364586
2022-05-03,JPM,110.685715
2022-05-04,JPM,114.347343
2022-05-05,JPM,111.486404
2022-05-06,JPM,111.30648
2022-05-09,JPM,109.633095
2022-05-10,JPM,106.961113
2022-05-11,JPM,106.286369
2022-05-12,JPM,106.196381
2022-05-13,JPM,107.141029
2022-05-16,JPM,106.39431
2022-05-17,JPM,109.920998
2022-05-18,JPM,108.040703
2022-05-19,JPM,106.439301
2022-05-20,JPM,105.566605
2022-05-23,JPM,112.098175
2022-05-24,JPM,113.68158
2022-05-25,JPM,114.473305
2022-05-26,JPM,116.45256
2022-05-27,JPM,118.098938
2022-05-31,JPM,118.962631
2022-06-01,JPM,116.875404
2022-06-02,JPM,118.755707
2022-06-03,JPM,117.100327
2022-06-06,JPM,116.71344
2022-06-07,JPM,117.019341
2022-06-08,JPM,115.157059
2022-06-09,JPM,112.736954
2022-06-10,JPM,107.554878
2022-06-13,JPM,104.352081
2022-06-14,JPM,102.615723
2022-06-15,JPM,103.830254
2022-06-16,JPM,102.048943
2022-06-17,JPM,101.689072
2022-06-21,JPM,104.20813
2022-06-22,JPM,103.623352
2022-06-23,JPM,102.489777
2022-06-24,JPM,105.548637
2022-06-27,JPM,104.702942
2022-06-28,JPM,104.199135
2022-06-29,JPM,103.7313
2022-06-30,JPM,101.311195
2022-07-01,JPM,102.60672
2022-07-05,JPM,102.216454
2022-07-06,JPM,101.553894
2022-07-07,JPM,104.122459
2022-07-08,JPM,103.795715
2022-07-11,JPM,102.434265
2022-07-12,JPM,102.534111
2022-07-13,JPM,101.572044
2022-07-14,JPM,98.023216
2022-07-15,JPM,102.515961
2022-07-18,JPM,101.463127
2022-07-19,JPM,103.977249
2022-07-20,JPM,103.959084
2022-07-21,JPM,104.66703
2022-07-22,JPM,104.158752
2022-07-25,JPM,104.576271
2022-07-26,JPM,102.942543
2022-07-27,JPM,104.594429
2022-07-28,JPM,104.20414
2022-07-29,JPM,104.703323
2022-08-01,JPM,103.659569
2022-08-02,JPM,102.043991
2022-08-03,JPM,103.11499
2022-08-04,JPM,101.980461
2022-08-05,JPM,105.066376
2022-08-08,JPM,103.786629
2022-08-09,JPM,104.721489
2022-08-10,JPM,107.45343
2022-08-11,JPM,109.041756
2022-08-12,JPM,110.847939
2022-08-15,JPM,111.147446
2022-08-16,JPM,112.209373
2022-08-17,JPM,111.265442
2022-08-18,JPM,110.403198
2022-08-19,JPM,107.671257
2022-08-22,JPM,105.892319
2022-08-23,JPM,104.848557
2022-08-24,JPM,105.102692
2022-08-25,JPM,107.59864
2022-08-26,JPM,104.07708
2022-08-29,JPM,103.822929
2022-08-30,JPM,103.841103
2022-08-31,JPM,103.223923
2022-09-01,JPM,103.931854
2022-09-02,JPM,103.205757
2022-09-06,JPM,103.232979
2022-09-07,JPM,105.193451
2022-09-08,JPM,107.644028
2022-09-09,JPM,108.161385
2022-09-12,JPM,109.441124
2022-09-13,JPM,105.638184
2022-09-14,JPM,105.39312
2022-09-15,JPM,106.981483
2022-09-16,JPM,106.264435
2022-09-19,JPM,107.244682
2022-09-20,JPM,105.129921
2022-09-21,JPM,102.098473
2022-09-22,JPM,100.936699
2022-09-23,JPM,99.057915
2022-09-26,JPM,96.925018
2022-09-27,JPM,96.071831
2022-09-28,JPM,98.014145
2022-09-29,JPM,96.353218
2022-09-30,JPM,94.84655
2022-10-03,JPM,97.778175
2022-10-04,JPM,102.352577
2022-10-05,JPM,101.08886
2022-10-06,JPM,99.02845
2022-10-07,JPM,97.050438
2022-10-10,JPM,96.143852
2022-10-11,JPM,93.369164
2022-10-12,JPM,94.880119
2022-10-13,JPM,100.1548
2022-10-14,JPM,101.821465
2022-10-17,JPM,106.097984
2022-10-18,JPM,108.826881
2022-10-19,JPM,106.69323
2022-10-20,JPM,106.345238
2022-10-21,JPM,111.931259
2022-10-24,JPM,112.068619
2022-10-25,JPM,112.361664
2022-10-26,JPM,113.652863
2022-10-27,JPM,114.101555
2022-10-28,JPM,115.456871
2022-10-31,JPM,115.273712
2022-11-01,JPM,117.352463
2022-11-02,JPM,116.271896
2022-11-03,JPM,116.482506
2022-11-04,JPM,119.669266
2022-11-07,JPM,120.301132
2022-11-08,JPM,120.37442
2022-11-09,JPM,118.808502
2022-11-10,JPM,123.698563
2022-11-11,JPM,123.900032
2022-11-14,JPM,122.627144
2022-11-15,JPM,121.738846
2022-11-16,JPM,121.903687
2022-11-17,JPM,121.372566
2022-11-18,JPM,122.563057
2022-11-21,JPM,121.839615
2022-11-22,JPM,123.661926
2022-11-23,JPM,124.980583
2022-11-25,JPM,125.218704
2022-11-28,JPM,123.030083
2022-11-29,JPM,125.053841
2022-11-30,JPM,126.537354
2022-12-01,JPM,124.760841
2022-12-02,JPM,123.771828
2022-12-05,JPM,120.301132
2022-12-06,JPM,120.502625
2022-12-07,JPM,120.420197
2022-12-08,JPM,121.683937
2022-12-09,JPM,121.02459
2022-12-12,JPM,122.901886
2022-12-13,JPM,122.782814
2022-12-14,JPM,122.169289
2022-12-15,JPM,119.138176
2022-12-16,JPM,118.396416
2022-12-19,JPM,119.101532
2022-12-20,JPM,119.678452
2022-12-21,JPM,121.02459
2022-12-22,JPM,119.650978
2022-12-23,JPM,120.218727
2022-12-27,JPM,120.639977
2022-12-28,JPM,121.299339
2022-12-29,JPM,121.995277
2022-12-30,JPM,122.801125
2023-01-03,JPM,123.735161
2023-01-04,JPM,124.889038
2023-01-05,JPM,124.861359
2023-01-06,JPM,127.250641
2023-01-09,JPM,126.724808
2023-01-10,JPM,127.859489
2023-01-11,JPM,128.809692
2023-01-12,JPM,128.680542
2023-01-13,JPM,131.927734
2023-01-17,JPM,129.888977
2023-01-18,JPM,125.986809
2023-01-19,JPM,124.307831
2023-01-20,JPM,124.612267
2023-01-23,JPM,126.632561
2023-01-24,JPM,127.721123
2023-01-25,JPM,128.339203
2023-01-26,JPM,129.132568
2023-01-27,JPM,129.446213
2023-01-30,JPM,128.348465
2023-01-31,JPM,129.11412
2023-02-01,JPM,128.772766
2023-02-02,JPM,128.173187
2023-02-03,JPM,130.15654
2023-02-06,JPM,130.922226
2023-02-07,JPM,132.518158
2023-02-08,JPM,131.586426
2023-02-09,JPM,129.538467
2023-02-10,JPM,130.110397
2023-02-13,JPM,131.521851
2023-02-14,JPM,132.103012
2023-02-15,JPM,132.656586
2023-02-16,JPM,130.829987
2023-02-17,JPM,131.217422
2023-02-21,JPM,128.809692
2023-02-22,JPM,127.822632
2023-02-23,JPM,128.846603
2023-02-24,JPM,130.008942
2023-02-27,JPM,131.1436
2023-02-28,JPM,132.241409
2023-03-01,JPM,131.503403
2023-03-02,JPM,130.138092
2023-03-03,JPM,132.52739
2023-03-06,JPM,131.752472
2023-03-07,JPM,127.87793
2023-03-08,JPM,127.121506
2023-03-09,JPM,120.239594
2023-03-10,JPM,123.293083
2023-03-13,JPM,121.079086
2023-03-14,JPM,124.187935
2023-03-15,JPM,118.320778
2023-03-16,JPM,120.617813
2023-03-17,JPM,116.060623
2023-03-20,JPM,117.287567
2023-03-21,JPM,120.433311
2023-03-22,JPM,117.324455
2023-03-23,JPM,117.010811
2023-03-24,JPM,115.230385
2023-03-27,JPM,118.532959
2023-03-28,JPM,118.892723
2023-03-29,JPM,119.132584
2023-03-30,JPM,118.772812
2023-03-31,JPM,120.211906
2023-04-03,JPM,120.073547
2023-04-04,JPM,118.468376
2023-04-05,JPM,118.645027
2023-04-06,JPM,118.514862
2023-04-10,JPM,118.905365
2023-04-11,JPM,119.491096
2023-04-12,JPM,119.472496
2023-04-13,JPM,119.928101
2023-04-14,JPM,128.98378
2023-04-17,JPM,130.006531
2023-04-18,JPM,131.466232
2023-04-19,JPM,131.298904
2023-04-20,JPM,130.917648
2023-04-21,JPM,130.666641
2023-04-24,JPM,130.843307
2023-04-25,JPM,127.998283
2023-04-26,JPM,125.729691
2023-04-27,JPM,127.421837
2023-04-28,JPM,128.528244
2023-05-01,JPM,131.280289
2023-05-02,JPM,129.160461
2023-05-03,JPM,126.427002
2023-05-04,JPM,124.697678
2023-05-05,JPM,127.133598
2023-05-08,JPM,127.440453
2023-05-09,JPM,126.826805
2023-05-10,JPM,126.891861
2023-05-11,JPM,126.492111
2023-05-12,JPM,124.6791
2023-05-15,JPM,125.729691
2023-05-16,JPM,124.883614
2023-05-17,JPM,128.723465
2023-05-18,JPM,129.699722
2023-05-19,JPM,129.402145
2023-05-22,JPM,128.332977
2023-05-23,JPM,126.994141
2023-05-24,JPM,125.831963
2023-05-25,JPM,126.138771
2023-05-26,JPM,127.319572
2023-05-30,JPM,127.803078
2023-05-31,JPM,126.175987
2023-06-01,JPM,127.914612
2023-06-02,JPM,130.601578
2023-06-05,JPM,129.318542
2023-06-06,JPM,129.55098
2023-06-07,JPM,130.806107
2023-06-08,JPM,130.843307
2023-06-09,JPM,131.103607
2023-06-12,JPM,131.09436
2023-06-13,JPM,132.042694
2023-06-14,JPM,131.549927
2023-06-15,JPM,133.037506
2023-06-16,JPM,133.195557
2023-06-20,JPM,132.516861
2023-06-21,JPM,132.321594
2023-06-22,JPM,129.774078
2023-06-23,JPM,129.095398
2023-06-26,JPM,129.411484
2023-06-27,JPM,129.420792
2023-06-28,JPM,128.853622
2023-06-29,JPM,133.353622
2023-06-30,JPM,135.222443
2023-07-03,JPM,136.310211
2023-07-05,JPM,135.402161
2023-07-06,JPM,134.063522
2023-07-07,JPM,135.121338
2023-07-10,JPM,135.879608
2023-07-11,JPM,138.004608
2023-07-12,JPM,138.687958
2023-07-13,JPM,139.361984
2023-07-14,JPM,140.204529
2023-07-17,JPM,143.583969
2023-07-18,JPM,143.8461
2023-07-19,JPM,144.398376
2023-07-20,JPM,146.177048
2023-07-21,JPM,145.053696
2023-07-24,JPM,147.90889
2023-07-25,JPM,146.80426
2023-07-26,JPM,147.684204
2023-07-27,JPM,146.055359
2023-07-28,JPM,146.888504
2023-07-31,JPM,147.87146
2023-08-01,JPM,147.141281
2023-08-02,JPM,145.47493
2023-08-03,JPM,146.364288
2023-08-04,JPM,146.055359
2023-08-07,JPM,146.748062
2023-08-08,JPM,145.924316
2023-08-09,JPM,143.967758
2023-08-10,JPM,143.752441
2023-08-11,JPM,144.585602
2023-08-14,JPM,144.885193
2023-08-15,JPM,141.196854
2023-08-16,JPM,140.597702
2023-08-17,JPM,139.137344
2023-08-18,JPM,139.455627
2023-08-21,JPM,139.933029
2023-08-22,JPM,137.031052
2023-08-23,JPM,137.957809
2023-08-24,JPM,137.826752
2023-08-25,JPM,137.658249
2023-08-28,JPM,138.135681
2023-08-29,JPM,139.259018
2023-08-30,JPM,138.697342
2023-08-31,JPM,136.984222
2023-09-01,JPM,137.442947
2023-09-05,JPM,135.926392
2023-09-06,JPM,135.701706
2023-09-07,JPM,134.540924
2023-09-08,JPM,134.643906
2023-09-11,JPM,135.233688
2023-09-12,JPM,136.993576
2023-09-13,JPM,137.059128
2023-09-14,JPM,139.717728
2023-09-15,JPM,139.305847
2023-09-18,JPM,139.596039
2023-09-19,JPM,139.418167
2023-09-20,JPM,138.828415
2023-09-21,JPM,137.742493
2023-09-22,JPM,136.422516
2023-09-25,JPM,137.096573
2023-09-26,JPM,135.673645
2023-09-27,JPM,136.46933
2023-09-28,JPM,138.163773
2023-09-29,JPM,135.757889
2023-10-02,JPM,134.587723
2023-10-03,JPM,133.595428
2023-10-04,JPM,134.19455
2023-10-05,JPM,134.760391
2023-10-06,JPM,136.835083
2023-10-09,JPM,136.52388
2023-10-10,JPM,137.353729
2023-10-11,JPM,137.825272
2023-10-12,JPM,137.504623
2023-10-13,JPM,139.569901
2023-10-16,JPM,139.428452
2023-10-17,JPM,139.126663
2023-10-18,JPM,137.598953
2023-10-19,JPM,137.014252
2023-10-20,JPM,134.807541
2023-10-23,JPM,132.968613
2023-10-24,JPM,133.128937
2023-10-25,JPM,132.402756
2023-10-26,JPM,132.742294
2023-10-27,JPM,127.961075
2023-10-30,JPM,129.592545
2023-10-31,JPM,131.139114
2023-11-01,JPM,131.02597
2023-11-02,JPM,133.36467
2023-11-03,JPM,134.854691
2023-11-06,JPM,135.873154
2023-11-07,JPM,135.807144
2023-11-08,JPM,136.4767
2023-11-09,JPM,136.071213
2023-11-10,JPM,138.08931
2023-11-13,JPM,137.476318
2023-11-14,JPM,139.984833
2023-11-15,JPM,141.21077
2023-11-16,JPM,142.823364
2023-11-17,JPM,144.115341
2023-11-20,JPM,144.558548
2023-11-21,JPM,144.256805
2023-11-22,JPM,144.596298
2023-11-24,JPM,144.794327
2023-11-27,JPM,144.464264
2023-11-28,JPM,144.794327
2023-11-29,JPM,145.529922
2023-11-30,JPM,147.189651
2023-12-01,JPM,147.906326
2023-12-04,JPM,148.99086
2023-12-05,JPM,148.972
2023-12-06,JPM,147.406509
2023-12-07,JPM,147.859222
2023-12-08,JPM,149.490677
2023-12-11,JPM,150.037643
2023-12-12,JPM,151.37674
2023-12-13,JPM,151.885971
2023-12-14,JPM,154.649094
2023-12-15,JPM,155.818451
2023-12-18,JPM,156.761475
2023-12-19,JPM,158.855026
2023-12-20,JPM,157.063293
2023-12-21,JPM,157.959167
2023-12-22,JPM,157.864838
2023-12-26,JPM,158.798462
2023-12-27,JPM,159.750931
2023-12-28,JPM,160.599655
2023-12-29,JPM,160.411072
2024-01-02,JPM,162.278305
2024-01-03,JPM,161.571014
2024-01-04,JPM,162.643204
2024-01-05,JPM,163.459213
2024-01-08,JPM,163.222015
2024-01-09,JPM,161.931564
2024-01-10,JPM,162.273163
2024-01-11,JPM,161.589981
2024-01-12,JPM,160.4039
2024-01-16,JPM,159.398132
2024-01-17,JPM,158.544159
2024-01-18,JPM,158.8573
2024-01-19,JPM,161.599487
2024-01-22,JPM,161.409729
2024-01-23,JPM,160.346985
2024-01-24,JPM,161.779755
2024-01-25,JPM,164.094986
2024-01-26,JPM,163.468704
2024-01-29,JPM,163.895691
2024-01-30,JPM,167.254654
2024-01-31,JPM,165.442337
2024-02-01,JPM,164.844559
2024-02-02,JPM,165.793411
2024-02-05,JPM,165.57515
2024-02-06,JPM,166.144485
2024-02-07,JPM,166.457611
2024-02-08,JPM,165.859833
2024-02-09,JPM,166.059082
2024-02-12,JPM,166.79921
2024-02-13,JPM,165.347458
2024-02-14,JPM,167.026932
2024-02-15,JPM,170.670502
2024-02-16,JPM,169.873489
2024-02-20,JPM,170.537659
2024-02-21,JPM,171.647873
2024-02-22,JPM,173.706894
2024-02-23,JPM,174.579788
2024-02-26,JPM,173.982025
2024-02-27,JPM,174.067429
2024-02-28,JPM,174.949875
2024-02-29,JPM,176.543961
2024-03-01,JPM,175.813339
2024-03-04,JPM,177.132233
2024-03-05,JPM,178.906601
2024-03-06,JPM,179.836472
2024-03-07,JPM,178.261353
2024-03-08,JPM,178.59346
2024-03-11,JPM,178.659882
2024-03-12,JPM,180.130585
2024-03-13,JPM,181.591858
2024-03-14,JPM,178.356262
2024-03-15,JPM,180.567093
2024-03-18,JPM,182.806396
2024-03-19,JPM,183.878555
2024-03-20,JPM,186.288681
2024-03-21,JPM,188.879059
2024-03-22,JPM,186.563843
2024-03-25,JPM,184.855927
2024-03-26,JPM,185.719376
2024-03-27,JPM,189.315536
2024-03-28,JPM,190.055634
2024-04-01,JPM,188.765213
2024-04-02,JPM,188.689301
2024-04-03,JPM,188.157928
2024-04-04,JPM,186.726334
2024-04-05,JPM,188.444229
2024-04-08,JPM,189.427277
2024-04-09,JPM,188.157913
2024-04-10,JPM,186.55455
2024-04-11,JPM,186.516357
2024-04-12,JPM,174.452881
2024-04-15,JPM,174.548325
2024-04-16,JPM,172.553665
2024-04-17,JPM,171.86647
2024-04-18,JPM,172.983124
2024-04-19,JPM,177.325607
2024-04-22,JPM,180.770981
2024-04-23,JPM,183.37645
2024-04-24,JPM,184.27356
2024-04-25,JPM,184.550339
2024-04-26,JPM,184.664856
2024-04-29,JPM,184.464447
2024-04-30,JPM,182.994675
2024-05-01,JPM,183.109207
2024-05-02,JPM,182.918304
2024-05-03,JPM,181.82077
2024-05-06,JPM,183.242798
2024-05-07,JPM,183.004227
2024-05-08,JPM,186.726334
2024-05-09,JPM,188.491974
2024-05-10,JPM,189.704056
2024-05-13,JPM,189.665833
2024-05-14,JPM,192.319061
2024-05-15,JPM,192.891693
2024-05-16,JPM,193.235275
2024-05-17,JPM,195.449463
2024-05-20,JPM,186.659531
2024-05-21,JPM,190.419815
2024-05-22,JPM,189.265045
2024-05-23,JPM,187.938431
2024-05-24,JPM,191.555557
2024-05-28,JPM,190.400757
2024-05-29,JPM,189.074142
2024-05-30,JPM,190.23851
2024-05-31,JPM,193.38797
2024-06-03,JPM,192.614929
2024-06-04,JPM,190.076233
2024-06-05,JPM,188.262894
2024-06-06,JPM,187.928879
2024-06-07,JPM,190.830215
2024-06-10,JPM,190.505722
2024-06-11,JPM,185.495178
2024-06-12,JPM,182.794266
2024-06-13,JPM,184.827133
2024-06-14,JPM,184.941635
2024-06-17,JPM,186.086899
2024-06-18,JPM,188.014786
2024-06-20,JPM,189.608627
2024-06-21,JPM,187.346695
2024-06-24,JPM,189.809006
2024-06-25,JPM,189.03595
2024-06-26,JPM,188.425156
2024-06-27,JPM,190.085785
2024-06-28,JPM,193.034851
2024-07-01,JPM,196.079361
2024-07-02,JPM,199.305222
2024-07-03,JPM,199.171585
2024-07-05,JPM,196.532486
2024-07-08,JPM,196.897141
2024-07-09,JPM,199.257965
2024-07-10,JPM,199.421112
2024-07-11,JPM,199.08522
2024-07-12,JPM,196.676392
2024-07-15,JPM,201.580399
2024-07-16,JPM,205.006439
2024-07-17,JPM,208.125366
2024-07-18,JPM,201.513184
2024-07-19,JPM,201.321259
2024-07-22,JPM,201.801086
2024-07-23,JPM,201.849091
2024-07-24,JPM,200.17923
2024-07-25,JPM,200.255997
2024-07-26,JPM,203.682083
2024-07-29,JPM,202.348114
2024-07-30,JPM,206.513123
2024-07-31,JPM,204.219498
2024-08-01,JPM,199.574661
2024-08-02,JPM,191.110275
2024-08-05,JPM,187.041245
2024-08-06,JPM,192.261871
2024-08-07,JPM,192.319489
2024-08-08,JPM,195.831909
2024-08-09,JPM,197.50177
2024-08-12,JPM,197.876038
2024-08-13,JPM,199.55545
2024-08-14,JPM,201.762711
2024-08-15,JPM,203.019882
2024-08-16,JPM,205.342316
2024-08-19,JPM,206.762634
2024-08-20,JPM,205.870148
2024-08-21,JPM,205.946915
2024-08-22,JPM,207.895065
2024-08-23,JPM,209.507324
2024-08-26,JPM,210.332642
2024-08-27,JPM,211.301895
2024-08-28,JPM,212.367126
2024-08-29,JPM,213.250061
2024-08-30,JPM,215.735641
2024-09-03,JPM,211.417084
2024-09-04,JPM,210.486191
2024-09-05,JPM,208.854736
2024-09-06,JPM,203.893188
2024-09-09,JPM,208.067795
2024-09-10,JPM,197.271423
2024-09-11,JPM,198.874054
2024-09-12,JPM,198.269485
2024-09-13,JPM,196.081436
2024-09-16,JPM,199.478668
2024-09-17,JPM,200.812622
2024-09-18,JPM,199.161972
2024-09-19,JPM,201.993042
2024-09-20,JPM,202.57843
2024-09-23,JPM,202.914352
2024-09-24,JPM,203.058258
2024-09-25,JPM,201.714706
2024-09-26,JPM,201.321259
2024-09-27,JPM,202.012222
2024-09-30,JPM,202.357712
2024-10-01,JPM,198.691742
2024-10-02,JPM,198.931671
2024-10-03,JPM,196.954727
2024-10-04,JPM,203.945374
2024-10-07,JPM,203.665344
2024-10-08,JPM,203.491562
2024-10-09,JPM,206.06958
2024-10-10,JPM,205.509583
2024-10-11,JPM,214.634094
2024-10-14,JPM,213.852005
2024-10-15,JPM,214.730652
2024-10-16,JPM,215.937637
2024-10-17,JPM,216.690781
2024-10-18,JPM,217.608017
2024-10-21,JPM,215.319672
2024-10-22,JPM,216.401077
2024-10-23,JPM,215.71553
2024-10-24,JPM,217.231461
2024-10-25,JPM,214.653412
2024-10-28,JPM,217.733551
2024-10-29,JPM,215.223083
2024-10-30,JPM,216.681122
2024-10-31,JPM,214.27684
2024-11-01,JPM,215.261703
2024-11-04,JPM,212.210541
2024-11-05,JPM,213.861649
2024-11-06,JPM,238.550995
2024-11-07,JPM,228.238815
2024-11-08,JPM,228.818161
2024-11-11,JPM,231.048599
2024-11-12,JPM,231.309311
2024-11-13,JPM,232.854202
2024-11-14,JPM,233.539734
2024-11-15,JPM,236.861267
2024-11-18,JPM,236.590927
2024-11-19,JPM,234.717728
2024-11-20,JPM,232.487274
2024-11-21,JPM,236.330215
2024-11-22,JPM,239.9897
2024-11-25,JPM,241.669739
2024-11-26,JPM,241.360779
2024-11-27,JPM,241.186981
2024-11-29,JPM,241.119385
2024-12-02,JPM,237.76889
2024-12-03,JPM,236.388138
2024-12-04,JPM,235.017059
2024-12-05,JPM,237.025421
2024-12-06,JPM,238.840668
2024-12-09,JPM,235.412918
2024-12-10,JPM,234.495636
2024-12-11,JPM,235.142563
2024-12-12,JPM,233.211456
2024-12-13,JPM,231.676239
2024-12-16,JPM,231.328613
2024-12-17,JPM,230.15062
2024-12-18,JPM,222.435822
2024-12-19,JPM,224.93663
2024-12-20,JPM,229.416824
2024-12-23,JPM,230.179596
2024-12-24,JPM,233.9646
2024-12-26,JPM,234.766022
2024-12-27,JPM,232.863861
2024-12-30,JPM,231.077576
2024-12-31,JPM,231.454147
2025-01-02,JPM,231.734146
2025-01-03,JPM,234.901184
2025-01-06,JPM,233.755936
2025-01-07,JPM,236.007599
2025-01-08,JPM,235.968781
2025-01-10,JPM,232.80481
2025-01-13,JPM,237.016998
2025-01-14,JPM,240.180939
2025-01-15,JPM,244.917221
2025-01-16,JPM,246.780655
2025-01-17,JPM,251.526642
2025-01-21,JPM,255.282669
2025-01-22,JPM,255.098251
2025-01-23,JPM,258.116638
2025-01-24,JPM,257.039337
2025-01-27,JPM,258.019623
2025-01-28,JPM,259.271606
2025-01-29,JPM,258.728027
2025-01-30,JPM,260.329437
2025-01-31,JPM,259.42688
2025-02-03,JPM,258.951263
2025-02-04,JPM,260.048065
2025-02-05,JPM,262.464661
2025-02-06,JPM,268.74408
2025-02-07,JPM,267.676514
2025-02-10,JPM,263.056732
2025-02-11,JPM,266.89035
2025-02-12,JPM,267.336823
2025-02-13,JPM,268.181213
2025-02-14,JPM,268.443237
2025-02-18,JPM,271.704285
2025-02-19,JPM,271.024933
2025-02-20,JPM,258.94162
2025-02-21,JPM,256.457001
2025-02-24,JPM,253.642426
2025-02-25,JPM,249.818466
2025-02-26,JPM,251.167526
2025-02-27,JPM,251.419861
2025-02-28,JPM,256.854889
2025-03-03,JPM,252.943634
2025-03-04,JPM,242.879074
2025-03-05,JPM,244.121353
2025-03-06,JPM,239.278336
2025-03-07,JPM,235.143829
2025-03-10,JPM,225.380142
2025-03-11,JPM,222.390854
2025-03-12,JPM,221.187363
2025-03-13,JPM,218.557205
2025-03-14,JPM,225.593643
2025-03-17,JPM,227.039764
2025-03-18,JPM,228.049118
2025-03-19,JPM,232.0672
2025-03-20,JPM,231.970123
2025-03-21,JPM,234.51297
2025-03-24,JPM,240.753571
2025-03-25,JPM,243.73317
2025-03-26,JPM,243.636108
2025-03-27,JPM,240.811798
2025-03-28,JPM,235.697037
2025-03-31,JPM,238.07486
2025-04-01,JPM,236.483185
2025-04-02,JPM,238.57959
2025-04-03,JPM,221.954117
2025-04-04,JPM,205.34343
2025-04-07,JPM,209.405777
2025-04-08,JPM,211.778717
2025-04-09,JPM,228.838593
2025-04-10,JPM,221.77832
2025-04-11,JPM,230.654922
2025-04-14,JPM,229.209671
2025-04-15,JPM,227.656998
2025-04-16,JPM,224.219635
2025-04-17,JPM,226.514481
2025-04-21,JPM,223.614212
2025-04-22,JPM,230.05925
2025-04-23,JPM,235.225082
2025-04-24,JPM,238.896805
2025-04-25,JPM,237.832382
2025-04-28,JPM,237.510132
2025-04-29,JPM,238.877258
2025-04-30,JPM,238.877258
2025-05-01,JPM,241.093979
2025-05-02,JPM,246.582031
2025-05-05,JPM,246.630844
2025-05-06,JPM,243.39856
2025-05-07,JPM,243.535263
2025-05-08,JPM,247.519516
2025-05-09,JPM,247.138657
2025-05-12,JPM,253.945023
2025-05-13,JPM,256.835571
2025-05-14,JPM,259.403839
2025-05-15,JPM,261.210358
2025-05-16,JPM,261.278687
2025-05-19,JPM,258.661621
2025-05-20,JPM,259.442871
2025-05-21,JPM,254.911774
2025-05-22,JPM,254.550476
2025-05-23,JPM,254.589508
2025-05-27,JPM,259.062012
2025-05-28,JPM,257.304291
2025-05-29,JPM,258.163605
2025-05-30,JPM,257.802277
2025-06-02,JPM,258.446838
2025-06-03,JPM,260.018982
2025-06-04,JPM,258.01709
2025-06-05,JPM,255.800415
2025-06-06,JPM,259.491699
2025-06-09,JPM,260.477936
2025-06-10,JPM,262.294312
2025-06-11,JPM,261.854889
2025-06-12,JPM,261.942749
2025-06-13,JPM,258.730011
2025-06-16,JPM,264.01297
2025-06-17,JPM,263.192688
2025-06-18,JPM,267.528442
2025-06-20,JPM,268.544037
2025-06-23,JPM,271.737274
2025-06-24,JPM,274.657074
2025-06-25,JPM,277.391357
2025-06-26,JPM,281.971252
2025-06-27,JPM,280.369751
2025-06-30,JPM,283.104034
2025-07-01,JPM,283.592285
2025-07-02,JPM,285.144958
2025-07-03,JPM,290.443573
2025-07-07,JPM,286.489227
2025-07-08,JPM,277.471771
2025-07-09,JPM,277.844635
2025-07-10,JPM,282.780182
2025-07-11,JPM,281.475159
2025-07-14,JPM,283.28064
2025-07-15,JPM,281.17099
2025-07-16,JPM,280.454681
2025-07-17,JPM,284.458099
2025-07-18,JPM,285.802399
2025-07-21,JPM,285.507996
2025-07-22,JPM,285.959351
2025-07-23,JPM,291.189301
2025-07-24,JPM,290.983246
2025-07-25,JPM,293.014435
2025-07-28,JPM,292.680786
2025-07-29,JPM,291.464081
2025-07-30,JPM,294.005463
2025-07-31,JPM,290.679077
2025-08-01,JPM,283.938049
2025-08-04,JPM,288.736267
2025-08-05,JPM,285.900482
2025-08-06,JPM,285.880859
2025-08-07,JPM,281.55365
2025-08-08,JPM,283.339539
2025-08-11,JPM,284.124512
2025-08-12,JPM,287.352753
2025-08-13,JPM,285.076263
2025-08-14,JPM,288.638153
2025-08-15,JPM,285.037018
2025-08-18,JPM,286.057526
2025-08-19,JPM,285.203857
2025-08-20,JPM,286.754181
2025-08-21,JPM,285.998657
2025-08-22,JPM,290.679077
2025-08-25,JPM,289.364227
2025-08-26,JPM,292.965363
2025-08-27,JPM,293.662048
2025-08-28,JPM,295.418427
2025-08-29,JPM,295.761871
2025-09-02,JPM,294.074127
2025-09-03,JPM,293.887726
2025-09-04,JPM,298.116852
2025-09-05,JPM,288.854034
2025-09-08,JPM,287.411621
2025-09-09,JPM,292.258881
2025-09-10,JPM,294.898376
2025-09-11,JPM,299.824127
2025-09-12,JPM,301.148804
2025-09-15,JPM,303.10144
2025-09-16,JPM,303.385986
2025-09-17,JPM,305.897949
2025-09-18,JPM,307.350189
2025-09-19,JPM,308.871063
2025-09-22,JPM,306.574982
2025-09-23,JPM,306.869354
2025-09-24,JPM,307.536621
2025-09-25,JPM,307.566071
2025-09-26,JPM,310.127014
2025-09-29,JPM,309.764008
2025-09-30,JPM,309.50885
2025-10-01,JPM,304.877502
2025-10-02,JPM,301.776794
2025-10-03,JPM,304.210266
2025-10-06,JPM,304.851105
2025-10-07,JPM,303.381989
2025-10-08,JPM,299.773254
2025-10-09,JPM,301.252228
2025-10-10,JPM,296.677216
2025-10-13,JPM,303.658051
2025-10-14,JPM,297.850525
2025-10-15,JPM,301.409973
2025-10-16,JPM,294.360107
2025-10-17,JPM,293.393829
2025-10-20,JPM,298.126587
2025-10-21,JPM,292.930389
2025-10-22,JPM,289.992096
2025-10-23,JPM,290.416107
2025-10-24,JPM,296.23349
2025-10-27,JPM,299.891541
2025-10-28,JPM,301.084595
2025-10-29,JPM,301.232513
2025-10-30,JPM,305.107483
2025-10-31,JPM,306.763947
2025-11-03,JPM,305.018768
2025-11-04,JPM,304.920166
2025-11-05,JPM,307.316132
2025-11-06,JPM,309.031769
2025-11-07,JPM,309.810699
2025-11-10,JPM,312.453186
2025-11-11,JPM,311.200928
2025-11-12,JPM,315.923889
2025-11-13,JPM,305.146973
2025-11-14,JPM,299.35907
2025-11-17,JPM,296.164459
2025-11-18,JPM,295.217926
2025-11-19,JPM,299.023834
2025-11-20,JPM,294.202332
2025-11-21,JPM,293.847351
2025-11-24,JPM,293.827667
2025-11-25,JPM,298.75766
2025-11-26,JPM,303.332703
2025-11-28,JPM,308.696503
2025-12-01,JPM,304.594757
2025-12-02,JPM,303.569336
2025-12-03,JPM,307.759827
2025-12-04,JPM,311.674255
2025-12-05,JPM,310.629089
2025-12-08,JPM,310.796692
2025-12-09,JPM,296.302551
2025-12-10,JPM,305.768066
2025-12-11,JPM,312.93631
2025-12-12,JPM,314.060364
2025-12-15,JPM,315.539368
2025-12-16,JPM,311.131958
2025-12-17,JPM,310.569916
2025-12-18,JPM,308.617676
2025-12-19,JPM,312.768677
2025-12-22,JPM,318.566345
2025-12-23,JPM,321.366608
2025-12-24,JPM,324.561249
2025-12-26,JPM,323.318878
2025-12-29,JPM,319.217133
2025-12-30,JPM,318.891785
2025-12-31,JPM,317.708557
2026-01-02,JPM,320.922913
2026-01-05,JPM,329.363098
2026-01-06,JPM,331.413269
2026-01-07,JPM,323.866058
2026-01-08,JPM,326.639343
2026-01-09,JPM,326.045074
2026-01-12,JPM,321.389984
2026-01-13,JPM,307.92981
2026-01-14,JPM,304.928741
2026-01-15,JPM,306.305481
2026-01-16,JPM,309.484802
2026-01-20,JPM,299.847748
2026-01-21,JPM,299.15448
2026-01-22,JPM,300.729248
2026-01-23,JPM,294.875732
2026-01-26,JPM,298.164032
2026-01-27,JPM,297.440979
2026-01-28,JPM,297.896545
2026-01-29,JPM,303.492615
2026-01-30,JPM,302.967682
2026-02-02,JPM,305.196167
2026-02-03,JPM,311.842072
2026-02-04,JPM,314.238953
2026-02-05,JPM,307.196869
2026-02-06,JPM,319.319946
2026-02-09,JPM,319.022827
2026-02-10,JPM,315.239288
2026-02-11,JPM,307.850555
2026-02-12,JPM,299.748749
2026-02-13,JPM,299.659576
2026-02-17,JPM,304.195831
2026-02-18,JPM,305.830048
2026-02-19,JPM,305.106995
2026-02-20,JPM,307.820862
2026-02-23,JPM,294.826202
2026-02-24,JPM,294.459717
2026-02-25,JPM,300.402405
2026-02-26,JPM,303.205383
2026-02-27,JPM,297.431061
2026-03-02,JPM,294.717255
2026-03-03,JPM,297.391449
2026-03-04,JPM,296.529785
2026-03-05,JPM,290.745544
2026-03-06,JPM,286.714447
2026-03-09,JPM,287.150269
2026-03-10,JPM,285.971619
2026-03-11,JPM,284.773132
2026-03-12,JPM,280.187408
2026-03-13,JPM,280.732147
2026-03-16,JPM,283.426147
2026-03-17,JPM,284.1492
2026-03-18,JPM,284.991058
2026-03-19,JPM,285.218842
2026-03-20,JPM,283.822357
2026-03-23,JPM,287.14032
2026-03-24,JPM,289.606537
2026-03-25,JPM,292.597717
2026-03-26,JPM,288.873627
2026-03-27,JPM,280.137878
2026-03-30,JPM,281.05899
2026-03-31,JPM,291.349731
2026-04-01,JPM,292.558075
2026-04-02,JPM,291.785522
2026-04-06,JPM,294.125
2026-04-07,JPM,296.066254
2026-04-08,JPM,306.588837
2026-04-09,JPM,308.938232
2026-04-10,JPM,308.480316
2026-04-13,JPM,312.273224
2026-04-14,JPM,309.724701
2026-04-15,JPM,304.557983
2026-04-16,JPM,308.559967
2026-04-17,JPM,308.898438
2026-04-20,JPM,315.56839
2026-04-21,JPM,311.596283
2026-04-22,JPM,311.61618
2026-04-23,JPM,310.292175
2026-04-24,JPM,306.897461
2026-04-27,JPM,310.232422
2026-04-28,JPM,310.053253
2026-04-29,JPM,307.863098
2026-04-30,JPM,311.825256
2026-05-01,JPM,311.068665
2026-05-04,JPM,306.270264
2026-05-05,JPM,308.012421
2026-05-06,JPM,313.487762
2026-05-07,JPM,304.896454
2026-05-08,JPM,300.745178
2026-05-11,JPM,298.654572
2026-05-12,JPM,303.512695
2026-05-13,JPM,298.903473
2026-05-14,JPM,298.565002
2026-05-15,JPM,296.474396
2026-05-18,JPM,299.381317
2026-05-19,JPM,294.373871
2026-05-20,JPM,300.625732
2026-05-21,JPM,301.641144
2026-05-22,JPM,305.005981
2026-05-26,JPM,305.364349
2026-05-27,JPM,297.937805
2026-05-28,JPM,295.399261
2026-05-29,JPM,297.967682
2026-06-01,JPM,295.249908
2026-06-02,JPM,299.61026
2026-06-03,JPM,299.500793
2026-06-04,JPM,309.495758
2026-06-05,JPM,310.969116
2026-06-08,JPM,309.714752
2026-06-09,JPM,311.297638
2026-06-10,JPM,307.753601
2026-06-11,JPM,312.084076
2026-06-12,JPM,319.281677
2026-06-15,JPM,317.96759
2026-06-16,JPM,329.654938
2026-06-17,JPM,331.964508
2026-06-18,JPM,323.761475
2026-06-22,JPM,329.993408
2026-06-23,JPM,332.641479
2026-06-24,JPM,331.95459
2026-06-25,JPM,333.617065
2026-06-26,JPM,327.57428
2026-06-29,JPM,327.912781
2026-06-30,JPM,325.862
2026-07-01,JPM,332.571808
2026-07-02,JPM,332.970001
2026-07-06,JPM,337.720001
2026-07-07,JPM,339.220001
2026-07-08,JPM,330.619995
2026-07-09,JPM,335.470001
2026-07-10,JPM,336.470001
2026-07-13,JPM,334.529999
2026-07-14,JPM,342.890015
2026-07-15,JPM,346.910004
2026-07-16,JPM,343.149994
2026-07-17,JPM,341.100006
2026-07-20,JPM,338.869995
2026-07-21,JPM,345.230011
2026-07-22,JPM,348.209991
2026-07-23,JPM,349.899994
2026-07-24,JPM,353.209991
2026-07-27,JPM,356.200012
2026-07-28,JPM,357.309998
2026-07-29,JPM,344.709991
2026-07-30,JPM,350.850006
2026-07-31,JPM,351.790009
2026-08-03,JPM,352.640015
2026-08-04,JPM,357.519989
2026-08-05,JPM,359.23999
2026-08-06,JPM,356.299988
2026-08-07,JPM,357.519989
2026-08-10,JPM,359.790009
2026-08-11,JPM,362.040009
2026-08-12,JPM,365.179993
2026-08-13,JPM,363.109985
2026-08-14,JPM,362.839996
2026-08-17,JPM,360.959991
2026-08-18,JPM,363.25
2026-08-19,JPM,357.26001
2026-08-20,JPM,351.549988
2026-08-21,JPM,351.579987
2026-08-24,JPM,356.390015
2026-08-25,JPM,356.690002
2026-08-26,JPM,356.5
2026-08-27,JPM,354.220001
2026-08-28,JPM,357.619995
2026-08-31,JPM,356.019989
2026-09-01,JPM,354.950012
2026-09-02,JPM,356.220001
2026-09-03,JPM,362.059998
2026-09-04,JPM,358.640015
2026-09-08,JPM,353.51001
2026-09-09,JPM,354.709991
2026-09-10,JPM,353.559998
2026-09-11,JPM,356.230011
2026-09-14,JPM,350.130005
2026-09-15,JPM,352.48999
2026-09-16,JPM,348.920013
2026-09-17,JPM,349.309998
2026-09-18,JPM,349.670013
2026-09-21,JPM,352.040009
2026-09-22,JPM,340.0
2026-09-23,JPM,337.529999
2026-09-24,JPM,338.559998
2026-09-25,JPM,343.059998
2026-09-28,JPM,336.589996
2026-09-29,JPM,334.980011
2026-09-30,JPM,330.829987
2026-10-01,JPM,333.179993
2021-10-04,GS,331.451172
2021-10-05,GS,341.780426
2021-10-06,GS,343.764801
2021-10-07,GS,346.041534
2021-10-08,GS,347.981598
2021-10-11,GS,341.275543
2021-10-12,GS,342.418335
2021-10-13,GS,342.223389
2021-10-14,GS,346.555389
2021-10-15,GS,359.728363
2021-10-18,GS,366.47879
2021-10-19,GS,365.123322
2021-10-20,GS,361.340668
2021-10-21,GS,361.07489
2021-10-22,GS,367.036865
2021-10-25,GS,367.417816
2021-10-26,GS,369.951385
2021-10-27,GS,364.086914
2021-10-28,GS,367.479797
2021-10-29,GS,366.177521
2021-11-01,GS,369.145294
2021-11-02,GS,375.479279
2021-11-03,GS,370.208313
2021-11-04,GS,361.500214
2021-11-05,GS,360.623077
2021-11-08,GS,361.739349
2021-11-09,GS,359.090546
2021-11-10,GS,353.571564
2021-11-11,GS,356.424042
2021-11-12,GS,358.700836
2021-11-15,GS,358.612213
2021-11-16,GS,357.088409
2021-11-17,GS,346.865356
2021-11-18,GS,346.705933
2021-11-19,GS,343.180176
2021-11-22,GS,350.94931
2021-11-23,GS,359.96756
2021-11-24,GS,353.633514
2021-11-26,GS,344.951965
2021-11-29,GS,342.427246
2021-11-30,GS,337.510498
2021-12-01,GS,335.275299
2021-12-02,GS,345.124756
2021-12-03,GS,340.841217
2021-12-06,GS,346.692169
2021-12-07,GS,356.319061
2021-12-08,GS,353.834381
2021-12-09,GS,353.095245
2021-12-10,GS,348.259552
2021-12-13,GS,342.542206
2021-12-14,GS,346.264709
2021-12-15,GS,347.235413
2021-12-16,GS,353.878998
2021-12-17,GS,340.01297
2021-12-20,GS,330.938324
2021-12-21,GS,338.694946
2021-12-22,GS,340.485046
2021-12-23,GS,342.898407
2021-12-27,GS,345.570129
2021-12-28,GS,345.187134
2021-12-29,GS,343.931458
2021-12-30,GS,343.325867
2021-12-31,GS,340.680817
2022-01-03,GS,352.062164
2022-01-04,GS,362.882446
2022-01-05,GS,355.001038
2022-01-06,GS,353.487122
2022-01-07,GS,354.003662
2022-01-10,GS,355.481903
2022-01-11,GS,358.937225
2022-01-12,GS,347.591553
2022-01-13,GS,348.028046
2022-01-14,GS,339.247101
2022-01-18,GS,315.611877
2022-01-19,GS,309.306732
2022-01-20,GS,310.001373
2022-01-21,GS,306.269989
2022-01-24,GS,305.806946
2022-01-25,GS,304.168274
2022-01-26,GS,305.174622
2022-01-27,GS,303.7052
2022-01-28,GS,309.030701
2022-01-31,GS,315.861206
2022-02-01,GS,324.21463
2022-02-02,GS,323.324127
2022-02-03,GS,319.601501
2022-02-04,GS,327.367218
2022-02-07,GS,327.856995
2022-02-08,GS,329.593567
2022-02-09,GS,333.538788
2022-02-10,GS,330.012115
2022-02-11,GS,323.324127
2022-02-14,GS,320.812744
2022-02-15,GS,324.107788
2022-02-16,GS,320.643524
2022-02-17,GS,310.856384
2022-02-18,GS,308.166809
2022-02-22,GS,306.590607
2022-02-23,GS,303.847626
2022-02-24,GS,302.957153
2022-02-25,GS,311.800354
2022-02-28,GS,303.936737
2022-03-01,GS,294.002258
2022-03-02,GS,301.329987
2022-03-03,GS,298.678436
2022-03-04,GS,295.319153
2022-03-07,GS,288.349823
2022-03-08,GS,287.883942
2022-03-09,GS,298.830627
2022-03-10,GS,295.525146
2022-03-11,GS,292.927307
2022-03-14,GS,291.117859
2022-03-15,GS,294.862305
2022-03-16,GS,305.253632
2022-03-17,GS,307.501923
2022-03-18,GS,309.392212
2022-03-21,GS,303.676971
2022-03-22,GS,307.269104
2022-03-23,GS,300.640198
2022-03-24,GS,301.195587
2022-03-25,GS,302.324249
2022-03-28,GS,300.362427
2022-03-29,GS,304.268127
2022-03-30,GS,300.622284
2022-03-31,GS,295.704285
2022-04-01,GS,295.811798
2022-04-04,GS,294.0112
2022-04-05,GS,290.204132
2022-04-06,GS,283.306427
2022-04-07,GS,281.416199
2022-04-08,GS,287.901855
2022-04-11,GS,287.337524
2022-04-12,GS,286.459686
2022-04-13,GS,288.421417
2022-04-14,GS,288.125854
2022-04-18,GS,295.507202
2022-04-19,GS,300.944824
2022-04-20,GS,305.522278
2022-04-21,GS,299.466705
2022-04-22,GS,286.450653
2022-04-25,GS,287.928711
2022-04-26,GS,280.493591
2022-04-27,GS,280.592163
2022-04-28,GS,285.232452
2022-04-29,GS,273.65863
2022-05-02,GS,278.074921
2022-05-03,GS,281.873108
2022-05-04,GS,290.33847
2022-05-05,GS,280.448822
2022-05-06,GS,280.350281
2022-05-09,GS,276.704437
2022-05-10,GS,273.273438
2022-05-11,GS,270.129089
2022-05-12,GS,268.212097
2022-05-13,GS,275.002258
2022-05-16,GS,271.822205
2022-05-17,GS,280.359222
2022-05-18,GS,274.769409
2022-05-19,GS,276.086243
2022-05-20,GS,274.832092
2022-05-23,GS,283.619904
2022-05-24,GS,281.237152
2022-05-25,GS,282.088135
2022-05-26,GS,289.908539
2022-05-27,GS,294.342682
2022-05-31,GS,294.586029
2022-06-01,GS,290.07959
2022-06-02,GS,292.242706
2022-06-03,GS,287.222534
2022-06-06,GS,288.871948
2022-06-07,GS,289.773102
2022-06-08,GS,283.61734
2022-06-09,GS,274.189941
2022-06-10,GS,258.687775
2022-06-13,GS,255.353027
2022-06-14,GS,254.649963
2022-06-15,GS,261.436646
2022-06-16,GS,256.849152
2022-06-17,GS,252.171402
2022-06-21,GS,256.695923
2022-06-22,GS,256.452576
2022-06-23,GS,257.921692
2022-06-24,GS,272.86499
2022-06-27,GS,271.089447
2022-06-28,GS,269.926819
2022-06-29,GS,273.342682
2022-06-30,GS,267.700623
2022-07-01,GS,269.692505
2022-07-05,GS,267.862854
2022-07-06,GS,264.76236
2022-07-07,GS,269.124725
2022-07-08,GS,267.204895
2022-07-11,GS,264.239716
2022-07-12,GS,263.653839
2022-07-13,GS,261.508789
2022-07-14,GS,253.793716
2022-07-15,GS,264.861572
2022-07-18,GS,271.522095
2022-07-19,GS,286.654694
2022-07-20,GS,289.719116
2022-07-21,GS,294.306641
2022-07-22,GS,291.954315
2022-07-25,GS,292.125519
2022-07-26,GS,287.105347
2022-07-27,GS,292.503998
2022-07-28,GS,296.622894
2022-07-29,GS,300.480499
2022-08-01,GS,299.299744
2022-08-02,GS,295.514435
2022-08-03,GS,300.282196
2022-08-04,GS,299.110535
2022-08-05,GS,301.634125
2022-08-08,GS,301.643127
2022-08-09,GS,303.391632
2022-08-10,GS,313.56723
2022-08-11,GS,316.965027
2022-08-12,GS,318.893829
2022-08-15,GS,320.723389
2022-08-16,GS,319.930267
2022-08-17,GS,318.821655
2022-08-18,GS,319.52475
2022-08-19,GS,314.792938
2022-08-22,GS,308.61911
2022-08-23,GS,306.60025
2022-08-24,GS,308.186523
2022-08-25,GS,312.287323
2022-08-26,GS,303.193359
2022-08-29,GS,300.95813
2022-08-30,GS,300.696777
2022-08-31,GS,302.095245
2022-09-01,GS,302.848877
2022-09-02,GS,301.014709
2022-09-06,GS,296.483185
2022-09-07,GS,300.179108
2022-09-08,GS,304.556183
2022-09-09,GS,308.842377
2022-09-12,GS,311.094421
2022-09-13,GS,298.208618
2022-09-14,GS,297.182434
2022-09-15,GS,301.141693
2022-09-16,GS,296.228912
2022-09-19,GS,298.453796
2022-09-20,GS,293.55011
2022-09-21,GS,291.234406
2022-09-22,GS,284.160431
2022-09-23,GS,274.216827
2022-09-26,GS,267.542297
2022-09-27,GS,264.600067
2022-09-28,GS,273.145264
2022-09-29,GS,268.895386
2022-09-30,GS,266.116608
2022-10-03,GS,271.655975
2022-10-04,GS,285.931213
2022-10-05,GS,280.600677
2022-10-06,GS,276.66861
2022-10-07,GS,273.4086
2022-10-10,GS,272.918182
2022-10-11,GS,267.170044
2022-10-12,GS,268.168823
2022-10-13,GS,278.848083
2022-10-14,GS,272.418732
2022-10-17,GS,278.521149
2022-10-18,GS,285.004883
2022-10-19,GS,283.107056
2022-10-20,GS,282.244263
2022-10-21,GS,295.220947
2022-10-24,GS,298.490112
2022-10-25,GS,301.850006
2022-10-26,GS,304.837738
2022-10-27,GS,306.190704
2022-10-28,GS,310.404266
2022-10-31,GS,312.847046
2022-11-01,GS,316.542969
2022-11-02,GS,317.641815
2022-11-03,GS,316.806305
2022-11-04,GS,325.015533
2022-11-07,GS,329.238159
2022-11-08,GS,330.563904
2022-11-09,GS,328.729584
2022-11-10,GS,343.540588
2022-11-11,GS,349.770111
2022-11-14,GS,347.218323
2022-11-15,GS,347.690613
2022-11-16,GS,347.191193
2022-11-17,GS,344.875519
2022-11-18,GS,344.348816
2022-11-21,GS,345.265991
2022-11-22,GS,348.5896
2022-11-23,GS,350.750854
2022-11-25,GS,353.120941
2022-11-28,GS,347.218323
2022-11-29,GS,348.444305
2022-11-30,GS,352.959656
2022-12-01,GS,350.820831
2022-12-02,GS,347.868439
2022-12-05,GS,339.605469
2022-12-06,GS,331.717285
2022-12-07,GS,328.984253
2022-12-08,GS,327.302338
2022-12-09,GS,328.271301
2022-12-12,GS,331.963959
2022-12-13,GS,337.000427
2022-12-14,GS,329.404694
2022-12-15,GS,319.761414
2022-12-16,GS,316.580505
2022-12-19,GS,314.990143
2022-12-20,GS,314.880432
2022-12-21,GS,320.06311
2022-12-22,GS,315.87674
2022-12-23,GS,315.812805
2022-12-27,GS,312.577087
2022-12-28,GS,311.571594
2022-12-29,GS,313.91153
2022-12-30,GS,313.865845
2023-01-03,GS,316.461761
2023-01-04,GS,317.814514
2023-01-05,GS,314.213196
2023-01-06,GS,318.161865
2023-01-09,GS,322.659027
2023-01-10,GS,326.644165
2023-01-11,GS,333.152252
2023-01-12,GS,338.142944
2023-01-13,GS,341.854034
2023-01-17,GS,319.843781
2023-01-18,GS,319.085022
2023-01-19,GS,320.602417
2023-01-20,GS,312.458191
2023-01-23,GS,319.130829
2023-01-24,GS,318.39035
2023-01-25,GS,319.578583
2023-01-26,GS,324.459625
2023-01-27,GS,323.298889
2023-01-30,GS,326.735565
2023-01-31,GS,334.36795
2023-02-01,GS,334.27655
2023-02-02,GS,337.713379
2023-02-03,GS,338.1521
2023-02-06,GS,338.929016
2023-02-07,GS,342.219574
2023-02-08,GS,342.859406
2023-02-09,GS,336.360596
2023-02-10,GS,339.367828
2023-02-13,GS,341.872314
2023-02-14,GS,339.824829
2023-02-15,GS,342.164764
2023-02-16,GS,338.380585
2023-02-17,GS,336.826782
2023-02-21,GS,330.081024
2023-02-22,GS,329.87085
2023-02-23,GS,332.293091
2023-02-24,GS,332.576447
2023-02-27,GS,334.112061
2023-02-28,GS,321.424988
2023-03-01,GS,318.736908
2023-03-02,GS,321.379028
2023-03-03,GS,328.734467
2023-03-06,GS,328.697662
2023-03-07,GS,318.598755
2023-03-08,GS,321.553864
2023-03-09,GS,314.925659
2023-03-10,GS,301.650696
2023-03-13,GS,290.456299
2023-03-14,GS,296.569061
2023-03-15,GS,287.399902
2023-03-16,GS,290.069641
2023-03-17,GS,279.436829
2023-03-20,GS,284.951172
2023-03-21,GS,292.085663
2023-03-22,GS,288.762451
2023-03-23,GS,289.848663
2023-03-24,GS,287.749756
2023-03-27,GS,293.23645
2023-03-28,GS,293.153595
2023-03-29,GS,295.252594
2023-03-30,GS,295.639191
2023-03-31,GS,301.135193
2023-04-03,GS,300.59198
2023-04-04,GS,297.029358
2023-04-05,GS,295.99826
2023-04-06,GS,296.799164
2023-04-10,GS,299.155914
2023-04-11,GS,301.374542
2023-04-12,GS,304.016602
2023-04-13,GS,305.7565
2023-04-14,GS,310.166229
2023-04-17,GS,312.707031
2023-04-18,GS,307.395203
2023-04-19,GS,310.13858
2023-04-20,GS,311.813995
2023-04-21,GS,314.529816
2023-04-24,GS,316.647095
2023-04-25,GS,312.522919
2023-04-26,GS,309.834808
2023-04-27,GS,314.474548
2023-04-28,GS,316.168457
2023-05-01,GS,313.526398
2023-05-02,GS,306.898071
2023-05-03,GS,302.552887
2023-05-04,GS,295.749756
2023-05-05,GS,301.052307
2023-05-08,GS,300.582794
2023-05-09,GS,298.980927
2023-05-10,GS,296.937286
2023-05-11,GS,295.252594
2023-05-12,GS,294.129486
2023-05-15,GS,296.495422
2023-05-16,GS,295.335419
2023-05-17,GS,303.961395
2023-05-18,GS,303.408997
2023-05-19,GS,300.251404
2023-05-22,GS,299.11908
2023-05-23,GS,297.876282
2023-05-24,GS,294.414856
2023-05-25,GS,298.161621
2023-05-26,GS,305.646057
2023-05-30,GS,304.559753
2023-05-31,GS,300.4505
2023-06-01,GS,293.493439
2023-06-02,GS,300.218536
2023-06-05,GS,298.51178
2023-06-06,GS,303.140503
2023-06-07,GS,311.442505
2023-06-08,GS,311.182861
2023-06-09,GS,311.692993
2023-06-12,GS,314.911743
2023-06-13,GS,317.703888
2023-06-14,GS,313.919281
2023-06-15,GS,315.143677
2023-06-16,GS,313.817261
2023-06-20,GS,306.776764
2023-06-21,GS,301.535767
2023-06-22,GS,296.443176
2023-06-23,GS,291.925842
2023-06-26,GS,289.745941
2023-06-27,GS,290.75708
2023-06-28,GS,290.951782
2023-06-29,GS,299.699097
2023-06-30,GS,299.188965
2023-07-03,GS,302.964294
2023-07-05,GS,296.87912
2023-07-06,GS,290.3396
2023-07-07,GS,292.352539
2023-07-10,GS,293.558411
2023-07-11,GS,297.64917
2023-07-12,GS,302.769409
2023-07-13,GS,304.884399
2023-07-14,GS,302.574677
2023-07-17,GS,303.511597
2023-07-18,GS,312.852539
2023-07-19,GS,315.89505
2023-07-20,GS,325.458649
2023-07-21,GS,326.479095
2023-07-24,GS,332.944336
2023-07-25,GS,329.02066
2023-07-26,GS,331.673615
2023-07-27,GS,328.844391
2023-07-28,GS,327.657104
2023-07-31,GS,330.105865
2023-08-01,GS,331.822052
2023-08-02,GS,325.681305
2023-08-03,GS,327.592133
2023-08-04,GS,327.647827
2023-08-07,GS,329.818359
2023-08-08,GS,323.046906
2023-08-09,GS,317.880127
2023-08-10,GS,315.75592
2023-08-11,GS,316.062073
2023-08-14,GS,313.288513
2023-08-15,GS,308.158905
2023-08-16,GS,305.283295
2023-08-17,GS,303.808441
2023-08-18,GS,301.405914
2023-08-21,GS,298.743744
2023-08-22,GS,295.710419
2023-08-23,GS,298.99411
2023-08-24,GS,296.795715
2023-08-25,GS,296.971954
2023-08-28,GS,302.370605
2023-08-29,GS,308.474274
2023-08-30,GS,307.33313
2023-08-31,GS,306.519348
2023-09-01,GS,306.229401
2023-09-05,GS,302.815491
2023-09-06,GS,300.364868
2023-09-07,GS,301.141205
2023-09-08,GS,304.470978
2023-09-11,GS,303.657257
2023-09-12,GS,309.503174
2023-09-13,GS,313.319305
2023-09-14,GS,322.289185
2023-09-15,GS,320.390411
2023-09-18,GS,321.119995
2023-09-19,GS,319.782501
2023-09-20,GS,314.928101
2023-09-21,GS,308.885742
2023-09-22,GS,306.687805
2023-09-25,GS,307.576294
2023-09-26,GS,302.88092
2023-09-27,GS,301.131805
2023-09-28,GS,304.171692
2023-09-29,GS,302.647064
2023-10-02,GS,297.904938
2023-10-03,GS,286.32547
2023-10-04,GS,288.645081
2023-10-05,GS,290.422272
2023-10-06,GS,292.2742
2023-10-09,GS,292.395721
2023-10-10,GS,294.416077
2023-10-11,GS,292.779297
2023-10-12,GS,289.81424
2023-10-13,GS,289.299774
2023-10-16,GS,294.060669
2023-10-17,GS,289.355927
2023-10-18,GS,282.434448
2023-10-19,GS,279.843628
2023-10-20,GS,280.647949
2023-10-23,GS,279.871643
2023-10-24,GS,279.834229
2023-10-25,GS,277.570709
2023-10-26,GS,277.785797
2023-10-27,GS,271.163605
2023-10-30,GS,281.377533
2023-10-31,GS,283.977753
2023-11-01,GS,287.298187
2023-11-02,GS,293.471466
2023-11-03,GS,306.435242
2023-11-06,GS,302.965088
2023-11-07,GS,303.002563
2023-11-08,GS,303.573059
2023-11-09,GS,300.037506
2023-11-10,GS,304.46167
2023-11-13,GS,305.771118
2023-11-14,GS,316.817474
2023-11-15,GS,315.769836
2023-11-16,GS,314.899994
2023-11-17,GS,317.25708
2023-11-20,GS,317.500214
2023-11-21,GS,313.309937
2023-11-22,GS,316.742706
2023-11-24,GS,317.219604
2023-11-27,GS,315.872772
2023-11-28,GS,315.816589
2023-11-29,GS,320.871216
2023-11-30,GS,322.078308
2023-12-01,GS,328.575653
2023-12-04,GS,329.480988
2023-12-05,GS,322.276337
2023-12-06,GS,322.483826
2023-12-07,GS,324.982727
2023-12-08,GS,330.838928
2023-12-11,GS,331.715942
2023-12-12,GS,332.517426
2023-12-13,GS,342.060822
2023-12-14,GS,361.619049
2023-12-15,GS,358.827698
2023-12-18,GS,354.951904
2023-12-19,GS,360.657166
2023-12-20,GS,356.008057
2023-12-21,GS,358.884277
2023-12-22,GS,358.959717
2023-12-26,GS,359.86496
2023-12-27,GS,362.571472
2023-12-28,GS,364.39151
2023-12-29,GS,363.787964
2024-01-02,GS,366.173798
2024-01-03,GS,360.03476
2024-01-04,GS,361.128632
2024-01-05,GS,364.4198
2024-01-08,GS,366.701843
2024-01-09,GS,361.873657
2024-01-10,GS,360.195068
2024-01-11,GS,358.110992
2024-01-12,GS,356.224945
2024-01-16,GS,358.771088
2024-01-17,GS,355.687408
2024-01-18,GS,355.432831
2024-01-19,GS,360.421356
2024-01-22,GS,363.967163
2024-01-23,GS,359.072906
2024-01-24,GS,357.780945
2024-01-25,GS,360.892914
2024-01-26,GS,356.262695
2024-01-29,GS,358.874847
2024-01-30,GS,364.825287
2024-01-31,GS,362.128265
2024-02-01,GS,361.977386
2024-02-02,GS,365.758881
2024-02-05,GS,361.194641
2024-02-06,GS,363.052399
2024-02-07,GS,364.627258
2024-02-08,GS,363.09964
2024-02-09,GS,362.363983
2024-02-12,GS,370.266541
2024-02-13,GS,357.167969
2024-02-14,GS,356.498444
2024-02-15,GS,363.457916
2024-02-16,GS,362.533752
2024-02-20,GS,362.609161
2024-02-21,GS,366.145508
2024-02-22,GS,368.220154
2024-02-23,GS,368.767059
2024-02-26,GS,367.984344
2024-02-27,GS,368.540802
2024-02-28,GS,373.403198
2024-02-29,GS,369.480988
2024-03-01,GS,368.578735
2024-03-04,GS,372.52005
2024-03-05,GS,371.247467
2024-03-06,GS,369.974823
2024-03-07,GS,368.892181
2024-03-08,GS,367.524567
2024-03-11,GS,366.736328
2024-03-12,GS,368.654755
2024-03-13,GS,372.576965
2024-03-14,GS,369.06308
2024-03-15,GS,367.733521
2024-03-18,GS,365.036377
2024-03-19,GS,369.110626
2024-03-20,GS,376.527802
2024-03-21,GS,392.900574
2024-03-22,GS,386.357208
2024-03-25,GS,384.571716
2024-03-26,GS,385.749329
2024-03-27,GS,394.363129
2024-03-28,GS,396.680389
2024-04-01,GS,392.710663
2024-04-02,GS,389.519684
2024-04-03,GS,393.176025
2024-04-04,GS,385.815857
2024-04-05,GS,387.544342
2024-04-08,GS,389.890106
2024-04-09,GS,390.051514
2024-04-10,GS,380.60199
2024-04-11,GS,377.486969
2024-04-12,GS,369.898865
2024-04-15,GS,380.715942
2024-04-16,GS,376.898132
2024-04-17,GS,383.593536
2024-04-18,GS,382.83371
2024-04-19,GS,383.679016
2024-04-22,GS,396.357544
2024-04-23,GS,402.673035
2024-04-24,GS,401.761322
2024-04-25,GS,398.921692
2024-04-26,GS,406.063446
2024-04-29,GS,409.140533
2024-04-30,GS,405.246674
2024-05-01,GS,405.47464
2024-05-02,GS,410.811981
2024-05-03,GS,416.139709
2024-05-06,GS,421.353638
2024-05-07,GS,421.477081
2024-05-08,GS,424.468689
2024-05-09,GS,432.645569
2024-05-10,GS,431.8573
2024-05-13,GS,430.746185
2024-05-14,GS,435.40921
2024-05-15,GS,442.645905
2024-05-16,GS,441.154877
2024-05-17,GS,444.193878
2024-05-20,GS,439.654388
2024-05-21,GS,446.748657
2024-05-22,GS,439.122528
2024-05-23,GS,435.105286
2024-05-24,GS,437.98288
2024-05-28,GS,436.681824
2024-05-29,GS,434.174622
2024-05-30,GS,430.171265
2024-05-31,GS,436.181
2024-06-03,GS,434.709625
2024-06-04,GS,435.01535
2024-06-05,GS,441.111084
2024-06-06,GS,437.690643
2024-06-07,GS,434.6427
2024-06-10,GS,433.343292
2024-06-11,GS,424.476746
2024-06-12,GS,428.709412
2024-06-13,GS,426.464172
2024-06-14,GS,426.569183
2024-06-17,GS,430.123444
2024-06-18,GS,437.050476
2024-06-20,GS,437.642792
2024-06-21,GS,430.123444
2024-06-24,GS,441.502808
2024-06-25,GS,437.002686
2024-06-26,GS,435.550354
2024-06-27,GS,426.091461
2024-06-28,GS,432.168121
2024-07-01,GS,443.00293
2024-07-02,GS,444.866058
2024-07-03,GS,447.073151
2024-07-05,GS,444.044373
2024-07-08,GS,444.111267
2024-07-09,GS,451.764343
2024-07-10,GS,457.554382
2024-07-11,GS,457.879242
2024-07-12,GS,458.500244
2024-07-15,GS,470.299988
2024-07-16,GS,480.609314
2024-07-17,GS,479.806732
2024-07-18,GS,464.548248
2024-07-19,GS,463.325287
2024-07-22,GS,465.341278
2024-07-23,GS,470.223633
2024-07-24,GS,465.016449
2024-07-25,GS,469.803253
2024-07-26,GS,476.797119
2024-07-29,GS,470.768219
2024-07-30,GS,483.141266
2024-07-31,GS,486.351593
2024-08-01,GS,477.838531
2024-08-02,GS,449.671936
2024-08-05,GS,438.569641
2024-08-06,GS,449.27066
2024-08-07,GS,451.936371
2024-08-08,GS,464.127838
2024-08-09,GS,468.417816
2024-08-12,GS,463.869904
2024-08-13,GS,470.022949
2024-08-14,GS,476.481842
2024-08-15,GS,476.787476
2024-08-16,GS,481.794128
2024-08-19,GS,482.195343
2024-08-20,GS,475.182373
2024-08-21,GS,474.341553
2024-08-22,GS,475.574127
2024-08-23,GS,486.724213
2024-08-26,GS,485.243256
2024-08-27,GS,484.6604
2024-08-28,GS,480.905548
2024-08-29,GS,487.373901
2024-08-30,GS,490.401367
2024-09-03,GS,468.497894
2024-09-04,GS,471.554138
2024-09-05,GS,468.90155
2024-09-06,GS,460.953247
2024-09-09,GS,469.564697
2024-09-10,GS,448.95874
2024-09-11,GS,452.841583
2024-09-12,GS,455.619202
2024-09-13,GS,460.357391
2024-09-16,GS,466.287354
2024-09-17,GS,466.508423
2024-09-18,GS,465.729889
2024-09-19,GS,484.23111
2024-09-20,GS,479.041168
2024-09-23,GS,478.060822
2024-09-24,GS,478.647095
2024-09-25,GS,472.03479
2024-09-26,GS,477.589905
2024-09-27,GS,479.118042
2024-09-30,GS,475.850281
2024-10-01,GS,471.102509
2024-10-02,GS,472.851624
2024-10-03,GS,467.190796
2024-10-04,GS,475.898346
2024-10-07,GS,475.379364
2024-10-08,GS,477.25351
2024-10-09,GS,485.528625
2024-10-10,GS,484.125397
2024-10-11,GS,496.215973
2024-10-14,GS,502.415131
2024-10-15,GS,502.059448
2024-10-16,GS,509.248505
2024-10-17,GS,508.421967
2024-10-18,GS,507.941406
2024-10-21,GS,497.657684
2024-10-22,GS,498.138184
2024-10-23,GS,497.080994
2024-10-24,GS,504.097046
2024-10-25,GS,492.659912
2024-10-28,GS,503.212799
2024-10-29,GS,503.885559
2024-10-30,GS,504.000946
2024-10-31,GS,497.64801
2024-11-01,GS,499.147339
2024-11-04,GS,491.573853
2024-11-05,GS,506.461304
2024-11-06,GS,572.796448
2024-11-07,GS,559.523682
2024-11-08,GS,566.33783
2024-11-11,GS,578.909058
2024-11-12,GS,569.538391
2024-11-13,GS,571.104858
2024-11-14,GS,565.713135
2024-11-15,GS,570.451355
2024-11-18,GS,565.117249
2024-11-19,GS,558.764343
2024-11-20,GS,559.293091
2024-11-21,GS,572.921326
2024-11-22,GS,579.33197
2024-11-25,GS,579.572266
2024-11-26,GS,581.946167
2024-11-27,GS,581.878906
2024-11-29,GS,584.896729
2024-12-02,GS,581.168457
2024-12-03,GS,581.525879
2024-12-04,GS,578.270935
2024-12-05,GS,576.426147
2024-12-06,GS,579.207886
2024-12-09,GS,573.837585
2024-12-10,GS,565.057922
2024-12-11,GS,572.330933
2024-12-12,GS,571.41333
2024-12-13,GS,565.492554
2024-12-16,GS,566.313599
2024-12-17,GS,555.061157
2024-12-18,GS,531.465332
2024-12-19,GS,535.077637
2024-12-20,GS,546.774231
2024-12-23,GS,551.294373
2024-12-24,GS,562.894409
2024-12-26,GS,561.387634
2024-12-27,GS,556.510071
2024-12-30,GS,553.969849
2024-12-31,GS,553.071594
2025-01-02,GS,555.34137
2025-01-03,GS,560.325195
2025-01-06,GS,563.473938
2025-01-07,GS,560.315491
2025-01-08,GS,560.218933
2025-01-10,GS,540.882324
2025-01-13,GS,543.731812
2025-01-14,GS,552.01886
2025-01-15,GS,585.234802
2025-01-16,GS,592.063354
2025-01-17,GS,604.57135
2025-01-21,GS,613.070923
2025-01-22,GS,611.129578
2025-01-23,GS,617.668396
2025-01-24,GS,615.157166
2025-01-27,GS,611.660767
2025-01-28,GS,616.026428
2025-01-29,GS,615.620728
2025-01-30,GS,623.656677
2025-01-31,GS,618.537659
2025-02-03,GS,610.781799
2025-02-04,GS,612.530029
2025-02-05,GS,623.415283
2025-02-06,GS,635.749329
2025-02-07,GS,633.508545
2025-02-10,GS,628.321899
2025-02-11,GS,625.144165
2025-02-12,GS,626.844116
2025-02-13,GS,626.795837
2025-02-14,GS,637.999817
2025-02-18,GS,649.242432
2025-02-19,GS,645.340332
2025-02-20,GS,620.334229
2025-02-21,GS,604.242981
2025-02-24,GS,604.764526
2025-02-25,GS,593.917908
2025-02-26,GS,596.680237
2025-02-27,GS,587.243835
2025-02-28,GS,604.026306
2025-03-03,GS,587.496155
2025-03-04,GS,564.084045
2025-03-05,GS,575.663879
2025-03-06,GS,551.009338
2025-03-07,GS,543.244202
2025-03-10,GS,516.056152
2025-03-11,GS,515.832947
2025-03-12,GS,519.987366
2025-03-13,GS,509.407227
2025-03-14,GS,525.52002
2025-03-17,GS,535.158691
2025-03-18,GS,535.585693
2025-03-19,GS,540.982544
2025-03-20,GS,546.165771
2025-03-21,GS,548.55365
2025-03-24,GS,563.074646
2025-03-25,GS,568.743164
2025-03-26,GS,557.075989
2025-03-27,GS,542.516113
2025-03-28,GS,527.179932
2025-03-31,GS,530.256836
2025-04-01,GS,532.353516
2025-04-02,GS,546.573486
2025-04-03,GS,496.22583
2025-04-04,GS,456.992188
2025-04-07,GS,451.847687
2025-04-08,GS,448.654266
2025-04-09,GS,501.700378
2025-04-10,GS,475.424744
2025-04-11,GS,479.928619
2025-04-14,GS,489.188599
2025-04-15,GS,492.983856
2025-04-16,GS,484.40329
2025-04-17,GS,494.536926
2025-04-21,GS,486.645477
2025-04-22,GS,504.728668
2025-04-23,GS,513.775208
2025-04-24,GS,529.363892
2025-04-25,GS,528.868835
2025-04-28,GS,530.363586
2025-04-29,GS,532.809631
2025-04-30,GS,531.479919
2025-05-01,GS,537.5755
2025-05-02,GS,549.485474
2025-05-05,GS,543.13739
2025-05-06,GS,533.236755
2025-05-07,GS,535.721558
2025-05-08,GS,549.097229
2025-05-09,GS,550.456116
2025-05-12,GS,573.984741
2025-05-13,GS,586.088684
2025-05-14,GS,593.650085
2025-05-15,GS,597.823853
2025-05-16,GS,600.862061
2025-05-19,GS,594.329468
2025-05-20,GS,588.719177
2025-05-21,GS,576.04248
2025-05-22,GS,580.672424
2025-05-23,GS,580.973328
2025-05-27,GS,597.658813
2025-05-28,GS,590.582764
2025-05-29,GS,587.107849
2025-05-30,GS,585.732422
2025-06-02,GS,584.044861
2025-06-03,GS,589.029602
2025-06-04,GS,584.522888
2025-06-05,GS,591.029297
2025-06-06,GS,598.950317
2025-06-09,GS,598.482117
2025-06-10,GS,599.79895
2025-06-11,GS,608.870972
2025-06-12,GS,609.788025
2025-06-13,GS,598.501526
2025-06-16,GS,612.460876
2025-06-17,GS,609.329529
2025-06-18,GS,619.669678
2025-06-20,GS,625.093384
2025-06-23,GS,631.024414
2025-06-24,GS,645.881042
2025-06-25,GS,653.450867
2025-06-26,GS,670.317017
2025-06-27,GS,673.877625
2025-06-30,GS,690.402405
2025-07-01,GS,689.144043
2025-07-02,GS,698.342834
2025-07-03,GS,705.942017
2025-07-07,GS,693.504456
2025-07-08,GS,680.189087
2025-07-09,GS,679.486694
2025-07-10,GS,691.738831
2025-07-11,GS,687.671082
2025-07-14,GS,695.816345
2025-07-15,GS,685.290894
2025-07-16,GS,691.446228
2025-07-17,GS,688.539307
2025-07-18,GS,690.899902
2025-07-21,GS,688.695312
2025-07-22,GS,683.24231
2025-07-23,GS,699.932983
2025-07-24,GS,701.552246
2025-07-25,GS,711.112061
2025-07-28,GS,705.912659
2025-07-29,GS,714.038452
2025-07-30,GS,712.838684
2025-07-31,GS,705.854248
2025-08-01,GS,692.177856
2025-08-04,GS,708.234375
2025-08-05,GS,703.239807
2025-08-06,GS,706.976013
2025-08-07,GS,702.098511
2025-08-08,GS,703.591125
2025-08-11,GS,701.610718
2025-08-12,GS,725.159119
2025-08-13,GS,726.437012
2025-08-14,GS,728.885498
2025-08-15,GS,712.809448
2025-08-18,GS,713.043579
2025-08-19,GS,703.698303
2025-08-20,GS,703.015442
2025-08-21,GS,698.401428
2025-08-22,GS,723.705627
2025-08-25,GS,720.68158
2025-08-26,GS,730.592529
2025-08-27,GS,731.2948
2025-08-28,GS,732.806946
2025-08-29,GS,730.874939
2025-09-02,GS,716.752686
2025-09-03,GS,716.468323
2025-09-04,GS,734.454529
2025-09-05,GS,723.970764
2025-09-08,GS,727.540466
2025-09-09,GS,749.184753
2025-09-10,GS,754.735596
2025-09-11,GS,769.593384
2025-09-12,GS,765.013489
2025-09-15,GS,771.58429
2025-09-16,GS,770.377991
2025-09-17,GS,778.90033
2025-09-18,GS,788.795776
2025-09-19,GS,789.472412
2025-09-22,GS,790.021606
2025-09-23,GS,790.766968
2025-09-24,GS,777.144836
2025-09-25,GS,779.429932
2025-09-26,GS,787.030396
2025-09-29,GS,788.609375
2025-09-30,GS,780.989197
2025-10-01,GS,770.358337
2025-10-02,GS,764.346619
2025-10-03,GS,774.742126
2025-10-06,GS,781.411072
2025-10-07,GS,774.418518
2025-10-08,GS,761.531921
2025-10-09,GS,764.915466
2025-10-10,GS,749.616333
2025-10-13,GS,771.603821
2025-10-14,GS,755.892822
2025-10-15,GS,753.117493
2025-10-16,GS,743.467285
2025-10-17,GS,736.288513
2025-10-20,GS,748.596436
2025-10-21,GS,744.340088
2025-10-22,GS,730.237427
2025-10-23,GS,736.298279
2025-10-24,GS,768.759827
2025-10-27,GS,774.751953
2025-10-28,GS,776.811401
2025-10-29,GS,767.955627
2025-10-30,GS,774.91864
2025-10-31,GS,774.143921
2025-11-03,GS,770.368225
2025-11-04,GS,775.575745
2025-11-05,GS,777.792175
2025-11-06,GS,772.388489
2025-11-07,GS,771.172424
2025-11-10,GS,781.822876
2025-11-11,GS,794.679993
2025-11-12,GS,822.787109
2025-11-13,GS,789.962769
2025-11-14,GS,775.654175
2025-11-17,GS,760.600281
2025-11-18,GS,761.325989
2025-11-19,GS,770.829041
2025-11-20,GS,758.776184
2025-11-21,GS,759.099792
2025-11-24,GS,775.45813
2025-11-25,GS,786.844055
2025-11-26,GS,800.27002
2025-11-28,GS,810.106506
2025-12-01,GS,795.219421
2025-12-02,GS,803.448914
2025-12-03,GS,824.500793
2025-12-04,GS,825.742615
2025-12-05,GS,842.231262
2025-12-08,GS,854.186157
2025-12-09,GS,863.933594
2025-12-10,GS,876.41095
2025-12-11,GS,897.886597
2025-12-12,GS,875.149414
2025-12-15,GS,876.75592
2025-12-16,GS,866.466492
2025-12-17,GS,859.744873
2025-12-18,GS,863.657532
2025-12-19,GS,880.589722
2025-12-22,GS,886.030029
2025-12-23,GS,888.700989
2025-12-24,GS,897.640198
2025-12-26,GS,893.954041
2025-12-29,GS,879.308472
2025-12-30,GS,871.660461
2025-12-31,GS,866.318604
2026-01-02,GS,901.148804
2026-01-05,GS,934.756897
2026-01-06,GS,941.685303
2026-01-07,GS,927.443909
2026-01-08,GS,921.34314
2026-01-09,GS,925.433289
2026-01-12,GS,935.85083
2026-01-13,GS,924.615295
2026-01-14,GS,919.214355
2026-01-15,GS,961.781189
2026-01-16,GS,948.121216
2026-01-20,GS,929.759888
2026-01-21,GS,939.260864
2026-01-22,GS,940.877258
2026-01-23,GS,905.623291
2026-01-26,GS,918.416077
2026-01-27,GS,916.306824
2026-01-28,GS,923.294556
2026-01-29,GS,926.556885
2026-01-30,GS,921.914795
2026-02-02,GS,932.677307
2026-02-03,GS,925.443115
2026-02-04,GS,900.123779
2026-02-05,GS,877.563965
2026-02-06,GS,915.350891
2026-02-09,GS,930.006348
2026-02-10,GS,935.298889
2026-02-11,GS,930.962402
2026-02-12,GS,891.5
2026-02-13,GS,892.081482
2026-02-17,GS,902.824219
2026-02-18,GS,920.258972
2026-02-19,GS,903.425476
2026-02-20,GS,908.934814
2026-02-23,GS,879.436646
2026-02-24,GS,889.252869
2026-02-25,GS,908.087158
2026-02-26,GS,915.59729
2026-02-27,GS,847.168945
2026-03-02,GS,853.737732
2026-03-03,GS,854.609619
2026-03-04,GS,859.23645
2026-03-05,GS,827.740173
2026-03-06,GS,813.829834
2026-03-09,GS,824.341858
2026-03-10,GS,826.105408
2026-03-11,GS,816.148254
2026-03-12,GS,780.243164
2026-03-13,GS,774.982239
2026-03-16,GS,787.426147
2026-03-17,GS,799.582764
2026-03-18,GS,798.03717
2026-03-19,GS,802.02002
2026-03-20,GS,806.012817
2026-03-23,GS,823.588928
2026-03-24,GS,827.997681
2026-03-25,GS,834.061279
2026-03-26,GS,815.038635
2026-03-27,GS,795.47113
2026-03-30,GS,800.137573
2026-03-31,GS,838.172852
2026-04-01,GS,852.261475
2026-04-02,GS,855.065308
2026-04-06,GS,858.047546
2026-04-07,GS,856.165039
2026-04-08,GS,897.380615
2026-04-09,GS,895.369446
2026-04-10,GS,899.411743
2026-04-13,GS,882.558899
2026-04-14,GS,901.224854
2026-04-15,GS,891.178467
2026-04-16,GS,891.683838
2026-04-17,GS,917.393982
2026-04-20,GS,933.038147
2026-04-21,GS,917.988464
2026-04-22,GS,926.201904
2026-04-23,GS,922.69458
2026-04-24,GS,918.345154
2026-04-27,GS,929.144409
2026-04-28,GS,917.988464
2026-04-29,GS,897.231995
2026-04-30,GS,915.234192
2026-05-01,GS,915.174744
2026-05-04,GS,894.923584
2026-05-05,GS,910.399231
2026-05-06,GS,928.68866
2026-05-07,GS,917.314758
2026-05-08,GS,927.826721
2026-05-11,GS,936.129211
2026-05-12,GS,937.159668
2026-05-13,GS,946.591675
2026-05-14,GS,960.006592
2026-05-15,GS,939.705872
2026-05-18,GS,937.615417
2026-05-19,GS,920.158264
2026-05-20,GS,973.044983
2026-05-21,GS,979.039062
2026-05-22,GS,987.52002
2026-05-26,GS,985.330444
2026-05-27,GS,987.262329
2026-05-28,GS,999.052429
2026-05-29,GS,1016.083618
2026-06-01,GS,1043.469482
2026-06-02,GS,1059.391479
2026-06-03,GS,1035.946289
2026-06-04,GS,1087.284912
2026-06-05,GS,1033.617798
2026-06-08,GS,1039.906982
2026-06-09,GS,1026.980225
2026-06-10,GS,996.409912
2026-06-11,GS,1030.592529
2026-06-12,GS,1057.570435
2026-06-15,GS,1070.925049
2026-06-16,GS,1085.35437
2026-06-17,GS,1093.783081
2026-06-18,GS,1091.215698
2026-06-22,GS,1100.977783
2026-06-23,GS,1089.105957
2026-06-24,GS,1071.661499
2026-06-25,GS,1059.898926
2026-06-26,GS,1014.640686
2026-06-29,GS,1015.237793
2026-06-30,GS,1006.440857
2026-07-01,GS,1014.640686
2026-07-02,GS,1016.023926
2026-07-06,GS,1050.146851
2026-07-07,GS,1037.896729
2026-07-08,GS,1024.621826
2026-07-09,GS,1050.823486
2026-07-10,GS,1050.037354
2026-07-13,GS,1040.8125
2026-07-14,GS,1134.44397
2026-07-15,GS,1146.455078
2026-07-16,GS,1090.120972
2026-07-17,GS,1060.02832
2026-07-20,GS,1049.888062
2026-07-21,GS,1080.269287
2026-07-22,GS,1092.847656
2026-07-23,GS,1069.482056
2026-07-24,GS,1056.057861
2026-07-27,GS,1043.121216
2026-07-28,GS,1028.303711
2026-07-29,GS,975.970093
2026-07-30,GS,1019.865051
2026-07-31,GS,1013.416687
2026-08-03,GS,1022.054443
2026-08-04,GS,1047.848022
2026-08-05,GS,1055.211914
2026-08-06,GS,1027.547363
2026-08-07,GS,1034.543213
2026-08-10,GS,1029.468018
2026-08-11,GS,1029.36853
2026-08-12,GS,1032.154907
2026-08-13,GS,1037.548462
2026-08-14,GS,1034.354126
2026-08-17,GS,1046.186279
2026-08-18,GS,1035.398926
2026-08-19,GS,1016.670776
2026-08-20,GS,997.066772
2026-08-21,GS,1034.214844
2026-08-24,GS,1031.229492
2026-08-25,GS,1053.719238
2026-08-26,GS,1035.389038
2026-08-27,GS,1035.796997
2026-08-28,GS,1028.950562
2026-08-31,GS,1020.900024
2026-09-01,GS,1002.559998
2026-09-02,GS,1004.419983
2026-09-03,GS,1037.930054
2026-09-04,GS,1038.609985
2026-09-08,GS,1036.530029
2026-09-09,GS,1028.780029
2026-09-10,GS,1019.77002
2026-09-11,GS,1029.180054
2026-09-14,GS,988.450012
2026-09-15,GS,976.669983
2026-09-16,GS,937.97998
2026-09-17,GS,951.469971
2026-09-18,GS,942.0
2026-09-21,GS,959.390015
2026-09-22,GS,949.48999
2026-09-23,GS,936.359985
2026-09-24,GS,923.289978
2026-09-25,GS,935.450012
2026-09-28,GS,916.280029
2026-09-29,GS,916.23999
2026-09-30,GS,900.359985
2026-10-01,GS,896.669983
2021-10-04,XOM,51.7971
2021-10-05,XOM,51.713181
2021-10-06,XOM,50.764858
2021-10-07,XOM,50.907509
2021-10-08,XOM,52.183147
2021-10-11,XOM,51.662834
2021-10-12,XOM,51.394276
2021-10-13,XOM,51.251602
2021-10-14,XOM,52.032078
2021-10-15,XOM,52.527233
2021-10-18,XOM,52.502052
2021-10-19,XOM,53.290936
2021-10-20,XOM,53.584652
2021-10-21,XOM,52.611141
2021-10-22,XOM,52.972015
2021-10-25,XOM,54.004269
2021-10-26,XOM,55.254723
2021-10-27,XOM,53.819637
2021-10-28,XOM,53.970695
2021-10-29,XOM,54.104977
2021-11-01,XOM,55.078476
2021-11-02,XOM,54.398705
2021-11-03,XOM,53.651798
2021-11-04,XOM,54.054619
2021-11-05,XOM,54.566555
2021-11-08,XOM,55.154007
2021-11-09,XOM,55.691109
2021-11-10,XOM,54.593964
2021-11-11,XOM,54.696026
2021-11-12,XOM,54.279278
2021-11-15,XOM,54.747063
2021-11-16,XOM,55.299881
2021-11-17,XOM,54.696026
2021-11-18,XOM,54.10067
2021-11-19,XOM,51.600174
2021-11-22,XOM,52.31461
2021-11-23,XOM,53.692432
2021-11-24,XOM,53.990105
2021-11-26,XOM,52.093475
2021-11-29,XOM,52.382648
2021-11-30,XOM,50.894257
2021-12-01,XOM,50.851734
2021-12-02,XOM,52.118996
2021-12-03,XOM,51.787304
2021-12-06,XOM,52.374138
2021-12-07,XOM,52.960987
2021-12-08,XOM,53.114086
2021-12-09,XOM,53.250172
2021-12-10,XOM,53.59037
2021-12-13,XOM,52.416676
2021-12-14,XOM,52.340122
2021-12-15,XOM,52.110489
2021-12-16,XOM,52.195545
2021-12-17,XOM,51.055862
2021-12-20,XOM,50.315922
2021-12-21,XOM,51.455593
2021-12-22,XOM,51.872345
2021-12-23,XOM,51.897865
2021-12-27,XOM,52.637802
2021-12-28,XOM,52.467701
2021-12-29,XOM,52.00843
2021-12-30,XOM,51.702244
2021-12-31,XOM,52.042446
2022-01-03,XOM,54.041138
2022-01-04,XOM,56.073845
2022-01-05,XOM,56.771255
2022-01-06,XOM,58.106571
2022-01-07,XOM,58.582829
2022-01-10,XOM,58.234138
2022-01-11,XOM,60.683578
2022-01-12,XOM,60.504971
2022-01-13,XOM,60.071236
2022-01-14,XOM,61.125847
2022-01-18,XOM,62.154964
2022-01-19,XOM,62.180485
2022-01-20,XOM,62.316551
2022-01-21,XOM,61.381004
2022-01-24,XOM,61.90831
2022-01-25,XOM,63.728397
2022-01-26,XOM,63.082012
2022-01-27,XOM,63.889999
2022-01-28,XOM,64.026062
2022-01-31,XOM,64.604416
2022-02-01,XOM,68.746376
2022-02-02,XOM,68.567772
2022-02-03,XOM,67.768288
2022-02-04,XOM,69.239685
2022-02-07,XOM,70.073174
2022-02-08,XOM,68.261589
2022-02-09,XOM,67.93483
2022-02-10,XOM,67.281265
2022-02-11,XOM,68.975334
2022-02-14,XOM,67.917625
2022-02-15,XOM,67.066269
2022-02-16,XOM,67.37587
2022-02-17,XOM,67.272652
2022-02-18,XOM,66.524521
2022-02-22,XOM,65.750587
2022-02-23,XOM,66.017166
2022-02-24,XOM,65.183029
2022-02-25,XOM,66.937286
2022-02-28,XOM,67.43605
2022-03-01,XOM,68.081017
2022-03-02,XOM,69.250519
2022-03-03,XOM,69.689064
2022-03-04,XOM,72.311874
2022-03-07,XOM,74.91748
2022-03-08,XOM,75.485054
2022-03-09,XOM,71.193977
2022-03-10,XOM,73.403999
2022-03-11,XOM,73.025627
2022-03-14,XOM,70.41143
2022-03-15,XOM,66.404129
2022-03-16,XOM,66.154762
2022-03-17,XOM,67.917625
2022-03-18,XOM,67.651054
2022-03-21,XOM,70.686615
2022-03-22,XOM,70.377029
2022-03-23,XOM,71.486343
2022-03-24,XOM,71.701332
2022-03-25,XOM,73.266388
2022-03-28,XOM,71.211174
2022-03-29,XOM,70.832787
2022-03-30,XOM,72.045303
2022-03-31,XOM,71.021996
2022-04-01,XOM,71.477753
2022-04-04,XOM,71.512161
2022-04-05,XOM,71.142387
2022-04-06,XOM,71.93351
2022-04-07,XOM,73.137428
2022-04-08,XOM,74.676689
2022-04-11,XOM,72.105499
2022-04-12,XOM,73.610374
2022-04-13,XOM,74.650887
2022-04-14,XOM,75.528046
2022-04-18,XOM,76.147202
2022-04-19,XOM,75.467857
2022-04-20,XOM,75.639839
2022-04-21,XOM,74.840073
2022-04-22,XOM,73.20623
2022-04-25,XOM,70.738197
2022-04-26,XOM,70.764008
2022-04-27,XOM,72.784859
2022-04-28,XOM,74.986282
2022-04-29,XOM,73.309418
2022-05-02,XOM,74.306931
2022-05-03,XOM,75.837601
2022-05-04,XOM,78.855988
2022-05-05,XOM,77.660675
2022-05-06,XOM,78.847397
2022-05-09,XOM,72.630058
2022-05-10,XOM,73.111618
2022-05-11,XOM,74.633705
2022-05-12,XOM,74.972519
2022-05-13,XOM,77.196495
2022-05-16,XOM,79.012161
2022-05-17,XOM,80.01992
2022-05-18,XOM,78.751534
2022-05-19,XOM,79.177231
2022-05-20,XOM,79.802719
2022-05-23,XOM,81.566284
2022-05-24,XOM,82.009346
2022-05-25,XOM,83.659943
2022-05-26,XOM,83.955322
2022-05-27,XOM,84.780617
2022-05-31,XOM,83.39933
2022-06-01,XOM,84.997818
2022-06-02,XOM,84.850136
2022-06-03,XOM,86.083733
2022-06-06,XOM,85.866547
2022-06-07,XOM,89.801964
2022-06-08,XOM,90.861816
2022-06-09,XOM,88.898468
2022-06-10,XOM,87.273911
2022-06-13,XOM,83.269012
2022-06-14,XOM,83.486191
2022-06-15,XOM,82.435005
2022-06-16,XOM,79.394432
2022-06-17,XOM,74.816162
2022-06-21,XOM,79.47261
2022-06-22,XOM,76.327759
2022-06-23,XOM,74.025589
2022-06-24,XOM,75.493759
2022-06-27,XOM,77.344162
2022-06-28,XOM,79.489967
2022-06-29,XOM,76.553642
2022-06-30,XOM,74.399155
2022-07-01,XOM,76.058449
2022-07-05,XOM,73.678093
2022-07-06,XOM,72.3489
2022-07-07,XOM,74.659752
2022-07-08,XOM,74.781387
2022-07-11,XOM,74.399155
2022-07-12,XOM,73.408783
2022-07-13,XOM,73.704147
2022-07-14,XOM,72.227295
2022-07-15,XOM,73.443527
2022-07-18,XOM,74.798759
2022-07-19,XOM,76.683937
2022-07-20,XOM,77.526611
2022-07-21,XOM,76.232193
2022-07-22,XOM,75.650124
2022-07-25,XOM,78.169487
2022-07-26,XOM,77.865433
2022-07-27,XOM,79.550797
2022-07-28,XOM,80.480324
2022-07-29,XOM,84.20726
2022-08-01,XOM,82.078835
2022-08-02,XOM,81.722641
2022-08-03,XOM,79.072975
2022-08-04,XOM,75.745689
2022-08-05,XOM,76.840317
2022-08-08,XOM,77.274681
2022-08-09,XOM,78.699417
2022-08-10,XOM,79.446526
2022-08-11,XOM,81.744774
2022-08-12,XOM,82.455292
2022-08-15,XOM,80.98159
2022-08-16,XOM,80.227249
2022-08-17,XOM,80.876358
2022-08-18,XOM,82.788612
2022-08-19,XOM,82.525444
2022-08-22,XOM,82.464058
2022-08-23,XOM,85.96402
2022-08-24,XOM,86.472786
2022-08-25,XOM,86.920158
2022-08-26,XOM,85.849998
2022-08-29,XOM,87.823654
2022-08-30,XOM,84.481575
2022-08-31,XOM,83.850006
2022-09-01,XOM,82.341248
2022-09-02,XOM,83.850006
2022-09-06,XOM,83.288597
2022-09-07,XOM,82.578102
2022-09-08,XOM,83.253517
2022-09-09,XOM,84.648247
2022-09-12,XOM,85.621918
2022-09-13,XOM,83.621964
2022-09-14,XOM,85.674553
2022-09-15,XOM,83.183319
2022-09-16,XOM,81.762299
2022-09-19,XOM,81.753532
2022-09-20,XOM,81.086868
2022-09-21,XOM,79.779877
2022-09-22,XOM,79.446548
2022-09-23,XOM,75.218529
2022-09-26,XOM,73.665901
2022-09-27,XOM,75.209747
2022-09-28,XOM,77.946556
2022-09-29,XOM,77.788658
2022-09-30,XOM,76.586922
2022-10-03,XOM,80.630745
2022-10-04,XOM,83.569298
2022-10-05,XOM,86.946472
2022-10-06,XOM,89.525375
2022-10-07,XOM,88.62188
2022-10-10,XOM,86.700851
2022-10-11,XOM,85.96402
2022-10-12,XOM,86.341225
2022-10-13,XOM,89.358734
2022-10-14,XOM,87.007874
2022-10-17,XOM,88.262245
2022-10-18,XOM,88.420135
2022-10-19,XOM,91.042908
2022-10-20,XOM,91.165726
2022-10-21,XOM,92.858688
2022-10-24,XOM,93.507805
2022-10-25,XOM,92.876221
2022-10-26,XOM,93.981468
2022-10-27,XOM,94.341133
2022-10-28,XOM,97.10424
2022-10-31,XOM,97.200752
2022-11-01,XOM,98.165634
2022-11-02,XOM,96.148125
2022-11-03,XOM,97.455132
2022-11-04,XOM,98.516525
2022-11-07,XOM,99.683182
2022-11-08,XOM,99.998955
2022-11-09,XOM,95.52533
2022-11-10,XOM,96.928825
2022-11-11,XOM,99.955101
2022-11-14,XOM,100.246902
2022-11-15,XOM,100.91893
2022-11-16,XOM,99.840157
2022-11-17,XOM,99.972771
2022-11-18,XOM,99.106232
2022-11-21,XOM,98.12471
2022-11-22,XOM,100.963135
2022-11-23,XOM,100.459122
2022-11-25,XOM,100.105423
2022-11-28,XOM,97.098991
2022-11-29,XOM,97.744484
2022-11-30,XOM,98.451889
2022-12-01,XOM,97.974388
2022-12-02,XOM,97.143196
2022-12-05,XOM,94.481613
2022-12-06,XOM,91.8554
2022-12-07,XOM,91.652031
2022-12-08,XOM,92.332916
2022-12-09,XOM,91.554771
2022-12-12,XOM,93.809593
2022-12-13,XOM,94.835342
2022-12-14,XOM,94.136765
2022-12-15,XOM,93.23484
2022-12-16,XOM,92.58049
2022-12-19,XOM,92.996094
2022-12-20,XOM,94.340164
2022-12-21,XOM,95.551552
2022-12-22,XOM,93.623901
2022-12-23,XOM,96.099785
2022-12-27,XOM,97.43499
2022-12-28,XOM,95.834511
2022-12-29,XOM,96.559586
2022-12-30,XOM,97.532272
2023-01-03,XOM,94.180984
2023-01-04,XOM,94.455101
2023-01-05,XOM,96.568443
2023-01-06,XOM,97.735634
2023-01-09,XOM,95.914101
2023-01-10,XOM,97.346573
2023-01-11,XOM,98.478416
2023-01-12,XOM,100.114265
2023-01-13,XOM,100.052376
2023-01-17,XOM,99.857826
2023-01-18,XOM,97.806381
2023-01-19,XOM,98.434204
2023-01-20,XOM,100.229218
2023-01-23,XOM,99.707512
2023-01-24,XOM,100.635971
2023-01-25,XOM,100.105423
2023-01-26,XOM,104.128738
2023-01-27,XOM,102.227608
2023-01-30,XOM,100.414894
2023-01-31,XOM,102.581314
2023-02-01,XOM,101.458321
2023-02-02,XOM,98.283875
2023-02-03,XOM,98.964752
2023-02-06,XOM,98.796738
2023-02-07,XOM,101.617493
2023-02-08,XOM,100.733231
2023-02-09,XOM,101.113449
2023-02-10,XOM,105.375534
2023-02-13,XOM,104.965652
2023-02-14,XOM,103.735992
2023-02-15,XOM,103.424133
2023-02-16,XOM,103.121178
2023-02-17,XOM,99.155991
2023-02-21,XOM,99.057983
2023-02-22,XOM,97.774879
2023-02-23,XOM,98.674843
2023-02-24,XOM,98.683731
2023-02-27,XOM,98.505547
2023-02-28,XOM,97.935265
2023-03-01,XOM,98.808472
2023-03-02,XOM,99.262924
2023-03-03,XOM,100.519302
2023-03-06,XOM,101.410339
2023-03-07,XOM,99.450043
2023-03-08,XOM,97.997627
2023-03-09,XOM,97.24025
2023-03-10,XOM,96.037315
2023-03-13,XOM,94.932419
2023-03-14,XOM,95.288849
2023-03-15,XOM,90.54847
2023-03-16,XOM,90.022728
2023-03-17,XOM,88.962395
2023-03-20,XOM,91.288017
2023-03-21,XOM,95.377945
2023-03-22,XOM,93.19487
2023-03-23,XOM,92.14344
2023-03-24,XOM,92.250374
2023-03-27,XOM,94.273041
2023-03-28,XOM,95.449219
2023-03-29,XOM,97.08876
2023-03-30,XOM,97.561005
2023-03-31,XOM,97.712509
2023-04-03,XOM,103.477592
2023-04-04,XOM,102.48851
2023-04-05,XOM,104.243896
2023-04-06,XOM,102.515259
2023-04-10,XOM,102.060837
2023-04-11,XOM,102.78257
2023-04-12,XOM,102.675652
2023-04-13,XOM,103.156799
2023-04-14,XOM,103.406311
2023-04-17,XOM,102.203377
2023-04-18,XOM,104.199341
2023-04-19,XOM,103.869652
2023-04-20,XOM,103.04097
2023-04-21,XOM,103.370674
2023-04-24,XOM,105.322075
2023-04-25,XOM,103.825089
2023-04-26,XOM,102.871674
2023-04-27,XOM,104.101318
2023-04-28,XOM,105.4468
2023-05-01,XOM,102.176643
2023-05-02,XOM,98.104561
2023-05-03,XOM,96.170975
2023-05-04,XOM,94.486885
2023-05-05,XOM,96.839264
2023-05-08,XOM,97.22242
2023-05-09,XOM,97.249146
2023-05-10,XOM,96.001678
2023-05-11,XOM,94.264122
2023-05-12,XOM,94.255234
2023-05-15,XOM,94.434982
2023-05-16,XOM,92.143089
2023-05-17,XOM,94.210289
2023-05-18,XOM,95.064125
2023-05-19,XOM,95.504524
2023-05-22,XOM,94.345093
2023-05-23,XOM,95.630356
2023-05-24,XOM,96.699921
2023-05-25,XOM,94.965256
2023-05-26,XOM,94.345093
2023-05-30,XOM,93.509224
2023-05-31,XOM,91.837494
2023-06-01,XOM,92.898056
2023-06-02,XOM,95.055138
2023-06-05,XOM,94.632706
2023-06-06,XOM,95.405655
2023-06-07,XOM,97.544754
2023-06-08,XOM,97.239174
2023-06-09,XOM,96.520149
2023-06-12,XOM,95.648323
2023-06-13,XOM,95.666313
2023-06-14,XOM,94.515869
2023-06-15,XOM,95.171982
2023-06-16,XOM,94.488914
2023-06-20,XOM,92.322845
2023-06-21,XOM,93.356445
2023-06-22,XOM,92.844124
2023-06-23,XOM,92.035233
2023-06-26,XOM,93.733932
2023-06-27,XOM,93.967621
2023-06-28,XOM,94.73159
2023-06-29,XOM,95.899994
2023-06-30,XOM,96.394333
2023-07-03,XOM,96.583061
2023-07-05,XOM,96.088745
2023-07-06,XOM,92.502586
2023-07-07,XOM,92.718307
2023-07-10,XOM,94.093445
2023-07-11,XOM,95.243881
2023-07-12,XOM,95.711243
2023-07-13,XOM,93.958618
2023-07-14,XOM,90.723015
2023-07-17,XOM,91.118477
2023-07-18,XOM,90.70504
2023-07-19,XOM,91.334183
2023-07-20,XOM,92.943008
2023-07-21,XOM,93.37442
2023-07-24,XOM,94.839424
2023-07-25,XOM,94.983238
2023-07-26,XOM,94.45295
2023-07-27,XOM,94.749565
2023-07-28,XOM,93.617096
2023-07-31,XOM,96.385345
2023-08-01,XOM,95.828102
2023-08-02,XOM,94.632706
2023-08-03,XOM,96.277489
2023-08-04,XOM,96.547119
2023-08-07,XOM,96.34938
2023-08-08,XOM,96.825745
2023-08-09,XOM,98.470505
2023-08-10,XOM,98.973824
2023-08-11,XOM,100.510735
2023-08-14,XOM,100.591629
2023-08-15,XOM,98.009109
2023-08-16,XOM,96.359909
2023-08-17,XOM,98.226593
2023-08-18,XOM,99.712669
2023-08-21,XOM,98.507492
2023-08-22,XOM,97.954735
2023-08-23,XOM,97.093895
2023-08-24,XOM,96.368973
2023-08-25,XOM,98.09066
2023-08-28,XOM,98.915268
2023-08-29,XOM,99.50425
2023-08-30,XOM,100.473824
2023-08-31,XOM,100.75473
2023-09-01,XOM,102.866058
2023-09-05,XOM,102.875122
2023-09-06,XOM,103.763145
2023-09-07,XOM,103.255707
2023-09-08,XOM,104.759926
2023-09-11,XOM,103.445992
2023-09-12,XOM,106.463486
2023-09-13,XOM,105.512032
2023-09-14,XOM,107.396805
2023-09-15,XOM,105.747627
2023-09-18,XOM,106.599396
2023-09-19,XOM,106.318497
2023-09-20,XOM,105.475777
2023-09-21,XOM,103.989685
2023-09-22,XOM,104.152802
2023-09-25,XOM,105.321724
2023-09-26,XOM,105.484848
2023-09-27,XOM,108.919136
2023-09-28,XOM,108.257652
2023-09-29,XOM,106.545021
2023-10-02,XOM,104.778053
2023-10-03,XOM,104.959259
2023-10-04,XOM,101.035645
2023-10-05,XOM,98.761208
2023-10-06,XOM,97.112
2023-10-09,XOM,100.510071
2023-10-10,XOM,100.084183
2023-10-11,XOM,96.495842
2023-10-12,XOM,96.477722
2023-10-13,XOM,99.558617
2023-10-16,XOM,99.631104
2023-10-17,XOM,100.935959
2023-10-18,XOM,102.349556
2023-10-19,XOM,102.412987
2023-10-20,XOM,100.655052
2023-10-23,XOM,99.178032
2023-10-24,XOM,98.217514
2023-10-25,XOM,98.39875
2023-10-26,XOM,97.501663
2023-10-27,XOM,95.644051
2023-10-30,XOM,95.943085
2023-10-31,XOM,95.915901
2023-11-01,XOM,95.725609
2023-11-02,XOM,98.869942
2023-11-03,XOM,97.664772
2023-11-06,XOM,95.934021
2023-11-07,XOM,94.429817
2023-11-08,XOM,93.269943
2023-11-09,XOM,93.297127
2023-11-10,XOM,94.012978
2023-11-13,XOM,95.000702
2023-11-14,XOM,95.36647
2023-11-15,XOM,94.790382
2023-11-16,XOM,93.693039
2023-11-17,XOM,95.979141
2023-11-20,XOM,95.55851
2023-11-21,XOM,95.521912
2023-11-22,XOM,95.110428
2023-11-24,XOM,95.622505
2023-11-27,XOM,95.064713
2023-11-28,XOM,95.009834
2023-11-29,XOM,93.583305
2023-11-30,XOM,93.949089
2023-12-01,XOM,94.177696
2023-12-04,XOM,93.665611
2023-12-05,XOM,91.845901
2023-12-06,XOM,90.6297
2023-12-07,XOM,89.998734
2023-12-08,XOM,91.032036
2023-12-11,XOM,91.096062
2023-12-12,XOM,89.660385
2023-12-13,XOM,90.45594
2023-12-14,XOM,92.888344
2023-12-15,XOM,92.266533
2023-12-18,XOM,92.952362
2023-12-19,XOM,94.177696
2023-12-20,XOM,92.604866
2023-12-21,XOM,93.025513
2023-12-22,XOM,93.190109
2023-12-26,XOM,93.400429
2023-12-27,XOM,92.961494
2023-12-28,XOM,91.617294
2023-12-29,XOM,91.425262
2024-01-02,XOM,93.601608
2024-01-03,XOM,94.388008
2024-01-04,XOM,93.565025
2024-01-05,XOM,93.848495
2024-01-08,XOM,92.284821
2024-01-09,XOM,91.141769
2024-01-10,XOM,90.245644
2024-01-11,XOM,90.227333
2024-01-12,XOM,91.39782
2024-01-16,XOM,89.331192
2024-01-17,XOM,88.681953
2024-01-18,XOM,88.517349
2024-01-19,XOM,88.65451
2024-01-22,XOM,88.535629
2024-01-23,XOM,89.532372
2024-01-24,XOM,91.077766
2024-01-25,XOM,93.391281
2024-01-26,XOM,94.186844
2024-01-29,XOM,94.305717
2024-01-30,XOM,95.87854
2024-01-31,XOM,94.013092
2024-02-01,XOM,93.629036
2024-02-02,XOM,93.244965
2024-02-05,XOM,92.860916
2024-02-06,XOM,93.501015
2024-02-07,XOM,93.473579
2024-02-08,XOM,95.073845
2024-02-09,XOM,93.062096
2024-02-12,XOM,94.342293
2024-02-13,XOM,93.530121
2024-02-14,XOM,93.068634
2024-02-15,XOM,95.735939
2024-02-16,XOM,95.735939
2024-02-20,XOM,94.831444
2024-02-21,XOM,96.769608
2024-02-22,XOM,96.686546
2024-02-23,XOM,95.837456
2024-02-26,XOM,96.215851
2024-02-27,XOM,96.012794
2024-02-28,XOM,96.280464
2024-02-29,XOM,96.465042
2024-03-01,XOM,97.683319
2024-03-04,XOM,96.317375
2024-03-05,XOM,97.498734
2024-03-06,XOM,98.541649
2024-03-07,XOM,99.095406
2024-03-08,XOM,100.027557
2024-03-11,XOM,100.61824
2024-03-12,XOM,99.972206
2024-03-13,XOM,101.088936
2024-03-14,XOM,102.879433
2024-03-15,XOM,102.694839
2024-03-18,XOM,103.645462
2024-03-19,XOM,104.37458
2024-03-20,XOM,104.282303
2024-03-21,XOM,104.743767
2024-03-22,XOM,104.743767
2024-03-25,XOM,105.814362
2024-03-26,XOM,105.020645
2024-03-27,XOM,106.109688
2024-03-28,XOM,107.281822
2024-04-01,XOM,107.97403
2024-04-02,XOM,110.087547
2024-04-03,XOM,110.10601
2024-04-04,XOM,110.493629
2024-04-05,XOM,112.016487
2024-04-08,XOM,111.259674
2024-04-09,XOM,111.841125
2024-04-10,XOM,112.782516
2024-04-11,XOM,112.404121
2024-04-12,XOM,111.093536
2024-04-15,XOM,110.456726
2024-04-16,XOM,109.543015
2024-04-17,XOM,109.487648
2024-04-18,XOM,109.386124
2024-04-19,XOM,110.641319
2024-04-22,XOM,111.268906
2024-04-23,XOM,111.70269
2024-04-24,XOM,111.721146
2024-04-25,XOM,111.979568
2024-04-26,XOM,108.869263
2024-04-29,XOM,110.419807
2024-04-30,XOM,109.155373
2024-05-01,XOM,107.088013
2024-05-02,XOM,107.281822
2024-05-03,XOM,107.060318
2024-05-06,XOM,107.752525
2024-05-07,XOM,107.217224
2024-05-08,XOM,107.198761
2024-05-09,XOM,109.312286
2024-05-10,XOM,108.869263
2024-05-13,XOM,108.823135
2024-05-14,XOM,109.483727
2024-05-15,XOM,110.330437
2024-05-16,XOM,109.669823
2024-05-17,XOM,111.316681
2024-05-20,XOM,110.414162
2024-05-21,XOM,109.651207
2024-05-22,XOM,107.446106
2024-05-23,XOM,105.613136
2024-05-24,XOM,105.529396
2024-05-28,XOM,106.869225
2024-05-29,XOM,105.724792
2024-05-30,XOM,106.059746
2024-05-31,XOM,109.102264
2024-06-03,XOM,106.487747
2024-06-04,XOM,104.831581
2024-06-05,XOM,105.250282
2024-06-06,XOM,106.041145
2024-06-07,XOM,104.906021
2024-06-10,XOM,105.213058
2024-06-11,XOM,104.366371
2024-06-12,XOM,103.212631
2024-06-13,XOM,102.384544
2024-06-14,XOM,101.519257
2024-06-17,XOM,100.821426
2024-06-18,XOM,101.770462
2024-06-20,XOM,103.96627
2024-06-21,XOM,103.054459
2024-06-24,XOM,106.115578
2024-06-25,XOM,106.413322
2024-06-26,XOM,106.450523
2024-06-27,XOM,106.906456
2024-06-28,XOM,107.111145
2024-07-01,XOM,106.962265
2024-07-02,XOM,106.236519
2024-07-03,XOM,106.776176
2024-07-05,XOM,105.482887
2024-07-08,XOM,104.375679
2024-07-09,XOM,103.221954
2024-07-10,XOM,104.133751
2024-07-11,XOM,105.371231
2024-07-12,XOM,105.389854
2024-07-15,XOM,107.194885
2024-07-16,XOM,107.967133
2024-07-17,XOM,109.455826
2024-07-18,XOM,110.535126
2024-07-19,XOM,107.995041
2024-07-22,XOM,107.250702
2024-07-23,XOM,105.520103
2024-07-24,XOM,107.008789
2024-07-25,XOM,109.260429
2024-07-26,XOM,109.167381
2024-07-29,XOM,108.022964
2024-07-30,XOM,109.948944
2024-07-31,XOM,110.339729
2024-08-01,XOM,108.813828
2024-08-02,XOM,108.748688
2024-08-05,XOM,106.785477
2024-08-06,XOM,106.217918
2024-08-07,XOM,107.632179
2024-08-08,XOM,109.688431
2024-08-09,XOM,110.581642
2024-08-12,XOM,110.721199
2024-08-13,XOM,109.660522
2024-08-14,XOM,110.674675
2024-08-15,XOM,111.359367
2024-08-16,XOM,110.834137
2024-08-19,XOM,111.171783
2024-08-20,XOM,107.46701
2024-08-21,XOM,106.78231
2024-08-22,XOM,107.607689
2024-08-23,XOM,109.098976
2024-08-26,XOM,111.43441
2024-08-27,XOM,110.374557
2024-08-28,XOM,109.286568
2024-08-29,XOM,110.796616
2024-08-30,XOM,110.618408
2024-09-03,XOM,108.301743
2024-09-04,XOM,106.979263
2024-09-05,XOM,106.144524
2024-09-06,XOM,105.647438
2024-09-09,XOM,107.8703
2024-09-10,XOM,103.940422
2024-09-11,XOM,102.908699
2024-09-12,XOM,104.324951
2024-09-13,XOM,104.249924
2024-09-16,XOM,105.713089
2024-09-17,XOM,107.09182
2024-09-18,XOM,107.46701
2024-09-19,XOM,108.798843
2024-09-20,XOM,108.114166
2024-09-23,XOM,110.074417
2024-09-24,XOM,109.783661
2024-09-25,XOM,107.645195
2024-09-26,XOM,105.797508
2024-09-27,XOM,108.630013
2024-09-30,XOM,109.943123
2024-10-01,XOM,112.484879
2024-10-02,XOM,113.976166
2024-10-03,XOM,114.970367
2024-10-04,XOM,117.080688
2024-10-07,XOM,117.587166
2024-10-08,XOM,114.463882
2024-10-09,XOM,114.51078
2024-10-10,XOM,115.49559
2024-10-11,XOM,115.936424
2024-10-14,XOM,116.377251
2024-10-15,XOM,112.878807
2024-10-16,XOM,113.169571
2024-10-17,XOM,112.878807
2024-10-18,XOM,112.559914
2024-10-21,XOM,112.625572
2024-10-22,XOM,113.207077
2024-10-23,XOM,112.803772
2024-10-24,XOM,112.16597
2024-10-25,XOM,112.072182
2024-10-28,XOM,111.518806
2024-10-29,XOM,109.999382
2024-10-30,XOM,109.446007
2024-10-31,XOM,109.530411
2024-11-01,XOM,107.814026
2024-11-04,XOM,111.246826
2024-11-05,XOM,111.575089
2024-11-06,XOM,113.488449
2024-11-07,XOM,113.629135
2024-11-08,XOM,113.591621
2024-11-11,XOM,112.991356
2024-11-12,XOM,112.878807
2024-11-13,XOM,113.929268
2024-11-14,XOM,114.004921
2024-11-15,XOM,112.822891
2024-11-18,XOM,113.768517
2024-11-19,XOM,112.179855
2024-11-20,XOM,113.777977
2024-11-21,XOM,115.30043
2024-11-22,XOM,115.168045
2024-11-25,XOM,113.447006
2024-11-26,XOM,111.55574
2024-11-27,XOM,111.262604
2024-11-29,XOM,111.546288
2024-12-02,XOM,111.442268
2024-12-03,XOM,111.272057
2024-12-04,XOM,108.066383
2024-12-05,XOM,108.539192
2024-12-06,XOM,107.394981
2024-12-09,XOM,106.761414
2024-12-10,XOM,106.543915
2024-12-11,XOM,105.834694
2024-12-12,XOM,105.740128
2024-12-13,XOM,104.813416
2024-12-16,XOM,102.572281
2024-12-17,XOM,102.137291
2024-12-18,XOM,100.633743
2024-12-19,XOM,99.773232
2024-12-20,XOM,100.113655
2024-12-23,XOM,100.520256
2024-12-24,XOM,100.614815
2024-12-26,XOM,100.699928
2024-12-27,XOM,100.690483
2024-12-30,XOM,100.009636
2024-12-31,XOM,101.721214
2025-01-02,XOM,101.475342
2025-01-03,XOM,101.995438
2025-01-06,XOM,101.881966
2025-01-07,XOM,102.837051
2025-01-08,XOM,101.116005
2025-01-10,XOM,100.747215
2025-01-13,XOM,103.347687
2025-01-14,XOM,103.754311
2025-01-15,XOM,105.446991
2025-01-16,XOM,105.267319
2025-01-17,XOM,106.212952
2025-01-21,XOM,105.409164
2025-01-22,XOM,103.574638
2025-01-23,XOM,104.160934
2025-01-24,XOM,102.751938
2025-01-27,XOM,104.179848
2025-01-28,XOM,102.165649
2025-01-29,XOM,102.761391
2025-01-30,XOM,103.612473
2025-01-31,XOM,101.021446
2025-02-03,XOM,101.267311
2025-02-04,XOM,103.98127
2025-02-05,XOM,103.905602
2025-02-06,XOM,102.534454
2025-02-07,XOM,102.969429
2025-02-10,XOM,104.936348
2025-02-11,XOM,105.598282
2025-02-12,XOM,102.421181
2025-02-13,XOM,103.165367
2025-02-14,XOM,103.270309
2025-02-18,XOM,105.083084
2025-02-19,XOM,105.235733
2025-02-20,XOM,106.857689
2025-02-21,XOM,105.607841
2025-02-24,XOM,106.161201
2025-02-25,XOM,104.691917
2025-02-26,XOM,104.434311
2025-02-27,XOM,105.092621
2025-02-28,XOM,106.218437
2025-03-03,XOM,102.812347
2025-03-04,XOM,102.602463
2025-03-05,XOM,100.598877
2025-03-06,XOM,102.67878
2025-03-07,XOM,104.014503
2025-03-10,XOM,106.66687
2025-03-11,XOM,104.148079
2025-03-12,XOM,104.119461
2025-03-13,XOM,103.680565
2025-03-14,XOM,106.762291
2025-03-17,XOM,108.53688
2025-03-18,XOM,108.422386
2025-03-19,XOM,110.111122
2025-03-20,XOM,110.578629
2025-03-21,XOM,110.196983
2025-03-24,XOM,110.483215
2025-03-25,XOM,111.236938
2025-03-26,XOM,112.839798
2025-03-27,XOM,112.477249
2025-03-28,XOM,112.3246
2025-03-31,XOM,113.469498
2025-04-01,XOM,113.574448
2025-04-02,XOM,113.221436
2025-04-03,XOM,107.267944
2025-04-04,XOM,99.54937
2025-04-07,XOM,98.213661
2025-04-08,XOM,96.143288
2025-04-09,XOM,100.942345
2025-04-10,XOM,95.341858
2025-04-11,XOM,98.404472
2025-04-14,XOM,98.642998
2025-04-15,XOM,98.366325
2025-04-16,XOM,99.406281
2025-04-17,XOM,102.010918
2025-04-21,XOM,100.513008
2025-04-22,XOM,103.327568
2025-04-23,XOM,102.440269
2025-04-24,XOM,103.64241
2025-04-25,XOM,103.585159
2025-04-28,XOM,103.64241
2025-04-29,XOM,103.384811
2025-04-30,XOM,100.780144
2025-05-01,XOM,100.923264
2025-05-02,XOM,101.333519
2025-05-05,XOM,98.528496
2025-05-06,XOM,99.90239
2025-05-07,XOM,99.806992
2025-05-08,XOM,101.199951
2025-05-09,XOM,102.383011
2025-05-12,XOM,104.148079
2025-05-13,XOM,104.434311
2025-05-14,XOM,103.499298
2025-05-15,XOM,104.548836
2025-05-16,XOM,104.173317
2025-05-19,XOM,102.517174
2025-05-20,XOM,101.053596
2025-05-21,XOM,99.811493
2025-05-22,XOM,99.14711
2025-05-23,XOM,99.204887
2025-05-27,XOM,99.676682
2025-05-28,XOM,98.319038
2025-05-29,XOM,98.877518
2025-05-30,XOM,98.501991
2025-06-02,XOM,99.224136
2025-06-03,XOM,99.946304
2025-06-04,XOM,98.501991
2025-06-05,XOM,98.049431
2025-06-06,XOM,100.398842
2025-06-09,XOM,101.072861
2025-06-10,XOM,103.239326
2025-06-11,XOM,105.251732
2025-06-12,XOM,105.656143
2025-06-13,XOM,107.957397
2025-06-16,XOM,108.304039
2025-06-17,XOM,109.767609
2025-06-18,XOM,108.987686
2025-06-20,XOM,110.44162
2025-06-23,XOM,107.591507
2025-06-24,XOM,104.317726
2025-06-25,XOM,104.346634
2025-06-26,XOM,105.906479
2025-06-27,XOM,105.31913
2025-06-30,XOM,103.797798
2025-07-01,XOM,105.184334
2025-07-02,XOM,106.927139
2025-07-03,XOM,108.034431
2025-07-07,XOM,106.984901
2025-07-08,XOM,109.950554
2025-07-09,XOM,109.575043
2025-07-10,XOM,110.663078
2025-07-11,XOM,111.144524
2025-07-14,XOM,109.690575
2025-07-15,XOM,108.718086
2025-07-16,XOM,108.063324
2025-07-17,XOM,107.514481
2025-07-18,XOM,103.768898
2025-07-21,XOM,104.038506
2025-07-22,XOM,104.510315
2025-07-23,XOM,105.848701
2025-07-24,XOM,106.676788
2025-07-25,XOM,106.301262
2025-07-28,XOM,107.302643
2025-07-29,XOM,108.689178
2025-07-30,XOM,107.745583
2025-07-31,XOM,107.495224
2025-08-01,XOM,105.569481
2025-08-04,XOM,103.383759
2025-08-05,XOM,103.258583
2025-08-06,XOM,102.555679
2025-08-07,XOM,102.016479
2025-08-08,XOM,102.834923
2025-08-11,XOM,101.900932
2025-08-12,XOM,102.189789
2025-08-13,XOM,103.605209
2025-08-14,XOM,103.393372
2025-08-15,XOM,103.49057
2025-08-18,XOM,103.714096
2025-08-19,XOM,104.394371
2025-08-20,XOM,105.473114
2025-08-21,XOM,106.153404
2025-08-22,XOM,108.145653
2025-08-25,XOM,108.592682
2025-08-26,XOM,108.349724
2025-08-27,XOM,109.574242
2025-08-28,XOM,110.157341
2025-08-29,XOM,111.070862
2025-09-02,XOM,111.459602
2025-09-03,XOM,108.757904
2025-09-04,XOM,109.2341
2025-09-05,XOM,106.153404
2025-09-08,XOM,106.75592
2025-09-09,XOM,107.533394
2025-09-10,XOM,109.331284
2025-09-11,XOM,108.981422
2025-09-12,XOM,109.00087
2025-09-15,XOM,109.185509
2025-09-16,XOM,111.449883
2025-09-17,XOM,112.042702
2025-09-18,XOM,110.721008
2025-09-19,XOM,109.642273
2025-09-22,XOM,108.864799
2025-09-23,XOM,110.74044
2025-09-24,XOM,111.333252
2025-09-25,XOM,112.334251
2025-09-26,XOM,113.918343
2025-09-29,XOM,111.002846
2025-09-30,XOM,109.574242
2025-10-01,XOM,108.835648
2025-10-02,XOM,108.155365
2025-10-03,XOM,110.069893
2025-10-06,XOM,110.983406
2025-10-07,XOM,111.041718
2025-10-08,XOM,110.808472
2025-10-09,XOM,109.729744
2025-10-10,XOM,107.611137
2025-10-13,XOM,109.078606
2025-10-14,XOM,109.127205
2025-10-15,XOM,108.466354
2025-10-16,XOM,107.523689
2025-10-17,XOM,109.078606
2025-10-20,XOM,109.525642
2025-10-21,XOM,109.53537
2025-10-22,XOM,111.479042
2025-10-23,XOM,112.713272
2025-10-24,XOM,112.139885
2025-10-27,XOM,112.6744
2025-10-28,XOM,111.790024
2025-10-29,XOM,113.170021
2025-10-30,XOM,111.459602
2025-10-31,XOM,111.138893
2025-11-03,XOM,110.555801
2025-11-04,XOM,110.925095
2025-11-05,XOM,110.47805
2025-11-06,XOM,111.274963
2025-11-07,XOM,113.918343
2025-11-10,XOM,114.890182
2025-11-11,XOM,116.406235
2025-11-12,XOM,114.792999
2025-11-13,XOM,115.444122
2025-11-14,XOM,116.944031
2025-11-17,XOM,115.365692
2025-11-18,XOM,116.689148
2025-11-19,XOM,115.042183
2025-11-20,XOM,114.718666
2025-11-21,XOM,114.777489
2025-11-24,XOM,113.689323
2025-11-25,XOM,112.258026
2025-11-26,XOM,112.512917
2025-11-28,XOM,113.640305
2025-12-01,XOM,114.336342
2025-12-02,XOM,113.110924
2025-12-03,XOM,115.48333
2025-12-04,XOM,114.836311
2025-12-05,XOM,114.248108
2025-12-08,XOM,113.699127
2025-12-09,XOM,115.924484
2025-12-10,XOM,117.18911
2025-12-11,XOM,117.18911
2025-12-12,XOM,116.483269
2025-12-15,XOM,115.444122
2025-12-16,XOM,112.42469
2025-12-17,XOM,115.101013
2025-12-18,XOM,114.248108
2025-12-19,XOM,114.395164
2025-12-22,XOM,115.826447
2025-12-23,XOM,117.071465
2025-12-24,XOM,116.875412
2025-12-26,XOM,116.76757
2025-12-29,XOM,118.159645
2025-12-30,XOM,118.610596
2025-12-31,XOM,117.973381
2026-01-02,XOM,120.237953
2026-01-05,XOM,122.894653
2026-01-06,XOM,118.669426
2026-01-07,XOM,116.15976
2026-01-08,XOM,120.492844
2026-01-09,XOM,122.159409
2026-01-12,XOM,121.590813
2026-01-13,XOM,124.051445
2026-01-14,XOM,127.639458
2026-01-15,XOM,126.590523
2026-01-16,XOM,127.335564
2026-01-20,XOM,127.894371
2026-01-21,XOM,130.982422
2026-01-22,XOM,131.011826
2026-01-23,XOM,132.315674
2026-01-26,XOM,132.188217
2026-01-27,XOM,134.139069
2026-01-28,XOM,134.874329
2026-01-29,XOM,137.746704
2026-01-30,XOM,138.619202
2026-02-02,XOM,135.678192
2026-02-03,XOM,140.903381
2026-02-04,XOM,144.687469
2026-02-05,XOM,143.207184
2026-02-06,XOM,146.118774
2026-02-09,XOM,148.236282
2026-02-10,XOM,148.60881
2026-02-11,XOM,152.500748
2026-02-12,XOM,147.961136
2026-02-13,XOM,146.50058
2026-02-17,XOM,144.270264
2026-02-18,XOM,148.701294
2026-02-19,XOM,148.987488
2026-02-20,XOM,145.345947
2026-02-23,XOM,148.780243
2026-02-24,XOM,147.299942
2026-02-25,XOM,147.10257
2026-02-26,XOM,146.589386
2026-02-27,XOM,150.497406
2026-03-02,XOM,152.194809
2026-03-03,XOM,149.836197
2026-03-04,XOM,147.8526
2026-03-05,XOM,148.780243
2026-03-06,XOM,149.22435
2026-03-09,XOM,148.464447
2026-03-10,XOM,146.184799
2026-03-11,XOM,149.589478
2026-03-12,XOM,151.51387
2026-03-13,XOM,154.069855
2026-03-16,XOM,155.165283
2026-03-17,XOM,156.724533
2026-03-18,XOM,155.520554
2026-03-19,XOM,156.083069
2026-03-20,XOM,157.573242
2026-03-23,XOM,159.014084
2026-03-24,XOM,163.208267
2026-03-25,XOM,161.116104
2026-03-26,XOM,163.257599
2026-03-27,XOM,168.744583
2026-03-30,XOM,169.218277
2026-03-31,XOM,167.432053
2026-04-01,XOM,158.668671
2026-04-02,XOM,158.579849
2026-04-06,XOM,161.224655
2026-04-07,XOM,161.757568
2026-04-08,XOM,154.168549
2026-04-09,XOM,153.004044
2026-04-10,XOM,150.507248
2026-04-13,XOM,150.635559
2026-04-14,XOM,147.280212
2026-04-15,XOM,147.053223
2026-04-16,XOM,149.984222
2026-04-17,XOM,144.516968
2026-04-20,XOM,145.740677
2026-04-21,XOM,146.411758
2026-04-22,XOM,147.536789
2026-04-23,XOM,148.553268
2026-04-24,XOM,146.954544
2026-04-27,XOM,146.244003
2026-04-28,XOM,148.58287
2026-04-29,XOM,152.638901
2026-04-30,XOM,152.30336
2026-05-01,XOM,150.74411
2026-05-04,XOM,151.671768
2026-05-05,XOM,152.846146
2026-05-06,XOM,146.737427
2026-05-07,XOM,144.655136
2026-05-08,XOM,142.671539
2026-05-11,XOM,147.714432
2026-05-12,XOM,148.651962
2026-05-13,XOM,149.57962
2026-05-14,XOM,150.773712
2026-05-15,XOM,156.904022
2026-05-18,XOM,159.457489
2026-05-19,XOM,161.504242
2026-05-20,XOM,155.274567
2026-05-21,XOM,154.290939
2026-05-22,XOM,153.923325
2026-05-26,XOM,148.846191
2026-05-27,XOM,146.948486
2026-05-28,XOM,146.014542
2026-05-29,XOM,144.32547
2026-06-01,XOM,148.418976
2026-06-02,XOM,148.597809
2026-06-03,XOM,151.548706
2026-06-04,XOM,151.061844
2026-06-05,XOM,148.95549
2026-06-08,XOM,150.773712
2026-06-09,XOM,147.951996
2026-06-10,XOM,149.650986
2026-06-11,XOM,145.65686
2026-06-12,XOM,146.064209
2026-06-15,XOM,140.013397
2026-06-16,XOM,140.947342
2026-06-17,XOM,139.834549
2026-06-18,XOM,136.923401
2026-06-22,XOM,137.579163
2026-06-23,XOM,138.831039
2026-06-24,XOM,136.019257
2026-06-25,XOM,136.66507
2026-06-26,XOM,135.66156
2026-06-29,XOM,135.184662
2026-06-30,XOM,135.840408
2026-07-01,XOM,135.403244
2026-07-02,XOM,136.208023
2026-07-06,XOM,135.56221
2026-07-07,XOM,140.778442
2026-07-08,XOM,140.222046
2026-07-09,XOM,136.575653
2026-07-10,XOM,137.986526
2026-07-13,XOM,143.580292
2026-07-14,XOM,144.156555
2026-07-15,XOM,143.580292
2026-07-16,XOM,145.011032
2026-07-17,XOM,146.411957
2026-07-20,XOM,147.405533
2026-07-21,XOM,150.733978
2026-07-22,XOM,153.456345
2026-07-23,XOM,155.880646
2026-07-24,XOM,155.930328
2026-07-27,XOM,153.774292
2026-07-28,XOM,152.05542
2026-07-29,XOM,155.741547
2026-07-30,XOM,155.960144
2026-07-31,XOM,154.439987
2026-08-03,XOM,154.062424
2026-08-04,XOM,152.969513
2026-08-05,XOM,150.654495
2026-08-06,XOM,153.843842
2026-08-07,XOM,152.05542
2026-08-10,XOM,158.761993
2026-08-11,XOM,158.771927
2026-08-12,XOM,158.722244
2026-08-13,XOM,157.589584
2026-08-14,XOM,159.070007
2026-08-17,XOM,161.460007
2026-08-18,XOM,165.559998
2026-08-19,XOM,164.770004
2026-08-20,XOM,166.149994
2026-08-21,XOM,165.110001
2026-08-24,XOM,164.050003
2026-08-25,XOM,160.639999
2026-08-26,XOM,158.190002
2026-08-27,XOM,156.440002
2026-08-28,XOM,156.710007
2026-08-31,XOM,160.949997
2026-09-01,XOM,164.550003
2026-09-02,XOM,164.149994
2026-09-03,XOM,162.210007
2026-09-04,XOM,159.470001
2026-09-08,XOM,160.660004
2026-09-09,XOM,164.229996
2026-09-10,XOM,165.229996
2026-09-11,XOM,165.990005
2026-09-14,XOM,165.080002
2026-09-15,XOM,169.320007
2026-09-16,XOM,163.320007
2026-09-17,XOM,163.270004
2026-09-18,XOM,163.539993
2026-09-21,XOM,158.300003
2026-09-22,XOM,158.710007
2026-09-23,XOM,161.229996
2026-09-24,XOM,162.139999
2026-09-25,XOM,160.589996
2026-09-28,XOM,162.520004
2026-09-29,XOM,161.350006
2026-09-30,XOM,162.75
2026-10-01,XOM,163.820007
2021-10-04,JNJ,138.470001
2021-10-05,JNJ,138.783096
2021-10-06,JNJ,139.070114
2021-10-07,JNJ,140.313705
2021-10-08,JNJ,139.957123
2021-10-11,JNJ,139.365799
2021-10-12,JNJ,137.139404
2021-10-13,JNJ,138.452621
2021-10-14,JNJ,139.244034
2021-10-15,JNJ,140.278931
2021-10-18,JNJ,139.252701
2021-10-19,JNJ,142.513992
2021-10-20,JNJ,142.435745
2021-10-21,JNJ,142.105225
2021-10-22,JNJ,142.383575
2021-10-25,JNJ,142.69664
2021-10-26,JNJ,144.149002
2021-10-27,JNJ,142.40097
2021-10-28,JNJ,141.626953
2021-10-29,JNJ,141.653046
2021-11-01,JNJ,141.774796
2021-11-02,JNJ,144.009872
2021-11-03,JNJ,143.54892
2021-11-04,JNJ,143.148865
2021-11-05,JNJ,142.131332
2021-11-08,JNJ,141.644333
2021-11-09,JNJ,141.331238
2021-11-10,JNJ,142.861893
2021-11-11,JNJ,141.809601
2021-11-12,JNJ,143.505447
2021-11-15,JNJ,142.209656
2021-11-16,JNJ,141.470398
2021-11-17,JNJ,142.0009
2021-11-18,JNJ,141.235596
2021-11-19,JNJ,141.661728
2021-11-22,JNJ,139.79718
2021-11-23,JNJ,140.663773
2021-11-24,JNJ,140.269897
2021-11-26,JNJ,139.359497
2021-11-29,JNJ,139.840942
2021-11-30,JNJ,136.496994
2021-12-01,JNJ,138.379074
2021-12-02,JNJ,137.512466
2021-12-03,JNJ,139.517044
2021-12-06,JNJ,142.633377
2021-12-07,JNJ,143.001083
2021-12-08,JNJ,143.858902
2021-12-09,JNJ,145.224472
2021-12-10,JNJ,144.865601
2021-12-13,JNJ,147.45668
2021-12-14,JNJ,149.067413
2021-12-15,JNJ,149.811478
2021-12-16,JNJ,151.44841
2021-12-17,JNJ,147.264084
2021-12-20,JNJ,146.843918
2021-12-21,JNJ,146.371231
2021-12-22,JNJ,147.001495
2021-12-23,JNJ,147.281631
2021-12-27,JNJ,148.524704
2021-12-28,JNJ,149.119904
2021-12-29,JNJ,150.170364
2021-12-30,JNJ,150.835663
2021-12-31,JNJ,149.750183
2022-01-03,JNJ,150.161606
2022-01-04,JNJ,149.758926
2022-01-05,JNJ,150.756866
2022-01-06,JNJ,150.240387
2022-01-07,JNJ,152.27124
2022-01-10,JNJ,151.518478
2022-01-11,JNJ,149.907776
2022-01-12,JNJ,148.629715
2022-01-13,JNJ,147.728058
2022-01-14,JNJ,146.922714
2022-01-18,JNJ,146.274963
2022-01-19,JNJ,145.819733
2022-01-20,JNJ,144.655487
2022-01-21,JNJ,144.322845
2022-01-24,JNJ,142.659683
2022-01-25,JNJ,146.738907
2022-01-26,JNJ,147.395432
2022-01-27,JNJ,149.330017
2022-01-28,JNJ,150.380463
2022-01-31,JNJ,150.81813
2022-02-01,JNJ,149.583862
2022-02-02,JNJ,151.238312
2022-02-03,JNJ,151.229568
2022-02-04,JNJ,150.240387
2022-02-07,JNJ,149.741409
2022-02-08,JNJ,150.135345
2022-02-09,JNJ,150.117828
2022-02-10,JNJ,148.305817
2022-02-11,JNJ,146.808884
2022-02-14,JNJ,144.961914
2022-02-15,JNJ,146.458771
2022-02-16,JNJ,146.371231
2022-02-17,JNJ,145.478378
2022-02-18,JNJ,143.919022
2022-02-22,JNJ,141.963211
2022-02-23,JNJ,142.033676
2022-02-24,JNJ,139.320175
2022-02-25,JNJ,146.244827
2022-02-28,JNJ,144.985001
2022-03-01,JNJ,144.482834
2022-03-02,JNJ,146.280045
2022-03-03,JNJ,148.429688
2022-03-04,JNJ,149.310669
2022-03-07,JNJ,151.715759
2022-03-08,JNJ,148.641129
2022-03-09,JNJ,149.204941
2022-03-10,JNJ,149.469254
2022-03-11,JNJ,149.196182
2022-03-14,JNJ,151.25766
2022-03-15,JNJ,155.178116
2022-03-16,JNJ,153.750885
2022-03-17,JNJ,155.759537
2022-03-18,JNJ,154.032822
2022-03-21,JNJ,154.904968
2022-03-22,JNJ,154.173782
2022-03-23,JNJ,153.592285
2022-03-24,JNJ,154.385162
2022-03-25,JNJ,155.865265
2022-03-28,JNJ,156.666977
2022-03-29,JNJ,156.587692
2022-03-30,JNJ,158.217484
2022-03-31,JNJ,156.138382
2022-04-01,JNJ,156.9841
2022-04-04,JNJ,155.468796
2022-04-05,JNJ,156.473114
2022-04-06,JNJ,160.543304
2022-04-07,JNJ,160.129257
2022-04-08,JNJ,160.446396
2022-04-11,JNJ,158.437759
2022-04-12,JNJ,158.490616
2022-04-13,JNJ,159.160156
2022-04-14,JNJ,158.490616
2022-04-18,JNJ,156.517181
2022-04-19,JNJ,161.29216
2022-04-20,JNJ,162.005783
2022-04-21,JNJ,161.538864
2022-04-22,JNJ,159.935425
2022-04-25,JNJ,163.873459
2022-04-26,JNJ,162.701752
2022-04-27,JNJ,160.428802
2022-04-28,JNJ,161.626953
2022-04-29,JNJ,158.984009
2022-05-02,JNJ,157.380569
2022-05-03,JNJ,157.072205
2022-05-04,JNJ,158.754929
2022-05-05,JNJ,155.724319
2022-05-06,JNJ,155.380737
2022-05-09,JNJ,156.226456
2022-05-10,JNJ,156.015045
2022-05-11,JNJ,155.169281
2022-05-12,JNJ,156.702209
2022-05-13,JNJ,155.803574
2022-05-16,JNJ,156.887177
2022-05-17,JNJ,157.539139
2022-05-18,JNJ,154.614258
2022-05-19,JNJ,153.239914
2022-05-20,JNJ,155.918106
2022-05-23,JNJ,159.101212
2022-05-24,JNJ,160.83905
2022-05-25,JNJ,159.260818
2022-05-26,JNJ,159.118942
2022-05-27,JNJ,160.564178
2022-05-31,JNJ,159.18103
2022-06-01,JNJ,157.567245
2022-06-02,JNJ,157.07077
2022-06-03,JNJ,156.423492
2022-06-06,JNJ,156.405777
2022-06-07,JNJ,158.125916
2022-06-08,JNJ,157.18605
2022-06-09,JNJ,154.020691
2022-06-10,JNJ,152.992157
2022-06-13,JNJ,151.449417
2022-06-14,JNJ,149.126373
2022-06-15,JNJ,150.722336
2022-06-16,JNJ,150.802109
2022-06-17,JNJ,150.252396
2022-06-21,JNJ,153.400024
2022-06-22,JNJ,155.820572
2022-06-23,JNJ,159.296295
2022-06-24,JNJ,161.628143
2022-06-27,JNJ,161.477417
2022-06-28,JNJ,156.884613
2022-06-29,JNJ,156.928909
2022-06-30,JNJ,157.389984
2022-07-01,JNJ,159.172165
2022-07-05,JNJ,157.948547
2022-07-06,JNJ,158.090439
2022-07-07,JNJ,158.267761
2022-07-08,JNJ,158.072693
2022-07-11,JNJ,158.134781
2022-07-12,JNJ,155.918137
2022-07-13,JNJ,155.554611
2022-07-14,JNJ,155.76738
2022-07-15,JNJ,158.028351
2022-07-18,JNJ,154.48175
2022-07-19,JNJ,152.22963
2022-07-20,JNJ,151.360733
2022-07-21,JNJ,151.8927
2022-07-22,JNJ,152.610916
2022-07-25,JNJ,152.912354
2022-07-26,JNJ,153.99408
2022-07-27,JNJ,153.568512
2022-07-28,JNJ,154.455124
2022-07-29,JNJ,154.738876
2022-08-01,JNJ,154.197983
2022-08-02,JNJ,153.320236
2022-08-03,JNJ,154.800934
2022-08-04,JNJ,152.318268
2022-08-05,JNJ,151.715393
2022-08-08,JNJ,150.908508
2022-08-09,JNJ,150.890747
2022-08-10,JNJ,151.325241
2022-08-11,JNJ,148.195358
2022-08-12,JNJ,146.56395
2022-08-15,JNJ,147.264359
2022-08-16,JNJ,148.57663
2022-08-17,JNJ,148.585449
2022-08-18,JNJ,147.86731
2022-08-19,JNJ,150.119431
2022-08-22,JNJ,149.592758
2022-08-23,JNJ,148.289566
2022-08-24,JNJ,147.798615
2022-08-25,JNJ,149.182159
2022-08-26,JNJ,146.629288
2022-08-29,JNJ,145.495667
2022-08-30,JNJ,144.986877
2022-08-31,JNJ,144.013947
2022-09-01,JNJ,147.584396
2022-09-02,JNJ,145.263626
2022-09-06,JNJ,145.656357
2022-09-07,JNJ,146.450775
2022-09-08,JNJ,147.629013
2022-09-09,JNJ,147.914658
2022-09-12,JNJ,147.852188
2022-09-13,JNJ,144.00502
2022-09-14,JNJ,146.977402
2022-09-15,JNJ,147.352325
2022-09-16,JNJ,149.6017
2022-09-19,JNJ,148.423447
2022-09-20,JNJ,147.25412
2022-09-21,JNJ,145.745621
2022-09-22,JNJ,148.334183
2022-09-23,JNJ,148.816208
2022-09-26,JNJ,147.905731
2022-09-27,JNJ,147.227341
2022-09-28,JNJ,148.494843
2022-09-29,JNJ,146.86142
2022-09-30,JNJ,145.817032
2022-10-03,JNJ,145.67421
2022-10-04,JNJ,147.83432
2022-10-05,JNJ,147.379074
2022-10-06,JNJ,144.522751
2022-10-07,JNJ,142.996353
2022-10-10,JNJ,143.183838
2022-10-11,JNJ,145.254669
2022-10-12,JNJ,145.218994
2022-10-13,JNJ,147.41478
2022-10-14,JNJ,146.798874
2022-10-17,JNJ,148.700165
2022-10-18,JNJ,148.182434
2022-10-19,JNJ,147.004181
2022-10-20,JNJ,147.379074
2022-10-21,JNJ,150.592514
2022-10-24,JNJ,152.618729
2022-10-25,JNJ,152.377701
2022-10-26,JNJ,153.716644
2022-10-27,JNJ,153.805908
2022-10-28,JNJ,156.090988
2022-10-31,JNJ,155.287613
2022-11-01,JNJ,154.502151
2022-11-02,JNJ,152.127777
2022-11-03,JNJ,152.386673
2022-11-04,JNJ,153.065033
2022-11-07,JNJ,154.403915
2022-11-08,JNJ,155.1716
2022-11-09,JNJ,153.930847
2022-11-10,JNJ,155.733948
2022-11-11,JNJ,151.074509
2022-11-14,JNJ,153.448853
2022-11-15,JNJ,153.877289
2022-11-16,JNJ,154.832397
2022-11-17,JNJ,156.082047
2022-11-18,JNJ,157.278122
2022-11-21,JNJ,158.08667
2022-11-22,JNJ,158.850281
2022-11-23,JNJ,159.020996
2022-11-25,JNJ,159.227615
2022-11-28,JNJ,159.308472
2022-11-29,JNJ,158.194504
2022-11-30,JNJ,159.910416
2022-12-01,JNJ,160.575195
2022-12-02,JNJ,160.700958
2022-12-05,JNJ,160.611115
2022-12-06,JNJ,158.203476
2022-12-07,JNJ,159.164749
2022-12-08,JNJ,159.191696
2022-12-09,JNJ,157.880051
2022-12-12,JNJ,159.766632
2022-12-13,JNJ,160.997421
2022-12-14,JNJ,161.491516
2022-12-15,JNJ,159.452209
2022-12-16,JNJ,157.817184
2022-12-19,JNJ,157.646484
2022-12-20,JNJ,157.817184
2022-12-21,JNJ,159.622894
2022-12-22,JNJ,159.038956
2022-12-23,JNJ,159.443207
2022-12-27,JNJ,159.3983
2022-12-28,JNJ,158.706573
2022-12-29,JNJ,159.515091
2022-12-30,JNJ,158.697571
2023-01-03,JNJ,160.081055
2023-01-04,JNJ,161.823914
2023-01-05,JNJ,160.629105
2023-01-06,JNJ,161.931732
2023-01-09,JNJ,157.736328
2023-01-10,JNJ,157.359024
2023-01-11,JNJ,157.107452
2023-01-12,JNJ,156.316879
2023-01-13,JNJ,155.80481
2023-01-17,JNJ,154.843567
2023-01-18,JNJ,152.507797
2023-01-19,JNJ,152.301163
2023-01-20,JNJ,151.591446
2023-01-23,JNJ,151.205139
2023-01-24,JNJ,151.205139
2023-01-25,JNJ,152.283188
2023-01-26,JNJ,151.726212
2023-01-27,JNJ,151.133255
2023-01-30,JNJ,145.536423
2023-01-31,JNJ,146.812073
2023-02-01,JNJ,148.159668
2023-02-02,JNJ,148.71666
2023-02-03,JNJ,147.88118
2023-02-06,JNJ,146.758209
2023-02-07,JNJ,146.794128
2023-02-08,JNJ,146.982803
2023-02-09,JNJ,144.997375
2023-02-10,JNJ,145.671158
2023-02-13,JNJ,146.210205
2023-02-14,JNJ,145.572327
2023-02-15,JNJ,143.173706
2023-02-16,JNJ,142.158524
2023-02-17,JNJ,145.126373
2023-02-21,JNJ,142.963837
2023-02-22,JNJ,142.764801
2023-02-23,JNJ,142.719513
2023-02-24,JNJ,141.126999
2023-02-27,JNJ,140.819382
2023-02-28,JNJ,138.674911
2023-03-01,JNJ,138.050629
2023-03-02,JNJ,137.942001
2023-03-03,JNJ,139.362579
2023-03-06,JNJ,140.756073
2023-03-07,JNJ,139.425964
2023-03-08,JNJ,138.403503
2023-03-09,JNJ,136.847168
2023-03-10,JNJ,137.181946
2023-03-13,JNJ,138.493927
2023-03-14,JNJ,139.27211
2023-03-15,JNJ,139.661209
2023-03-16,JNJ,139.371689
2023-03-17,JNJ,137.878647
2023-03-20,JNJ,139.244934
2023-03-21,JNJ,139.244934
2023-03-22,JNJ,136.675217
2023-03-23,JNJ,136.747665
2023-03-24,JNJ,138.12294
2023-03-27,JNJ,138.711105
2023-03-28,JNJ,137.371948
2023-03-29,JNJ,138.720169
2023-03-30,JNJ,138.828705
2023-03-31,JNJ,140.249329
2023-04-03,JNJ,141.923279
2023-04-04,JNJ,143.407211
2023-04-05,JNJ,149.849594
2023-04-06,JNJ,149.43338
2023-04-10,JNJ,148.682388
2023-04-11,JNJ,148.637115
2023-04-12,JNJ,148.32045
2023-04-13,JNJ,150.302048
2023-04-14,JNJ,150.057739
2023-04-17,JNJ,149.903885
2023-04-18,JNJ,145.687393
2023-04-19,JNJ,147.062714
2023-04-20,JNJ,148.012833
2023-04-21,JNJ,147.20752
2023-04-24,JNJ,148.103287
2023-04-25,JNJ,149.460556
2023-04-26,JNJ,147.144196
2023-04-27,JNJ,147.488022
2023-04-28,JNJ,148.121368
2023-05-01,JNJ,148.030899
2023-05-02,JNJ,149.32486
2023-05-03,JNJ,147.370377
2023-05-04,JNJ,146.70079
2023-05-05,JNJ,147.198456
2023-05-08,JNJ,146.863678
2023-05-09,JNJ,145.723587
2023-05-10,JNJ,146.266464
2023-05-11,JNJ,145.669296
2023-05-12,JNJ,145.479263
2023-05-15,JNJ,144.366333
2023-05-16,JNJ,144.176331
2023-05-17,JNJ,143.859634
2023-05-18,JNJ,143.398163
2023-05-19,JNJ,143.787231
2023-05-22,JNJ,143.012314
2023-05-23,JNJ,142.957596
2023-05-24,JNJ,142.820877
2023-05-25,JNJ,140.769638
2023-05-26,JNJ,140.714935
2023-05-30,JNJ,140.733139
2023-05-31,JNJ,141.362183
2023-06-01,JNJ,140.888168
2023-06-02,JNJ,143.1035
2023-06-05,JNJ,144.334198
2023-06-06,JNJ,144.206573
2023-06-07,JNJ,144.516571
2023-06-08,JNJ,146.102859
2023-06-09,JNJ,145.874954
2023-06-12,JNJ,145.774658
2023-06-13,JNJ,146.540451
2023-06-14,JNJ,147.287994
2023-06-15,JNJ,149.266296
2023-06-16,JNJ,149.722168
2023-06-20,JNJ,149.630966
2023-06-21,JNJ,149.403091
2023-06-22,JNJ,150.989365
2023-06-23,JNJ,150.861694
2023-06-26,JNJ,149.17514
2023-06-27,JNJ,148.865204
2023-06-28,JNJ,148.564331
2023-06-29,JNJ,149.603638
2023-06-30,JNJ,150.898178
2023-07-03,JNJ,148.919891
2023-07-05,JNJ,148.427582
2023-07-06,JNJ,147.324493
2023-07-07,JNJ,145.182083
2023-07-10,JNJ,145.419113
2023-07-11,JNJ,144.616867
2023-07-12,JNJ,144.115433
2023-07-13,JNJ,144.78093
2023-07-14,JNJ,145.747299
2023-07-17,JNJ,145.01799
2023-07-18,JNJ,145.008835
2023-07-19,JNJ,144.717133
2023-07-20,JNJ,153.505539
2023-07-21,JNJ,155.15564
2023-07-24,JNJ,155.967026
2023-07-25,JNJ,157.161316
2023-07-26,JNJ,157.462158
2023-07-27,JNJ,158.346466
2023-07-28,JNJ,159.066681
2023-07-31,JNJ,152.730637
2023-08-01,JNJ,153.970459
2023-08-02,JNJ,154.900375
2023-08-03,JNJ,155.565887
2023-08-04,JNJ,154.107239
2023-08-07,JNJ,157.808563
2023-08-08,JNJ,157.881516
2023-08-09,JNJ,157.781265
2023-08-10,JNJ,156.960724
2023-08-11,JNJ,158.492325
2023-08-14,JNJ,158.118561
2023-08-15,JNJ,157.662735
2023-08-16,JNJ,157.161316
2023-08-17,JNJ,158.638199
2023-08-18,JNJ,157.252457
2023-08-21,JNJ,152.566544
2023-08-22,JNJ,151.354019
2023-08-23,JNJ,149.995621
2023-08-24,JNJ,150.506165
2023-08-25,JNJ,152.664124
2023-08-28,JNJ,150.864304
2023-08-29,JNJ,150.88266
2023-08-30,JNJ,150.350067
2023-08-31,JNJ,148.46756
2023-09-01,JNJ,147.365662
2023-09-05,JNJ,147.549301
2023-09-06,JNJ,145.097473
2023-09-07,JNJ,146.952408
2023-09-08,JNJ,147.439117
2023-09-11,JNJ,149.367493
2023-09-12,JNJ,150.212341
2023-09-13,JNJ,150.588821
2023-09-14,JNJ,150.359253
2023-09-15,JNJ,148.256363
2023-09-18,JNJ,149.193024
2023-09-19,JNJ,148.945084
2023-09-20,JNJ,149.597092
2023-09-21,JNJ,148.449234
2023-09-22,JNJ,147.384018
2023-09-25,JNJ,147.163635
2023-09-26,JNJ,146.024979
2023-09-27,JNJ,144.271042
2023-09-28,JNJ,144.059845
2023-09-29,JNJ,143.022186
2023-10-02,JNJ,142.471237
2023-10-03,JNJ,142.645721
2023-10-04,JNJ,142.810974
2023-10-05,JNJ,144.298615
2023-10-06,JNJ,144.757751
2023-10-09,JNJ,145.584152
2023-10-10,JNJ,145.4189
2023-10-11,JNJ,143.417038
2023-10-12,JNJ,143.554779
2023-10-13,JNJ,144.032303
2023-10-16,JNJ,144.656738
2023-10-17,JNJ,143.334396
2023-10-18,JNJ,140.248993
2023-10-19,JNJ,139.872498
2023-10-20,JNJ,140.496948
2023-10-23,JNJ,139.018478
2023-10-24,JNJ,138.871552
2023-10-25,JNJ,139.183762
2023-10-26,JNJ,136.823776
2023-10-27,JNJ,133.701645
2023-10-30,JNJ,135.014771
2023-10-31,JNJ,136.217712
2023-11-01,JNJ,136.539124
2023-11-02,JNJ,137.962448
2023-11-03,JNJ,138.972565
2023-11-06,JNJ,139.303146
2023-11-07,JNJ,138.568497
2023-11-08,JNJ,138.063477
2023-11-09,JNJ,135.37291
2023-11-10,JNJ,135.216812
2023-11-13,JNJ,135.56575
2023-11-14,JNJ,135.593323
2023-11-15,JNJ,136.640106
2023-11-16,JNJ,137.833893
2023-11-17,JNJ,137.549255
2023-11-20,JNJ,138.761826
2023-11-21,JNJ,139.881821
2023-11-22,JNJ,139.604141
2023-11-24,JNJ,141.15918
2023-11-27,JNJ,140.029984
2023-11-28,JNJ,140.353912
2023-11-29,JNJ,140.798203
2023-11-30,JNJ,143.158554
2023-12-01,JNJ,146.601944
2023-12-04,JNJ,147.064758
2023-12-05,JNJ,146.759277
2023-12-06,JNJ,144.972839
2023-12-07,JNJ,143.843552
2023-12-08,JNJ,142.936462
2023-12-11,JNJ,143.528824
2023-12-12,JNJ,143.538101
2023-12-13,JNJ,144.204514
2023-12-14,JNJ,145.204208
2023-12-15,JNJ,143.621399
2023-12-18,JNJ,143.880585
2023-12-19,JNJ,144.824722
2023-12-20,JNJ,141.871964
2023-12-21,JNJ,143.32518
2023-12-22,JNJ,143.899094
2023-12-26,JNJ,144.528519
2023-12-27,JNJ,144.722916
2023-12-28,JNJ,144.935822
2023-12-29,JNJ,145.083893
2024-01-02,JNJ,148.073715
2024-01-03,JNJ,148.999344
2024-01-04,JNJ,148.684647
2024-01-05,JNJ,149.147415
2024-01-08,JNJ,149.5177
2024-01-09,JNJ,149.610245
2024-01-10,JNJ,149.832382
2024-01-11,JNJ,149.165955
2024-01-12,JNJ,150.313721
2024-01-16,JNJ,148.582794
2024-01-17,JNJ,148.499466
2024-01-18,JNJ,149.221497
2024-01-19,JNJ,149.656509
2024-01-22,JNJ,150.387772
2024-01-23,JNJ,147.925613
2024-01-24,JNJ,147.138809
2024-01-25,JNJ,147.694214
2024-01-26,JNJ,147.638672
2024-01-29,JNJ,147.509064
2024-01-30,JNJ,146.962936
2024-01-31,JNJ,147.083267
2024-02-01,JNJ,146.583435
2024-02-02,JNJ,144.963577
2024-02-05,JNJ,144.213821
2024-02-06,JNJ,146.305725
2024-02-07,JNJ,146.231659
2024-02-08,JNJ,144.769165
2024-02-09,JNJ,145.102402
2024-02-12,JNJ,146.111343
2024-02-13,JNJ,144.833969
2024-02-14,JNJ,144.158264
2024-02-15,JNJ,146.176147
2024-02-16,JNJ,146.008255
2024-02-20,JNJ,147.230072
2024-02-21,JNJ,147.994827
2024-02-22,JNJ,149.645645
2024-02-23,JNJ,150.942062
2024-02-26,JNJ,149.962738
2024-02-27,JNJ,150.139969
2024-02-28,JNJ,150.6716
2024-02-29,JNJ,150.513031
2024-03-01,JNJ,151.203171
2024-03-04,JNJ,149.076706
2024-03-05,JNJ,149.197983
2024-03-06,JNJ,148.610397
2024-03-07,JNJ,148.172043
2024-03-08,JNJ,148.778275
2024-03-11,JNJ,150.373108
2024-03-12,JNJ,151.781448
2024-03-13,JNJ,150.251892
2024-03-14,JNJ,148.489136
2024-03-15,JNJ,147.528488
2024-03-18,JNJ,146.204117
2024-03-19,JNJ,145.691177
2024-03-20,JNJ,145.271454
2024-03-21,JNJ,145.262146
2024-03-22,JNJ,144.77713
2024-03-25,JNJ,144.767822
2024-03-26,JNJ,145.280777
2024-03-27,JNJ,147.323334
2024-03-28,JNJ,147.537842
2024-04-01,JNJ,147.155457
2024-04-02,JNJ,147.10881
2024-04-03,JNJ,143.872437
2024-04-04,JNJ,142.230972
2024-04-05,JNJ,142.128418
2024-04-08,JNJ,141.382278
2024-04-09,JNJ,142.035126
2024-04-10,JNJ,140.085846
2024-04-11,JNJ,138.770813
2024-04-12,JNJ,137.586349
2024-04-15,JNJ,137.651611
2024-04-16,JNJ,134.723083
2024-04-17,JNJ,135.021515
2024-04-18,JNJ,135.926193
2024-04-19,JNJ,137.950073
2024-04-22,JNJ,139.078583
2024-04-23,JNJ,139.488953
2024-04-24,JNJ,138.528305
2024-04-25,JNJ,136.933487
2024-04-26,JNJ,136.29924
2024-04-29,JNJ,136.933487
2024-04-30,JNJ,134.853622
2024-05-01,JNJ,140.999863
2024-05-02,JNJ,139.824707
2024-05-03,JNJ,139.21846
2024-05-06,JNJ,138.574951
2024-05-07,JNJ,138.705521
2024-05-08,JNJ,138.920044
2024-05-09,JNJ,139.759415
2024-05-10,JNJ,139.815399
2024-05-13,JNJ,141.037201
2024-05-14,JNJ,141.186386
2024-05-15,JNJ,142.389526
2024-05-16,JNJ,143.891113
2024-05-17,JNJ,144.226898
2024-05-20,JNJ,142.224258
2024-05-21,JNJ,142.196045
2024-05-22,JNJ,144.320908
2024-05-23,JNJ,140.748138
2024-05-24,JNJ,138.181381
2024-05-28,JNJ,135.746262
2024-05-29,JNJ,135.802673
2024-05-30,JNJ,136.592468
2024-05-31,JNJ,137.899353
2024-06-03,JNJ,138.905319
2024-06-04,JNJ,138.961731
2024-06-05,JNJ,137.241196
2024-06-06,JNJ,137.664276
2024-06-07,JNJ,138.284821
2024-06-10,JNJ,138.331833
2024-06-11,JNJ,137.983948
2024-06-12,JNJ,136.714676
2024-06-13,JNJ,136.752289
2024-06-14,JNJ,136.836884
2024-06-17,JNJ,137.222351
2024-06-18,JNJ,136.940323
2024-06-20,JNJ,138.942947
2024-06-21,JNJ,139.854919
2024-06-24,JNJ,140.202805
2024-06-25,JNJ,138.388214
2024-06-26,JNJ,138.040359
2024-06-27,JNJ,137.08136
2024-06-28,JNJ,137.41983
2024-07-01,JNJ,137.68306
2024-07-02,JNJ,137.297577
2024-07-03,JNJ,136.977936
2024-07-05,JNJ,137.720703
2024-07-08,JNJ,136.780472
2024-07-09,JNJ,138.256607
2024-07-10,JNJ,140.494278
2024-07-11,JNJ,140.748138
2024-07-12,JNJ,140.917374
2024-07-15,JNJ,140.315628
2024-07-16,JNJ,141.979813
2024-07-17,JNJ,147.216736
2024-07-18,JNJ,146.126099
2024-07-19,JNJ,145.439743
2024-07-22,JNJ,145.016647
2024-07-23,JNJ,143.23967
2024-07-24,JNJ,146.934662
2024-07-25,JNJ,150.093735
2024-07-26,JNJ,151.033936
2024-07-29,JNJ,149.078323
2024-07-30,JNJ,151.682678
2024-07-31,JNJ,148.410797
2024-08-01,JNJ,151.146759
2024-08-02,JNJ,154.324615
2024-08-05,JNJ,151.607452
2024-08-06,JNJ,149.463821
2024-08-07,JNJ,149.39801
2024-08-08,JNJ,150.639038
2024-08-09,JNJ,151.015137
2024-08-12,JNJ,150.319366
2024-08-13,JNJ,148.918503
2024-08-14,JNJ,149.003113
2024-08-15,JNJ,149.57663
2024-08-16,JNJ,149.858673
2024-08-19,JNJ,150.084335
2024-08-20,JNJ,150.582626
2024-08-21,JNJ,151.776688
2024-08-22,JNJ,152.641693
2024-08-23,JNJ,154.315231
2024-08-26,JNJ,154.766525
2024-08-27,JNJ,154.368637
2024-08-28,JNJ,155.287582
2024-08-29,JNJ,155.581253
2024-08-30,JNJ,157.125412
2024-09-03,JNJ,158.356964
2024-09-04,JNJ,158.546402
2024-09-05,JNJ,156.301239
2024-09-06,JNJ,155.723373
2024-09-09,JNJ,157.835922
2024-09-10,JNJ,158.565369
2024-09-11,JNJ,156.140167
2024-09-12,JNJ,155.96965
2024-09-13,JNJ,156.803345
2024-09-16,JNJ,158.195892
2024-09-17,JNJ,158.271698
2024-09-18,JNJ,157.400146
2024-09-19,JNJ,156.140167
2024-09-20,JNJ,155.514938
2024-09-23,JNJ,154.624435
2024-09-24,JNJ,154.207611
2024-09-25,JNJ,152.142441
2024-09-26,JNJ,152.890808
2024-09-27,JNJ,152.900269
2024-09-30,JNJ,153.525513
2024-10-01,JNJ,153.459229
2024-10-02,JNJ,152.682388
2024-10-03,JNJ,152.047684
2024-10-04,JNJ,151.848724
2024-10-07,JNJ,151.128754
2024-10-08,JNJ,151.280319
2024-10-09,JNJ,152.189774
2024-10-10,JNJ,152.057144
2024-10-11,JNJ,152.957123
2024-10-14,JNJ,153.089767
2024-10-15,JNJ,155.458099
2024-10-16,JNJ,155.628616
2024-10-17,JNJ,155.808624
2024-10-18,JNJ,156.424362
2024-10-21,JNJ,154.254974
2024-10-22,JNJ,154.842316
2024-10-23,JNJ,157.125412
2024-10-24,JNJ,155.05072
2024-10-25,JNJ,152.407669
2024-10-28,JNJ,153.089767
2024-10-29,JNJ,151.659271
2024-10-30,JNJ,152.151901
2024-10-31,JNJ,151.441406
2024-11-01,JNJ,151.697159
2024-11-04,JNJ,149.906708
2024-11-05,JNJ,150.01091
2024-11-06,JNJ,149.565674
2024-11-07,JNJ,148.476227
2024-11-08,JNJ,147.282562
2024-11-11,JNJ,146.875214
2024-11-12,JNJ,144.601608
2024-11-13,JNJ,145.169998
2024-11-14,JNJ,143.872147
2024-11-15,JNJ,145.889984
2024-11-18,JNJ,146.619431
2024-11-19,JNJ,144.942657
2024-11-20,JNJ,145.046844
2024-11-21,JNJ,147.310974
2024-11-22,JNJ,146.998367
2024-11-25,JNJ,147.576233
2024-11-26,JNJ,147.557159
2024-11-27,JNJ,148.397491
2024-11-29,JNJ,148.025055
2024-12-02,JNJ,147.824539
2024-12-03,JNJ,145.494476
2024-12-04,JNJ,143.689667
2024-12-05,JNJ,142.782486
2024-12-06,JNJ,142.581924
2024-12-09,JNJ,142.858841
2024-12-10,JNJ,142.505508
2024-12-11,JNJ,140.032242
2024-12-12,JNJ,139.650253
2024-12-13,JNJ,140.013123
2024-12-16,JNJ,137.36795
2024-12-17,JNJ,139.812576
2024-12-18,JNJ,138.227386
2024-12-19,JNJ,137.110138
2024-12-20,JNJ,137.960007
2024-12-23,JNJ,138.723969
2024-12-24,JNJ,139.277832
2024-12-26,JNJ,139.019989
2024-12-27,JNJ,138.51387
2024-12-30,JNJ,136.88092
2024-12-31,JNJ,138.103271
2025-01-02,JNJ,137.530304
2025-01-03,JNJ,137.692627
2025-01-06,JNJ,137.186508
2025-01-07,JNJ,139.640701
2025-01-08,JNJ,135.859146
2025-01-10,JNJ,135.658585
2025-01-13,JNJ,137.960007
2025-01-14,JNJ,138.227386
2025-01-15,JNJ,138.4375
2025-01-16,JNJ,141.111328
2025-01-17,JNJ,140.404663
2025-01-21,JNJ,141.474197
2025-01-22,JNJ,138.723969
2025-01-23,JNJ,140.032242
2025-01-24,JNJ,140.204132
2025-01-27,JNJ,146.00058
2025-01-28,JNJ,143.603699
2025-01-29,JNJ,144.339005
2025-01-30,JNJ,145.981506
2025-01-31,JNJ,145.293945
2025-02-03,JNJ,145.02655
2025-02-04,JNJ,146.573578
2025-02-05,JNJ,147.719482
2025-02-06,JNJ,146.592651
2025-02-07,JNJ,146.22023
2025-02-10,JNJ,147.289764
2025-02-11,JNJ,149.094604
2025-02-12,JNJ,148.263809
2025-02-13,JNJ,150.164139
2025-02-14,JNJ,149.113678
2025-02-18,JNJ,149.190704
2025-02-19,JNJ,151.982208
2025-02-20,JNJ,153.7052
2025-02-21,JNJ,156.227188
2025-02-24,JNJ,157.613297
2025-02-25,JNJ,159.875381
2025-02-26,JNJ,156.978012
2025-02-27,JNJ,157.603683
2025-02-28,JNJ,158.845413
2025-03-03,JNJ,161.020844
2025-03-04,JNJ,159.230453
2025-03-05,JNJ,158.941681
2025-03-06,JNJ,159.625107
2025-03-07,JNJ,160.452927
2025-03-10,JNJ,161.425125
2025-03-11,JNJ,159.653961
2025-03-12,JNJ,156.756607
2025-03-13,JNJ,156.891357
2025-03-14,JNJ,156.718094
2025-03-17,JNJ,156.746979
2025-03-18,JNJ,158.104218
2025-03-19,JNJ,156.891357
2025-03-20,JNJ,156.920258
2025-03-21,JNJ,157.507416
2025-03-24,JNJ,157.180145
2025-03-25,JNJ,154.995102
2025-03-26,JNJ,155.668869
2025-03-27,JNJ,157.026138
2025-03-28,JNJ,157.584427
2025-03-31,JNJ,159.634705
2025-04-01,JNJ,147.515808
2025-04-02,JNJ,149.54686
2025-04-03,JNJ,153.840012
2025-04-04,JNJ,147.50618
2025-04-07,JNJ,144.984207
2025-04-08,JNJ,144.387421
2025-04-09,JNJ,145.321121
2025-04-10,JNJ,143.126434
2025-04-11,JNJ,146.052689
2025-04-14,JNJ,148.584274
2025-04-15,JNJ,147.871964
2025-04-16,JNJ,148.151123
2025-04-17,JNJ,151.577896
2025-04-21,JNJ,151.048492
2025-04-22,JNJ,151.847443
2025-04-23,JNJ,149.566101
2025-04-24,JNJ,149.13295
2025-04-25,JNJ,148.796066
2025-04-28,JNJ,149.537247
2025-04-29,JNJ,150.076294
2025-04-30,JNJ,150.461304
2025-05-01,JNJ,148.680527
2025-05-02,JNJ,150.278412
2025-05-05,JNJ,149.200317
2025-05-06,JNJ,148.690155
2025-05-07,JNJ,151.414276
2025-05-08,JNJ,149.835648
2025-05-09,JNJ,148.449509
2025-05-12,JNJ,148.372498
2025-05-13,JNJ,142.885788
2025-05-14,JNJ,140.883621
2025-05-15,JNJ,144.012009
2025-05-16,JNJ,145.667664
2025-05-19,JNJ,146.784256
2025-05-20,JNJ,147.910477
2025-05-21,JNJ,147.448425
2025-05-22,JNJ,146.89975
2025-05-23,JNJ,147.217422
2025-05-27,JNJ,148.780441
2025-05-28,JNJ,147.984375
2025-05-29,JNJ,149.10083
2025-05-30,JNJ,150.683289
2025-06-02,JNJ,150.867722
2025-06-03,JNJ,149.916321
2025-06-04,JNJ,148.751312
2025-06-05,JNJ,149.178482
2025-06-06,JNJ,150.50853
2025-06-09,JNJ,150.702698
2025-06-10,JNJ,151.887146
2025-06-11,JNJ,150.731812
2025-06-12,JNJ,152.091019
2025-06-13,JNJ,152.518173
2025-06-16,JNJ,150.693008
2025-06-17,JNJ,147.935822
2025-06-18,JNJ,146.333954
2025-06-20,JNJ,145.421371
2025-06-23,JNJ,146.906738
2025-06-24,JNJ,147.751358
2025-06-25,JNJ,147.83873
2025-06-26,JNJ,147.576599
2025-06-27,JNJ,147.964966
2025-06-30,JNJ,148.295029
2025-07-01,JNJ,151.372559
2025-07-02,JNJ,151.023071
2025-07-03,JNJ,151.459961
2025-07-07,JNJ,150.741516
2025-07-08,JNJ,151.246353
2025-07-09,JNJ,151.722076
2025-07-10,JNJ,153.090973
2025-07-11,JNJ,152.324005
2025-07-14,JNJ,152.246323
2025-07-15,JNJ,150.644455
2025-07-16,JNJ,159.974182
2025-07-17,JNJ,158.226669
2025-07-18,JNJ,158.925674
2025-07-21,JNJ,159.566406
2025-07-22,JNJ,163.032303
2025-07-23,JNJ,164.168213
2025-07-24,JNJ,164.614746
2025-07-25,JNJ,163.391525
2025-07-28,JNJ,161.372192
2025-07-29,JNJ,163.207062
2025-07-30,JNJ,162.381836
2025-07-31,JNJ,159.935364
2025-08-01,JNJ,162.449799
2025-08-04,JNJ,166.05159
2025-08-05,JNJ,165.760361
2025-08-06,JNJ,165.614716
2025-08-07,JNJ,166.527313
2025-08-08,JNJ,168.274841
2025-08-11,JNJ,168.750534
2025-08-12,JNJ,167.740845
2025-08-13,JNJ,169.333038
2025-08-14,JNJ,169.624268
2025-08-15,JNJ,171.488281
2025-08-18,JNJ,171.10965
2025-08-19,JNJ,172.614441
2025-08-20,JNJ,173.624115
2025-08-21,JNJ,173.711472
2025-08-22,JNJ,174.060974
2025-08-25,JNJ,173.206635
2025-08-26,JNJ,172.600327
2025-08-27,JNJ,172.893707
2025-08-28,JNJ,171.583237
2025-08-29,JNJ,173.265335
2025-09-02,JNJ,174.135712
2025-09-03,JNJ,174.077026
2025-09-04,JNJ,174.820297
2025-09-05,JNJ,174.497574
2025-09-08,JNJ,174.204178
2025-09-09,JNJ,173.059967
2025-09-10,JNJ,171.915741
2025-09-11,JNJ,174.566025
2025-09-12,JNJ,174.135712
2025-09-15,JNJ,173.49025
2025-09-16,JNJ,172.570999
2025-09-17,JNJ,173.294678
2025-09-18,JNJ,170.321686
2025-09-19,JNJ,172.306946
2025-09-22,JNJ,170.370575
2025-09-23,JNJ,172.688339
2025-09-24,JNJ,172.795914
2025-09-25,JNJ,173.812988
2025-09-26,JNJ,175.749374
2025-09-29,JNJ,177.617264
2025-09-30,JNJ,181.333511
2025-10-01,JNJ,181.949615
2025-10-02,JNJ,181.881165
2025-10-03,JNJ,184.482544
2025-10-06,JNJ,184.013123
2025-10-07,JNJ,184.72702
2025-10-08,JNJ,185.509399
2025-10-09,JNJ,186.868774
2025-10-10,JNJ,186.516724
2025-10-13,JNJ,186.692734
2025-10-14,JNJ,186.643845
2025-10-15,JNJ,186.956787
2025-10-16,JNJ,187.885849
2025-10-17,JNJ,188.961624
2025-10-20,JNJ,189.450592
2025-10-21,JNJ,187.651154
2025-10-22,JNJ,188.68779
2025-10-23,JNJ,188.228149
2025-10-24,JNJ,186.203751
2025-10-27,JNJ,186.105957
2025-10-28,JNJ,182.810242
2025-10-29,JNJ,182.487503
2025-10-30,JNJ,184.883514
2025-10-31,JNJ,184.707489
2025-11-03,JNJ,182.154999
2025-11-04,JNJ,182.741776
2025-11-05,JNJ,181.900726
2025-11-06,JNJ,182.849365
2025-11-07,JNJ,182.458176
2025-11-10,JNJ,184.257629
2025-11-11,JNJ,189.558167
2025-11-12,JNJ,190.10582
2025-11-13,JNJ,190.946869
2025-11-14,JNJ,191.611877
2025-11-17,JNJ,195.181458
2025-11-18,JNJ,195.592178
2025-11-19,JNJ,198.04686
2025-11-20,JNJ,198.594513
2025-11-21,JNJ,199.406235
2025-11-24,JNJ,201.50885
2025-11-25,JNJ,203.398468
2025-11-26,JNJ,204.274368
2025-11-28,JNJ,203.644501
2025-12-01,JNJ,202.089493
2025-12-02,JNJ,202.168259
2025-12-03,JNJ,202.079666
2025-12-04,JNJ,199.27478
2025-12-05,JNJ,198.733475
2025-12-08,JNJ,198.428391
2025-12-09,JNJ,196.794678
2025-12-10,JNJ,203.270508
2025-12-11,JNJ,206.685577
2025-12-12,JNJ,208.230743
2025-12-15,JNJ,210.779724
2025-12-16,JNJ,205.986816
2025-12-17,JNJ,207.000519
2025-12-18,JNJ,205.012497
2025-12-19,JNJ,203.10321
2025-12-22,JNJ,204.038177
2025-12-23,JNJ,202.522537
2025-12-24,JNJ,204.490891
2025-12-26,JNJ,204.343277
2025-12-29,JNJ,204.274368
2025-12-30,JNJ,203.634659
2025-12-31,JNJ,203.674026
2026-01-02,JNJ,204.067703
2026-01-05,JNJ,201.075806
2026-01-06,JNJ,201.548203
2026-01-07,JNJ,204.205475
2026-01-08,JNJ,202.493011
2026-01-09,JNJ,201.154556
2026-01-12,JNJ,206.400192
2026-01-13,JNJ,210.267975
2026-01-14,JNJ,215.090393
2026-01-15,JNJ,216.094269
2026-01-16,JNJ,215.198654
2026-01-20,JNJ,214.755783
2026-01-21,JNJ,214.558945
2026-01-22,JNJ,215.031342
2026-01-23,JNJ,216.655212
2026-01-26,JNJ,217.983871
2026-01-27,JNJ,220.887146
2026-01-28,JNJ,224.11525
2026-01-29,JNJ,223.692047
2026-01-30,JNJ,223.652664
2026-02-02,JNJ,227.09729
2026-02-03,JNJ,229.41008
2026-02-04,JNJ,230.758392
2026-02-05,JNJ,234.025818
2026-02-06,JNJ,236.19101
2026-02-09,JNJ,234.862366
2026-02-10,JNJ,234.576981
2026-02-11,JNJ,237.047241
2026-02-12,JNJ,240.678833
2026-02-13,JNJ,239.596237
2026-02-17,JNJ,239.478134
2026-02-18,JNJ,241.111877
2026-02-19,JNJ,243.001465
2026-02-20,JNJ,238.651443
2026-02-23,JNJ,241.948395
2026-02-24,JNJ,243.669952
2026-02-25,JNJ,242.571716
2026-02-26,JNJ,240.88974
2026-02-27,JNJ,245.79718
2026-03-02,JNJ,245.925797
2026-03-03,JNJ,244.134979
2026-03-04,JNJ,242.700348
2026-03-05,JNJ,237.090439
2026-03-06,JNJ,237.852264
2026-03-09,JNJ,240.019073
2026-03-10,JNJ,241.127213
2026-03-11,JNJ,240.414825
2026-03-12,JNJ,239.474899
2026-03-13,JNJ,238.960419
2026-03-16,JNJ,240.612717
2026-03-17,JNJ,235.586548
2026-03-18,JNJ,234.76535
2026-03-19,JNJ,235.081955
2026-03-20,JNJ,232.87558
2026-03-23,JNJ,232.925049
2026-03-24,JNJ,232.776642
2026-03-25,JNJ,237.387253
2026-03-26,JNJ,236.70459
2026-03-27,JNJ,237.901749
2026-03-30,JNJ,239.920135
2026-03-31,JNJ,241.849472
2026-04-01,JNJ,241.532852
2026-04-02,JNJ,240.464294
2026-04-06,JNJ,238.416245
2026-04-07,JNJ,235.883377
2026-04-08,JNJ,238.742752
2026-04-09,JNJ,238.75264
2026-04-10,JNJ,235.932846
2026-04-13,JNJ,235.438141
2026-04-14,JNJ,237.555466
2026-04-15,JNJ,236.14061
2026-04-16,JNJ,232.054367
2026-04-17,JNJ,231.698196
2026-04-20,JNJ,228.245193
2026-04-21,JNJ,223.763199
2026-04-22,JNJ,223.703842
2026-04-23,JNJ,228.205597
2026-04-24,JNJ,225.089005
2026-04-27,JNJ,222.951874
2026-04-28,JNJ,225.375916
2026-04-29,JNJ,224.940598
2026-04-30,JNJ,227.414093
2026-05-01,JNJ,224.782272
2026-05-04,JNJ,221.823959
2026-05-05,JNJ,223.159668
2026-05-06,JNJ,222.239517
2026-05-07,JNJ,220.151855
2026-05-08,JNJ,218.974487
2026-05-11,JNJ,219.083313
2026-05-12,JNJ,221.883331
2026-05-13,JNJ,227.978043
2026-05-14,JNJ,228.354019
2026-05-15,JNJ,224.307373
2026-05-18,JNJ,226.493942
2026-05-19,JNJ,227.562485
2026-05-20,JNJ,226.889709
2026-05-21,JNJ,229.274155
2026-05-22,JNJ,231.856506
2026-05-26,JNJ,229.050339
2026-05-27,JNJ,230.154892
2026-05-28,JNJ,229.667297
2026-05-29,JNJ,224.224136
2026-06-01,JNJ,222.413071
2026-06-02,JNJ,221.796112
2026-06-03,JNJ,222.144409
2026-06-04,JNJ,227.050201
2026-06-05,JNJ,231.62764
2026-06-08,JNJ,231.02063
2026-06-09,JNJ,235.836868
2026-06-10,JNJ,237.319565
2026-06-11,JNJ,237.160339
2026-06-12,JNJ,239.687866
2026-06-15,JNJ,234.503448
2026-06-16,JNJ,234.025787
2026-06-17,JNJ,233.050613
2026-06-18,JNJ,227.269119
2026-06-22,JNJ,230.154892
2026-06-23,JNJ,237.906662
2026-06-24,JNJ,239.81723
2026-06-25,JNJ,243.678207
2026-06-26,JNJ,253.410202
2026-06-29,JNJ,257.241302
2026-06-30,JNJ,252.723587
2026-07-01,JNJ,252.733536
2026-07-02,JNJ,261.749084
2026-07-06,JNJ,258.057251
2026-07-07,JNJ,265.928436
2026-07-08,JNJ,262.1073
2026-07-09,JNJ,257.8284
2026-07-10,JNJ,255.718826
2026-07-13,JNJ,256.504913
2026-07-14,JNJ,252.604187
2026-07-15,JNJ,245.807693
2026-07-16,JNJ,248.74321
2026-07-17,JNJ,251.798141
2026-07-20,JNJ,247.598862
2026-07-21,JNJ,249.380081
2026-07-22,JNJ,254.375443
2026-07-23,JNJ,257.997559
2026-07-24,JNJ,262.1073
2026-07-27,JNJ,264.644806
2026-07-28,JNJ,265.420959
2026-07-29,JNJ,264.226837
2026-07-30,JNJ,254.564514
2026-07-31,JNJ,255.091904
2026-08-03,JNJ,253.161423
2026-08-04,JNJ,253.678864
2026-08-05,JNJ,256.325806
2026-08-06,JNJ,255.718826
2026-08-07,JNJ,257.967712
2026-08-10,JNJ,260.525116
2026-08-11,JNJ,258.524963
2026-08-12,JNJ,259.579742
2026-08-13,JNJ,260.793762
2026-08-14,JNJ,259.072266
2026-08-17,JNJ,261.082367
2026-08-18,JNJ,269.779449
2026-08-19,JNJ,272.068176
2026-08-20,JNJ,266.057831
2026-08-21,JNJ,268.913727
2026-08-24,JNJ,271.700012
2026-08-25,JNJ,273.140015
2026-08-26,JNJ,270.0
2026-08-27,JNJ,265.769989
2026-08-28,JNJ,268.040009
2026-08-31,JNJ,265.850006
2026-09-01,JNJ,271.190002
2026-09-02,JNJ,275.209991
2026-09-03,JNJ,278.429993
2026-09-04,JNJ,275.230011
2026-09-08,JNJ,269.119995
2026-09-09,JNJ,267.079987
2026-09-10,JNJ,266.350006
2026-09-11,JNJ,265.579987
2026-09-14,JNJ,266.320007
2026-09-15,JNJ,267.200012
2026-09-16,JNJ,267.279999
2026-09-17,JNJ,270.220001
2026-09-18,JNJ,269.98999
2026-09-21,JNJ,269.470001
2026-09-22,JNJ,269.190002
2026-09-23,JNJ,269.170013
2026-09-24,JNJ,270.679993
2026-09-25,JNJ,271.220001
2026-09-28,JNJ,271.950012
2026-09-29,JNJ,267.570007
2026-09-30,JNJ,264.73999
2026-10-01,JNJ,258.660004
2021-10-04,TSLA,260.51001
2021-10-05,TSLA,260.196655
2021-10-06,TSLA,260.916656
2021-10-07,TSLA,264.536682
2021-10-08,TSLA,261.829987
2021-10-11,TSLA,263.980011
2021-10-12,TSLA,268.573334
2021-10-13,TSLA,270.359985
2021-10-14,TSLA,272.773346
2021-10-15,TSLA,281.01001
2021-10-18,TSLA,290.036682
2021-10-19,TSLA,288.089996
2021-10-20,TSLA,288.600006
2021-10-21,TSLA,298.0
2021-10-22,TSLA,303.226654
2021-10-25,TSLA,341.619995
2021-10-26,TSLA,339.476654
2021-10-27,TSLA,345.953339
2021-10-28,TSLA,359.013336
2021-10-29,TSLA,371.333344
2021-11-01,TSLA,402.863342
2021-11-02,TSLA,390.666656
2021-11-03,TSLA,404.619995
2021-11-04,TSLA,409.970001
2021-11-05,TSLA,407.363342
2021-11-08,TSLA,387.646667
2021-11-09,TSLA,341.166656
2021-11-10,TSLA,355.983337
2021-11-11,TSLA,354.503326
2021-11-12,TSLA,344.473328
2021-11-15,TSLA,337.796661
2021-11-16,TSLA,351.57666
2021-11-17,TSLA,363.003326
2021-11-18,TSLA,365.459991
2021-11-19,TSLA,379.019989
2021-11-22,TSLA,385.623322
2021-11-23,TSLA,369.676666
2021-11-24,TSLA,372.0
2021-11-26,TSLA,360.640015
2021-11-29,TSLA,378.996674
2021-11-30,TSLA,381.58667
2021-12-01,TSLA,365.0
2021-12-02,TSLA,361.533325
2021-12-03,TSLA,338.323334
2021-12-06,TSLA,336.33667
2021-12-07,TSLA,350.583344
2021-12-08,TSLA,356.320007
2021-12-09,TSLA,334.600006
2021-12-10,TSLA,339.01001
2021-12-13,TSLA,322.136658
2021-12-14,TSLA,319.503326
2021-12-15,TSLA,325.329987
2021-12-16,TSLA,308.973328
2021-12-17,TSLA,310.856659
2021-12-20,TSLA,299.980011
2021-12-21,TSLA,312.843323
2021-12-22,TSLA,336.290009
2021-12-23,TSLA,355.666656
2021-12-27,TSLA,364.646667
2021-12-28,TSLA,362.823334
2021-12-29,TSLA,362.063324
2021-12-30,TSLA,356.779999
2021-12-31,TSLA,352.26001
2022-01-03,TSLA,399.926666
2022-01-04,TSLA,383.196655
2022-01-05,TSLA,362.706665
2022-01-06,TSLA,354.899994
2022-01-07,TSLA,342.320007
2022-01-10,TSLA,352.706665
2022-01-11,TSLA,354.799988
2022-01-12,TSLA,368.73999
2022-01-13,TSLA,343.853333
2022-01-14,TSLA,349.869995
2022-01-18,TSLA,343.503326
2022-01-19,TSLA,331.883331
2022-01-20,TSLA,332.089996
2022-01-21,TSLA,314.633331
2022-01-24,TSLA,310.0
2022-01-25,TSLA,306.133331
2022-01-26,TSLA,312.470001
2022-01-27,TSLA,276.366669
2022-01-28,TSLA,282.116669
2022-01-31,TSLA,312.23999
2022-02-01,TSLA,310.416656
2022-02-02,TSLA,301.886658
2022-02-03,TSLA,297.046661
2022-02-04,TSLA,307.773346
2022-02-07,TSLA,302.446655
2022-02-08,TSLA,307.333344
2022-02-09,TSLA,310.666656
2022-02-10,TSLA,301.516663
2022-02-11,TSLA,286.666656
2022-02-14,TSLA,291.920013
2022-02-15,TSLA,307.476654
2022-02-16,TSLA,307.796661
2022-02-17,TSLA,292.116669
2022-02-18,TSLA,285.660004
2022-02-22,TSLA,273.843323
2022-02-23,TSLA,254.679993
2022-02-24,TSLA,266.92334
2022-02-25,TSLA,269.956665
2022-02-28,TSLA,290.143341
2022-03-01,TSLA,288.123322
2022-03-02,TSLA,293.296661
2022-03-03,TSLA,279.763336
2022-03-04,TSLA,279.429993
2022-03-07,TSLA,268.193329
2022-03-08,TSLA,274.799988
2022-03-09,TSLA,286.323334
2022-03-10,TSLA,279.433319
2022-03-11,TSLA,265.116669
2022-03-14,TSLA,255.456665
2022-03-15,TSLA,267.296661
2022-03-16,TSLA,280.07666
2022-03-17,TSLA,290.533325
2022-03-18,TSLA,301.796661
2022-03-21,TSLA,307.053345
2022-03-22,TSLA,331.32666
2022-03-23,TSLA,333.036682
2022-03-24,TSLA,337.973328
2022-03-25,TSLA,336.880005
2022-03-28,TSLA,363.946655
2022-03-29,TSLA,366.523346
2022-03-30,TSLA,364.66333
2022-03-31,TSLA,359.200012
2022-04-01,TSLA,361.529999
2022-04-04,TSLA,381.816681
2022-04-05,TSLA,363.753326
2022-04-06,TSLA,348.58667
2022-04-07,TSLA,352.420013
2022-04-08,TSLA,341.829987
2022-04-11,TSLA,325.309998
2022-04-12,TSLA,328.983337
2022-04-13,TSLA,340.790009
2022-04-14,TSLA,328.333344
2022-04-18,TSLA,334.763336
2022-04-19,TSLA,342.716675
2022-04-20,TSLA,325.733337
2022-04-21,TSLA,336.26001
2022-04-22,TSLA,335.016663
2022-04-25,TSLA,332.67334
2022-04-26,TSLA,292.140015
2022-04-27,TSLA,293.83667
2022-04-28,TSLA,292.503326
2022-04-29,TSLA,290.253326
2022-05-02,TSLA,300.980011
2022-05-03,TSLA,303.083344
2022-05-04,TSLA,317.540009
2022-05-05,TSLA,291.093323
2022-05-06,TSLA,288.549988
2022-05-09,TSLA,262.369995
2022-05-10,TSLA,266.679993
2022-05-11,TSLA,244.666672
2022-05-12,TSLA,242.666672
2022-05-13,TSLA,256.529999
2022-05-16,TSLA,241.456665
2022-05-17,TSLA,253.869995
2022-05-18,TSLA,236.603333
2022-05-19,TSLA,236.473328
2022-05-20,TSLA,221.300003
2022-05-23,TSLA,224.96666
2022-05-24,TSLA,209.386673
2022-05-25,TSLA,219.600006
2022-05-26,TSLA,235.910004
2022-05-27,TSLA,253.210007
2022-05-31,TSLA,252.753326
2022-06-01,TSLA,246.789993
2022-06-02,TSLA,258.333344
2022-06-03,TSLA,234.516663
2022-06-06,TSLA,238.279999
2022-06-07,TSLA,238.886673
2022-06-08,TSLA,241.866669
2022-06-09,TSLA,239.706665
2022-06-10,TSLA,232.229996
2022-06-13,TSLA,215.736664
2022-06-14,TSLA,220.889999
2022-06-15,TSLA,233.0
2022-06-16,TSLA,213.100006
2022-06-17,TSLA,216.759995
2022-06-21,TSLA,237.036667
2022-06-22,TSLA,236.08667
2022-06-23,TSLA,235.070007
2022-06-24,TSLA,245.706665
2022-06-27,TSLA,244.919998
2022-06-28,TSLA,232.66333
2022-06-29,TSLA,228.490005
2022-06-30,TSLA,224.473328
2022-07-01,TSLA,227.263336
2022-07-05,TSLA,233.066666
2022-07-06,TSLA,231.733337
2022-07-07,TSLA,244.543335
2022-07-08,TSLA,250.763336
2022-07-11,TSLA,234.343338
2022-07-12,TSLA,233.070007
2022-07-13,TSLA,237.039993
2022-07-14,TSLA,238.313339
2022-07-15,TSLA,240.066666
2022-07-18,TSLA,240.546661
2022-07-19,TSLA,245.529999
2022-07-20,TSLA,247.5
2022-07-21,TSLA,271.706665
2022-07-22,TSLA,272.243347
2022-07-25,TSLA,268.433319
2022-07-26,TSLA,258.859985
2022-07-27,TSLA,274.820007
2022-07-28,TSLA,280.899994
2022-07-29,TSLA,297.149994
2022-08-01,TSLA,297.276672
2022-08-02,TSLA,300.58667
2022-08-03,TSLA,307.396667
2022-08-04,TSLA,308.633331
2022-08-05,TSLA,288.170013
2022-08-08,TSLA,290.42334
2022-08-09,TSLA,283.333344
2022-08-10,TSLA,294.356659
2022-08-11,TSLA,286.630005
2022-08-12,TSLA,300.029999
2022-08-15,TSLA,309.320007
2022-08-16,TSLA,306.563324
2022-08-17,TSLA,303.996674
2022-08-18,TSLA,302.869995
2022-08-19,TSLA,296.666656
2022-08-22,TSLA,289.91333
2022-08-23,TSLA,296.453339
2022-08-24,TSLA,297.09668
2022-08-25,TSLA,296.070007
2022-08-26,TSLA,288.089996
2022-08-29,TSLA,284.820007
2022-08-30,TSLA,277.700012
2022-08-31,TSLA,275.609985
2022-09-01,TSLA,277.160004
2022-09-02,TSLA,270.209991
2022-09-06,TSLA,274.420013
2022-09-07,TSLA,283.700012
2022-09-08,TSLA,289.26001
2022-09-09,TSLA,299.679993
2022-09-12,TSLA,304.420013
2022-09-13,TSLA,292.130005
2022-09-14,TSLA,302.609985
2022-09-15,TSLA,303.75
2022-09-16,TSLA,303.350006
2022-09-19,TSLA,309.070007
2022-09-20,TSLA,308.730011
2022-09-21,TSLA,300.799988
2022-09-22,TSLA,288.589996
2022-09-23,TSLA,275.329987
2022-09-26,TSLA,276.01001
2022-09-27,TSLA,282.940002
2022-09-28,TSLA,287.809998
2022-09-29,TSLA,268.209991
2022-09-30,TSLA,265.25
2022-10-03,TSLA,242.399994
2022-10-04,TSLA,249.440002
2022-10-05,TSLA,240.809998
2022-10-06,TSLA,238.130005
2022-10-07,TSLA,223.070007
2022-10-10,TSLA,222.960007
2022-10-11,TSLA,216.5
2022-10-12,TSLA,217.240005
2022-10-13,TSLA,221.720001
2022-10-14,TSLA,204.990005
2022-10-17,TSLA,219.350006
2022-10-18,TSLA,220.190002
2022-10-19,TSLA,222.039993
2022-10-20,TSLA,207.279999
2022-10-21,TSLA,214.440002
2022-10-24,TSLA,211.25
2022-10-25,TSLA,222.419998
2022-10-26,TSLA,224.639999
2022-10-27,TSLA,225.089996
2022-10-28,TSLA,228.520004
2022-10-31,TSLA,227.539993
2022-11-01,TSLA,227.820007
2022-11-02,TSLA,214.979996
2022-11-03,TSLA,215.309998
2022-11-04,TSLA,207.470001
2022-11-07,TSLA,197.080002
2022-11-08,TSLA,191.300003
2022-11-09,TSLA,177.589996
2022-11-10,TSLA,190.720001
2022-11-11,TSLA,195.970001
2022-11-14,TSLA,190.949997
2022-11-15,TSLA,194.419998
2022-11-16,TSLA,186.919998
2022-11-17,TSLA,183.169998
2022-11-18,TSLA,180.190002
2022-11-21,TSLA,167.869995
2022-11-22,TSLA,169.910004
2022-11-23,TSLA,183.199997
2022-11-25,TSLA,182.860001
2022-11-28,TSLA,182.919998
2022-11-29,TSLA,180.830002
2022-11-30,TSLA,194.699997
2022-12-01,TSLA,194.699997
2022-12-02,TSLA,194.860001
2022-12-05,TSLA,182.449997
2022-12-06,TSLA,179.820007
2022-12-07,TSLA,174.039993
2022-12-08,TSLA,173.440002
2022-12-09,TSLA,179.050003
2022-12-12,TSLA,167.820007
2022-12-13,TSLA,160.949997
2022-12-14,TSLA,156.800003
2022-12-15,TSLA,157.669998
2022-12-16,TSLA,150.229996
2022-12-19,TSLA,149.869995
2022-12-20,TSLA,137.800003
2022-12-21,TSLA,137.570007
2022-12-22,TSLA,125.349998
2022-12-23,TSLA,123.150002
2022-12-27,TSLA,109.099998
2022-12-28,TSLA,112.709999
2022-12-29,TSLA,121.82
2022-12-30,TSLA,123.18
2023-01-03,TSLA,108.099998
2023-01-04,TSLA,113.639999
2023-01-05,TSLA,110.339996
2023-01-06,TSLA,113.059998
2023-01-09,TSLA,119.769997
2023-01-10,TSLA,118.849998
2023-01-11,TSLA,123.220001
2023-01-12,TSLA,123.559998
2023-01-13,TSLA,122.400002
2023-01-17,TSLA,131.490005
2023-01-18,TSLA,128.779999
2023-01-19,TSLA,127.169998
2023-01-20,TSLA,133.419998
2023-01-23,TSLA,143.75
2023-01-24,TSLA,143.889999
2023-01-25,TSLA,144.429993
2023-01-26,TSLA,160.270004
2023-01-27,TSLA,177.899994
2023-01-30,TSLA,166.660004
2023-01-31,TSLA,173.220001
2023-02-01,TSLA,181.410004
2023-02-02,TSLA,188.270004
2023-02-03,TSLA,189.979996
2023-02-06,TSLA,194.759995
2023-02-07,TSLA,196.809998
2023-02-08,TSLA,201.289993
2023-02-09,TSLA,207.320007
2023-02-10,TSLA,196.889999
2023-02-13,TSLA,194.639999
2023-02-14,TSLA,209.25
2023-02-15,TSLA,214.240005
2023-02-16,TSLA,202.039993
2023-02-17,TSLA,208.309998
2023-02-21,TSLA,197.369995
2023-02-22,TSLA,200.860001
2023-02-23,TSLA,202.070007
2023-02-24,TSLA,196.880005
2023-02-27,TSLA,207.630005
2023-02-28,TSLA,205.710007
2023-03-01,TSLA,202.770004
2023-03-02,TSLA,190.899994
2023-03-03,TSLA,197.789993
2023-03-06,TSLA,193.809998
2023-03-07,TSLA,187.710007
2023-03-08,TSLA,182.0
2023-03-09,TSLA,172.919998
2023-03-10,TSLA,173.440002
2023-03-13,TSLA,174.479996
2023-03-14,TSLA,183.259995
2023-03-15,TSLA,180.449997
2023-03-16,TSLA,184.130005
2023-03-17,TSLA,180.130005
2023-03-20,TSLA,183.25
2023-03-21,TSLA,197.580002
2023-03-22,TSLA,191.149994
2023-03-23,TSLA,192.220001
2023-03-24,TSLA,190.410004
2023-03-27,TSLA,191.809998
2023-03-28,TSLA,189.190002
2023-03-29,TSLA,193.880005
2023-03-30,TSLA,195.279999
2023-03-31,TSLA,207.460007
2023-04-03,TSLA,194.770004
2023-04-04,TSLA,192.580002
2023-04-05,TSLA,185.520004
2023-04-06,TSLA,185.059998
2023-04-10,TSLA,184.509995
2023-04-11,TSLA,186.789993
2023-04-12,TSLA,180.539993
2023-04-13,TSLA,185.899994
2023-04-14,TSLA,185.0
2023-04-17,TSLA,187.039993
2023-04-18,TSLA,184.309998
2023-04-19,TSLA,180.589996
2023-04-20,TSLA,162.990005
2023-04-21,TSLA,165.080002
2023-04-24,TSLA,162.550003
2023-04-25,TSLA,160.669998
2023-04-26,TSLA,153.75
2023-04-27,TSLA,160.190002
2023-04-28,TSLA,164.309998
2023-05-01,TSLA,161.830002
2023-05-02,TSLA,160.309998
2023-05-03,TSLA,160.610001
2023-05-04,TSLA,161.199997
2023-05-05,TSLA,170.059998
2023-05-08,TSLA,171.789993
2023-05-09,TSLA,169.149994
2023-05-10,TSLA,168.539993
2023-05-11,TSLA,172.080002
2023-05-12,TSLA,167.979996
2023-05-15,TSLA,166.350006
2023-05-16,TSLA,166.520004
2023-05-17,TSLA,173.860001
2023-05-18,TSLA,176.889999
2023-05-19,TSLA,180.139999
2023-05-22,TSLA,188.869995
2023-05-23,TSLA,185.770004
2023-05-24,TSLA,182.899994
2023-05-25,TSLA,184.470001
2023-05-26,TSLA,193.169998
2023-05-30,TSLA,201.160004
2023-05-31,TSLA,203.929993
2023-06-01,TSLA,207.520004
2023-06-02,TSLA,213.970001
2023-06-05,TSLA,217.610001
2023-06-06,TSLA,221.309998
2023-06-07,TSLA,224.570007
2023-06-08,TSLA,234.860001
2023-06-09,TSLA,244.399994
2023-06-12,TSLA,249.830002
2023-06-13,TSLA,258.709991
2023-06-14,TSLA,256.790009
2023-06-15,TSLA,255.899994
2023-06-16,TSLA,260.540009
2023-06-20,TSLA,274.450012
2023-06-21,TSLA,259.459991
2023-06-22,TSLA,264.609985
2023-06-23,TSLA,256.600006
2023-06-26,TSLA,241.050003
2023-06-27,TSLA,250.210007
2023-06-28,TSLA,256.23999
2023-06-29,TSLA,257.5
2023-06-30,TSLA,261.769989
2023-07-03,TSLA,279.820007
2023-07-05,TSLA,282.480011
2023-07-06,TSLA,276.540009
2023-07-07,TSLA,274.429993
2023-07-10,TSLA,269.609985
2023-07-11,TSLA,269.790009
2023-07-12,TSLA,271.98999
2023-07-13,TSLA,277.899994
2023-07-14,TSLA,281.380005
2023-07-17,TSLA,290.380005
2023-07-18,TSLA,293.339996
2023-07-19,TSLA,291.26001
2023-07-20,TSLA,262.899994
2023-07-21,TSLA,260.019989
2023-07-24,TSLA,269.059998
2023-07-25,TSLA,265.279999
2023-07-26,TSLA,264.350006
2023-07-27,TSLA,255.710007
2023-07-28,TSLA,266.440002
2023-07-31,TSLA,267.429993
2023-08-01,TSLA,261.070007
2023-08-02,TSLA,254.110001
2023-08-03,TSLA,259.320007
2023-08-04,TSLA,253.860001
2023-08-07,TSLA,251.449997
2023-08-08,TSLA,249.699997
2023-08-09,TSLA,242.190002
2023-08-10,TSLA,245.339996
2023-08-11,TSLA,242.649994
2023-08-14,TSLA,239.759995
2023-08-15,TSLA,232.960007
2023-08-16,TSLA,225.600006
2023-08-17,TSLA,219.220001
2023-08-18,TSLA,215.490005
2023-08-21,TSLA,231.279999
2023-08-22,TSLA,233.190002
2023-08-23,TSLA,236.860001
2023-08-24,TSLA,230.039993
2023-08-25,TSLA,238.589996
2023-08-28,TSLA,238.820007
2023-08-29,TSLA,257.179993
2023-08-30,TSLA,256.899994
2023-08-31,TSLA,258.079987
2023-09-01,TSLA,245.009995
2023-09-05,TSLA,256.48999
2023-09-06,TSLA,251.919998
2023-09-07,TSLA,251.490005
2023-09-08,TSLA,248.5
2023-09-11,TSLA,273.579987
2023-09-12,TSLA,267.480011
2023-09-13,TSLA,271.299988
2023-09-14,TSLA,276.040009
2023-09-15,TSLA,274.390015
2023-09-18,TSLA,265.279999
2023-09-19,TSLA,266.5
2023-09-20,TSLA,262.589996
2023-09-21,TSLA,255.699997
2023-09-22,TSLA,244.880005
2023-09-25,TSLA,246.990005
2023-09-26,TSLA,244.119995
2023-09-27,TSLA,240.5
2023-09-28,TSLA,246.380005
2023-09-29,TSLA,250.220001
2023-10-02,TSLA,251.600006
2023-10-03,TSLA,246.529999
2023-10-04,TSLA,261.160004
2023-10-05,TSLA,260.049988
2023-10-06,TSLA,260.529999
2023-10-09,TSLA,259.670013
2023-10-10,TSLA,263.619995
2023-10-11,TSLA,262.98999
2023-10-12,TSLA,258.869995
2023-10-13,TSLA,251.119995
2023-10-16,TSLA,253.919998
2023-10-17,TSLA,254.850006
2023-10-18,TSLA,242.679993
2023-10-19,TSLA,220.110001
2023-10-20,TSLA,211.990005
2023-10-23,TSLA,212.080002
2023-10-24,TSLA,216.520004
2023-10-25,TSLA,212.419998
2023-10-26,TSLA,205.759995
2023-10-27,TSLA,207.300003
2023-10-30,TSLA,197.360001
2023-10-31,TSLA,200.839996
2023-11-01,TSLA,205.660004
2023-11-02,TSLA,218.509995
2023-11-03,TSLA,219.960007
2023-11-06,TSLA,219.270004
2023-11-07,TSLA,222.179993
2023-11-08,TSLA,222.110001
2023-11-09,TSLA,209.979996
2023-11-10,TSLA,214.649994
2023-11-13,TSLA,223.710007
2023-11-14,TSLA,237.410004
2023-11-15,TSLA,242.839996
2023-11-16,TSLA,233.589996
2023-11-17,TSLA,234.300003
2023-11-20,TSLA,235.600006
2023-11-21,TSLA,241.199997
2023-11-22,TSLA,234.210007
2023-11-24,TSLA,235.449997
2023-11-27,TSLA,236.080002
2023-11-28,TSLA,246.720001
2023-11-29,TSLA,244.139999
2023-11-30,TSLA,240.080002
2023-12-01,TSLA,238.830002
2023-12-04,TSLA,235.580002
2023-12-05,TSLA,238.720001
2023-12-06,TSLA,239.369995
2023-12-07,TSLA,242.639999
2023-12-08,TSLA,243.839996
2023-12-11,TSLA,239.740005
2023-12-12,TSLA,237.009995
2023-12-13,TSLA,239.289993
2023-12-14,TSLA,251.050003
2023-12-15,TSLA,253.5
2023-12-18,TSLA,252.080002
2023-12-19,TSLA,257.220001
2023-12-20,TSLA,247.139999
2023-12-21,TSLA,254.5
2023-12-22,TSLA,252.539993
2023-12-26,TSLA,256.609985
2023-12-27,TSLA,261.440002
2023-12-28,TSLA,253.179993
2023-12-29,TSLA,248.479996
2024-01-02,TSLA,248.419998
2024-01-03,TSLA,238.449997
2024-01-04,TSLA,237.929993
2024-01-05,TSLA,237.490005
2024-01-08,TSLA,240.449997
2024-01-09,TSLA,234.960007
2024-01-10,TSLA,233.940002
2024-01-11,TSLA,227.220001
2024-01-12,TSLA,218.889999
2024-01-16,TSLA,219.910004
2024-01-17,TSLA,215.550003
2024-01-18,TSLA,211.880005
2024-01-19,TSLA,212.190002
2024-01-22,TSLA,208.800003
2024-01-23,TSLA,209.139999
2024-01-24,TSLA,207.830002
2024-01-25,TSLA,182.630005
2024-01-26,TSLA,183.25
2024-01-29,TSLA,190.929993
2024-01-30,TSLA,191.589996
2024-01-31,TSLA,187.289993
2024-02-01,TSLA,188.860001
2024-02-02,TSLA,187.910004
2024-02-05,TSLA,181.059998
2024-02-06,TSLA,185.100006
2024-02-07,TSLA,187.580002
2024-02-08,TSLA,189.559998
2024-02-09,TSLA,193.570007
2024-02-12,TSLA,188.130005
2024-02-13,TSLA,184.020004
2024-02-14,TSLA,188.710007
2024-02-15,TSLA,200.449997
2024-02-16,TSLA,199.949997
2024-02-20,TSLA,193.759995
2024-02-21,TSLA,194.770004
2024-02-22,TSLA,197.410004
2024-02-23,TSLA,191.970001
2024-02-26,TSLA,199.399994
2024-02-27,TSLA,199.729996
2024-02-28,TSLA,202.039993
2024-02-29,TSLA,201.880005
2024-03-01,TSLA,202.639999
2024-03-04,TSLA,188.139999
2024-03-05,TSLA,180.740005
2024-03-06,TSLA,176.539993
2024-03-07,TSLA,178.649994
2024-03-08,TSLA,175.339996
2024-03-11,TSLA,177.770004
2024-03-12,TSLA,177.539993
2024-03-13,TSLA,169.479996
2024-03-14,TSLA,162.5
2024-03-15,TSLA,163.570007
2024-03-18,TSLA,173.800003
2024-03-19,TSLA,171.320007
2024-03-20,TSLA,175.660004
2024-03-21,TSLA,172.820007
2024-03-22,TSLA,170.830002
2024-03-25,TSLA,172.630005
2024-03-26,TSLA,177.669998
2024-03-27,TSLA,179.830002
2024-03-28,TSLA,175.789993
2024-04-01,TSLA,175.220001
2024-04-02,TSLA,166.630005
2024-04-03,TSLA,168.380005
2024-04-04,TSLA,171.110001
2024-04-05,TSLA,164.899994
2024-04-08,TSLA,172.979996
2024-04-09,TSLA,176.880005
2024-04-10,TSLA,171.759995
2024-04-11,TSLA,174.600006
2024-04-12,TSLA,171.050003
2024-04-15,TSLA,161.479996
2024-04-16,TSLA,157.110001
2024-04-17,TSLA,155.449997
2024-04-18,TSLA,149.929993
2024-04-19,TSLA,147.050003
2024-04-22,TSLA,142.050003
2024-04-23,TSLA,144.679993
2024-04-24,TSLA,162.130005
2024-04-25,TSLA,170.179993
2024-04-26,TSLA,168.289993
2024-04-29,TSLA,194.050003
2024-04-30,TSLA,183.279999
2024-05-01,TSLA,179.990005
2024-05-02,TSLA,180.009995
2024-05-03,TSLA,181.190002
2024-05-06,TSLA,184.759995
2024-05-07,TSLA,177.809998
2024-05-08,TSLA,174.720001
2024-05-09,TSLA,171.970001
2024-05-10,TSLA,168.470001
2024-05-13,TSLA,171.889999
2024-05-14,TSLA,177.550003
2024-05-15,TSLA,173.990005
2024-05-16,TSLA,174.839996
2024-05-17,TSLA,177.460007
2024-05-20,TSLA,174.949997
2024-05-21,TSLA,186.600006
2024-05-22,TSLA,180.110001
2024-05-23,TSLA,173.740005
2024-05-24,TSLA,179.240005
2024-05-28,TSLA,176.75
2024-05-29,TSLA,176.190002
2024-05-30,TSLA,178.789993
2024-05-31,TSLA,178.080002
2024-06-03,TSLA,176.289993
2024-06-04,TSLA,174.770004
2024-06-05,TSLA,175.0
2024-06-06,TSLA,177.940002
2024-06-07,TSLA,177.479996
2024-06-10,TSLA,173.789993
2024-06-11,TSLA,170.660004
2024-06-12,TSLA,177.289993
2024-06-13,TSLA,182.470001
2024-06-14,TSLA,178.009995
2024-06-17,TSLA,187.440002
2024-06-18,TSLA,184.860001
2024-06-20,TSLA,181.570007
2024-06-21,TSLA,183.009995
2024-06-24,TSLA,182.580002
2024-06-25,TSLA,187.350006
2024-06-26,TSLA,196.369995
2024-06-27,TSLA,197.419998
2024-06-28,TSLA,197.880005
2024-07-01,TSLA,209.860001
2024-07-02,TSLA,231.259995
2024-07-03,TSLA,246.389999
2024-07-05,TSLA,251.520004
2024-07-08,TSLA,252.940002
2024-07-09,TSLA,262.329987
2024-07-10,TSLA,263.26001
2024-07-11,TSLA,241.029999
2024-07-12,TSLA,248.229996
2024-07-15,TSLA,252.639999
2024-07-16,TSLA,256.559998
2024-07-17,TSLA,248.5
2024-07-18,TSLA,249.229996
2024-07-19,TSLA,239.199997
2024-07-22,TSLA,251.509995
2024-07-23,TSLA,246.380005
2024-07-24,TSLA,215.990005
2024-07-25,TSLA,220.25
2024-07-26,TSLA,219.800003
2024-07-29,TSLA,232.100006
2024-07-30,TSLA,222.619995
2024-07-31,TSLA,232.070007
2024-08-01,TSLA,216.860001
2024-08-02,TSLA,207.669998
2024-08-05,TSLA,198.880005
2024-08-06,TSLA,200.639999
2024-08-07,TSLA,191.759995
2024-08-08,TSLA,198.839996
2024-08-09,TSLA,200.0
2024-08-12,TSLA,197.490005
2024-08-13,TSLA,207.830002
2024-08-14,TSLA,201.380005
2024-08-15,TSLA,214.139999
2024-08-16,TSLA,216.119995
2024-08-19,TSLA,222.720001
2024-08-20,TSLA,221.100006
2024-08-21,TSLA,223.270004
2024-08-22,TSLA,210.660004
2024-08-23,TSLA,220.320007
2024-08-26,TSLA,213.210007
2024-08-27,TSLA,209.210007
2024-08-28,TSLA,205.75
2024-08-29,TSLA,206.279999
2024-08-30,TSLA,214.110001
2024-09-03,TSLA,210.600006
2024-09-04,TSLA,219.410004
2024-09-05,TSLA,230.169998
2024-09-06,TSLA,210.729996
2024-09-09,TSLA,216.270004
2024-09-10,TSLA,226.169998
2024-09-11,TSLA,228.130005
2024-09-12,TSLA,229.809998
2024-09-13,TSLA,230.289993
2024-09-16,TSLA,226.779999
2024-09-17,TSLA,227.869995
2024-09-18,TSLA,227.199997
2024-09-19,TSLA,243.919998
2024-09-20,TSLA,238.25
2024-09-23,TSLA,250.0
2024-09-24,TSLA,254.270004
2024-09-25,TSLA,257.019989
2024-09-26,TSLA,254.220001
2024-09-27,TSLA,260.459991
2024-09-30,TSLA,261.630005
2024-10-01,TSLA,258.019989
2024-10-02,TSLA,249.020004
2024-10-03,TSLA,240.660004
2024-10-04,TSLA,250.080002
2024-10-07,TSLA,240.830002
2024-10-08,TSLA,244.5
2024-10-09,TSLA,241.050003
2024-10-10,TSLA,238.770004
2024-10-11,TSLA,217.800003
2024-10-14,TSLA,219.160004
2024-10-15,TSLA,219.570007
2024-10-16,TSLA,221.330002
2024-10-17,TSLA,220.889999
2024-10-18,TSLA,220.699997
2024-10-21,TSLA,218.850006
2024-10-22,TSLA,217.970001
2024-10-23,TSLA,213.649994
2024-10-24,TSLA,260.480011
2024-10-25,TSLA,269.190002
2024-10-28,TSLA,262.51001
2024-10-29,TSLA,259.519989
2024-10-30,TSLA,257.549988
2024-10-31,TSLA,249.850006
2024-11-01,TSLA,248.979996
2024-11-04,TSLA,242.839996
2024-11-05,TSLA,251.440002
2024-11-06,TSLA,288.529999
2024-11-07,TSLA,296.910004
2024-11-08,TSLA,321.220001
2024-11-11,TSLA,350.0
2024-11-12,TSLA,328.48999
2024-11-13,TSLA,330.23999
2024-11-14,TSLA,311.179993
2024-11-15,TSLA,320.720001
2024-11-18,TSLA,338.73999
2024-11-19,TSLA,346.0
2024-11-20,TSLA,342.029999
2024-11-21,TSLA,339.640015
2024-11-22,TSLA,352.559998
2024-11-25,TSLA,338.589996
2024-11-26,TSLA,338.230011
2024-11-27,TSLA,332.890015
2024-11-29,TSLA,345.160004
2024-12-02,TSLA,357.089996
2024-12-03,TSLA,351.420013
2024-12-04,TSLA,357.929993
2024-12-05,TSLA,369.48999
2024-12-06,TSLA,389.220001
2024-12-09,TSLA,389.790009
2024-12-10,TSLA,400.98999
2024-12-11,TSLA,424.769989
2024-12-12,TSLA,418.100006
2024-12-13,TSLA,436.230011
2024-12-16,TSLA,463.019989
2024-12-17,TSLA,479.859985
2024-12-18,TSLA,440.130005
2024-12-19,TSLA,436.170013
2024-12-20,TSLA,421.059998
2024-12-23,TSLA,430.600006
2024-12-24,TSLA,462.279999
2024-12-26,TSLA,454.130005
2024-12-27,TSLA,431.660004
2024-12-30,TSLA,417.410004
2024-12-31,TSLA,403.839996
2025-01-02,TSLA,379.279999
2025-01-03,TSLA,410.440002
2025-01-06,TSLA,411.049988
2025-01-07,TSLA,394.359985
2025-01-08,TSLA,394.940002
2025-01-10,TSLA,394.73999
2025-01-13,TSLA,403.309998
2025-01-14,TSLA,396.359985
2025-01-15,TSLA,428.220001
2025-01-16,TSLA,413.820007
2025-01-17,TSLA,426.5
2025-01-21,TSLA,424.070007
2025-01-22,TSLA,415.109985
2025-01-23,TSLA,412.380005
2025-01-24,TSLA,406.579987
2025-01-27,TSLA,397.149994
2025-01-28,TSLA,398.089996
2025-01-29,TSLA,389.100006
2025-01-30,TSLA,400.279999
2025-01-31,TSLA,404.600006
2025-02-03,TSLA,383.679993
2025-02-04,TSLA,392.209991
2025-02-05,TSLA,378.170013
2025-02-06,TSLA,374.320007
2025-02-07,TSLA,361.619995
2025-02-10,TSLA,350.730011
2025-02-11,TSLA,328.5
2025-02-12,TSLA,336.51001
2025-02-13,TSLA,355.940002
2025-02-14,TSLA,355.839996
2025-02-18,TSLA,354.109985
2025-02-19,TSLA,360.559998
2025-02-20,TSLA,354.399994
2025-02-21,TSLA,337.799988
2025-02-24,TSLA,330.529999
2025-02-25,TSLA,302.799988
2025-02-26,TSLA,290.799988
2025-02-27,TSLA,281.950012
2025-02-28,TSLA,292.980011
2025-03-03,TSLA,284.649994
2025-03-04,TSLA,272.040009
2025-03-05,TSLA,279.100006
2025-03-06,TSLA,263.450012
2025-03-07,TSLA,262.670013
2025-03-10,TSLA,222.149994
2025-03-11,TSLA,230.580002
2025-03-12,TSLA,248.089996
2025-03-13,TSLA,240.679993
2025-03-14,TSLA,249.979996
2025-03-17,TSLA,238.009995
2025-03-18,TSLA,225.309998
2025-03-19,TSLA,235.860001
2025-03-20,TSLA,236.259995
2025-03-21,TSLA,248.710007
2025-03-24,TSLA,278.390015
2025-03-25,TSLA,288.140015
2025-03-26,TSLA,272.059998
2025-03-27,TSLA,273.130005
2025-03-28,TSLA,263.549988
2025-03-31,TSLA,259.160004
2025-04-01,TSLA,268.459991
2025-04-02,TSLA,282.76001
2025-04-03,TSLA,267.279999
2025-04-04,TSLA,239.429993
2025-04-07,TSLA,233.289993
2025-04-08,TSLA,221.860001
2025-04-09,TSLA,272.200012
2025-04-10,TSLA,252.399994
2025-04-11,TSLA,252.309998
2025-04-14,TSLA,252.350006
2025-04-15,TSLA,254.110001
2025-04-16,TSLA,241.550003
2025-04-17,TSLA,241.369995
2025-04-21,TSLA,227.5
2025-04-22,TSLA,237.970001
2025-04-23,TSLA,250.740005
2025-04-24,TSLA,259.51001
2025-04-25,TSLA,284.950012
2025-04-28,TSLA,285.880005
2025-04-29,TSLA,292.029999
2025-04-30,TSLA,282.160004
2025-05-01,TSLA,280.519989
2025-05-02,TSLA,287.209991
2025-05-05,TSLA,280.26001
2025-05-06,TSLA,275.350006
2025-05-07,TSLA,276.220001
2025-05-08,TSLA,284.820007
2025-05-09,TSLA,298.26001
2025-05-12,TSLA,318.380005
2025-05-13,TSLA,334.070007
2025-05-14,TSLA,347.679993
2025-05-15,TSLA,342.820007
2025-05-16,TSLA,349.980011
2025-05-19,TSLA,342.089996
2025-05-20,TSLA,343.820007
2025-05-21,TSLA,334.619995
2025-05-22,TSLA,341.040009
2025-05-23,TSLA,339.339996
2025-05-27,TSLA,362.890015
2025-05-28,TSLA,356.899994
2025-05-29,TSLA,358.429993
2025-05-30,TSLA,346.459991
2025-06-02,TSLA,342.690002
2025-06-03,TSLA,344.269989
2025-06-04,TSLA,332.049988
2025-06-05,TSLA,284.700012
2025-06-06,TSLA,295.140015
2025-06-09,TSLA,308.579987
2025-06-10,TSLA,326.089996
2025-06-11,TSLA,326.429993
2025-06-12,TSLA,319.109985
2025-06-13,TSLA,325.309998
2025-06-16,TSLA,329.130005
2025-06-17,TSLA,316.350006
2025-06-18,TSLA,322.049988
2025-06-20,TSLA,322.160004
2025-06-23,TSLA,348.679993
2025-06-24,TSLA,340.470001
2025-06-25,TSLA,327.549988
2025-06-26,TSLA,325.779999
2025-06-27,TSLA,323.630005
2025-06-30,TSLA,317.660004
2025-07-01,TSLA,300.709991
2025-07-02,TSLA,315.649994
2025-07-03,TSLA,315.350006
2025-07-07,TSLA,293.940002
2025-07-08,TSLA,297.809998
2025-07-09,TSLA,295.880005
2025-07-10,TSLA,309.869995
2025-07-11,TSLA,313.51001
2025-07-14,TSLA,316.899994
2025-07-15,TSLA,310.779999
2025-07-16,TSLA,321.670013
2025-07-17,TSLA,319.410004
2025-07-18,TSLA,329.649994
2025-07-21,TSLA,328.48999
2025-07-22,TSLA,332.109985
2025-07-23,TSLA,332.559998
2025-07-24,TSLA,305.299988
2025-07-25,TSLA,316.059998
2025-07-28,TSLA,325.589996
2025-07-29,TSLA,321.200012
2025-07-30,TSLA,319.040009
2025-07-31,TSLA,308.269989
2025-08-01,TSLA,302.630005
2025-08-04,TSLA,309.26001
2025-08-05,TSLA,308.720001
2025-08-06,TSLA,319.910004
2025-08-07,TSLA,322.269989
2025-08-08,TSLA,329.649994
2025-08-11,TSLA,339.029999
2025-08-12,TSLA,340.839996
2025-08-13,TSLA,339.380005
2025-08-14,TSLA,335.579987
2025-08-15,TSLA,330.559998
2025-08-18,TSLA,335.160004
2025-08-19,TSLA,329.309998
2025-08-20,TSLA,323.899994
2025-08-21,TSLA,320.109985
2025-08-22,TSLA,340.01001
2025-08-25,TSLA,346.600006
2025-08-26,TSLA,351.670013
2025-08-27,TSLA,349.600006
2025-08-28,TSLA,345.980011
2025-08-29,TSLA,333.869995
2025-09-02,TSLA,329.359985
2025-09-03,TSLA,334.089996
2025-09-04,TSLA,338.529999
2025-09-05,TSLA,350.839996
2025-09-08,TSLA,346.399994
2025-09-09,TSLA,346.970001
2025-09-10,TSLA,347.790009
2025-09-11,TSLA,368.809998
2025-09-12,TSLA,395.940002
2025-09-15,TSLA,410.040009
2025-09-16,TSLA,421.619995
2025-09-17,TSLA,425.859985
2025-09-18,TSLA,416.850006
2025-09-19,TSLA,426.070007
2025-09-22,TSLA,434.209991
2025-09-23,TSLA,425.850006
2025-09-24,TSLA,442.790009
2025-09-25,TSLA,423.390015
2025-09-26,TSLA,440.399994
2025-09-29,TSLA,443.209991
2025-09-30,TSLA,444.720001
2025-10-01,TSLA,459.459991
2025-10-02,TSLA,436.0
2025-10-03,TSLA,429.829987
2025-10-06,TSLA,453.25
2025-10-07,TSLA,433.089996
2025-10-08,TSLA,438.690002
2025-10-09,TSLA,435.540009
2025-10-10,TSLA,413.48999
2025-10-13,TSLA,435.899994
2025-10-14,TSLA,429.23999
2025-10-15,TSLA,435.149994
2025-10-16,TSLA,428.75
2025-10-17,TSLA,439.309998
2025-10-20,TSLA,447.429993
2025-10-21,TSLA,442.600006
2025-10-22,TSLA,438.970001
2025-10-23,TSLA,448.980011
2025-10-24,TSLA,433.720001
2025-10-27,TSLA,452.420013
2025-10-28,TSLA,460.549988
2025-10-29,TSLA,461.51001
2025-10-30,TSLA,440.100006
2025-10-31,TSLA,456.559998
2025-11-03,TSLA,468.369995
2025-11-04,TSLA,444.26001
2025-11-05,TSLA,462.070007
2025-11-06,TSLA,445.910004
2025-11-07,TSLA,429.519989
2025-11-10,TSLA,445.230011
2025-11-11,TSLA,439.619995
2025-11-12,TSLA,430.600006
2025-11-13,TSLA,401.98999
2025-11-14,TSLA,404.350006
2025-11-17,TSLA,408.920013
2025-11-18,TSLA,401.25
2025-11-19,TSLA,403.98999
2025-11-20,TSLA,395.230011
2025-11-21,TSLA,391.089996
2025-11-24,TSLA,417.779999
2025-11-25,TSLA,419.399994
2025-11-26,TSLA,426.579987
2025-11-28,TSLA,430.170013
2025-12-01,TSLA,430.140015
2025-12-02,TSLA,429.23999
2025-12-03,TSLA,446.73999
2025-12-04,TSLA,454.529999
2025-12-05,TSLA,455.0
2025-12-08,TSLA,439.579987
2025-12-09,TSLA,445.170013
2025-12-10,TSLA,451.450012
2025-12-11,TSLA,446.890015
2025-12-12,TSLA,458.959991
2025-12-15,TSLA,475.309998
2025-12-16,TSLA,489.880005
2025-12-17,TSLA,467.26001
2025-12-18,TSLA,483.369995
2025-12-19,TSLA,481.200012
2025-12-22,TSLA,488.730011
2025-12-23,TSLA,485.559998
2025-12-24,TSLA,485.399994
2025-12-26,TSLA,475.190002
2025-12-29,TSLA,459.640015
2025-12-30,TSLA,454.429993
2025-12-31,TSLA,449.720001
2026-01-02,TSLA,438.070007
2026-01-05,TSLA,451.670013
2026-01-06,TSLA,432.959991
2026-01-07,TSLA,431.410004
2026-01-08,TSLA,435.799988
2026-01-09,TSLA,445.01001
2026-01-12,TSLA,448.959991
2026-01-13,TSLA,447.200012
2026-01-14,TSLA,439.200012
2026-01-15,TSLA,438.570007
2026-01-16,TSLA,437.5
2026-01-20,TSLA,419.25
2026-01-21,TSLA,431.440002
2026-01-22,TSLA,449.359985
2026-01-23,TSLA,449.059998
2026-01-26,TSLA,435.200012
2026-01-27,TSLA,430.899994
2026-01-28,TSLA,431.459991
2026-01-29,TSLA,416.559998
2026-01-30,TSLA,430.410004
2026-02-02,TSLA,421.809998
2026-02-03,TSLA,421.959991
2026-02-04,TSLA,406.01001
2026-02-05,TSLA,397.209991
2026-02-06,TSLA,411.109985
2026-02-09,TSLA,417.320007
2026-02-10,TSLA,425.209991
2026-02-11,TSLA,428.269989
2026-02-12,TSLA,417.070007
2026-02-13,TSLA,417.440002
2026-02-17,TSLA,410.630005
2026-02-18,TSLA,411.320007
2026-02-19,TSLA,411.709991
2026-02-20,TSLA,411.820007
2026-02-23,TSLA,399.829987
2026-02-24,TSLA,409.380005
2026-02-25,TSLA,417.399994
2026-02-26,TSLA,408.579987
2026-02-27,TSLA,402.51001
2026-03-02,TSLA,403.320007
2026-03-03,TSLA,392.429993
2026-03-04,TSLA,405.940002
2026-03-05,TSLA,405.549988
2026-03-06,TSLA,396.730011
2026-03-09,TSLA,398.679993
2026-03-10,TSLA,399.23999
2026-03-11,TSLA,407.820007
2026-03-12,TSLA,395.01001
2026-03-13,TSLA,391.200012
2026-03-16,TSLA,395.559998
2026-03-17,TSLA,399.269989
2026-03-18,TSLA,392.779999
2026-03-19,TSLA,380.299988
2026-03-20,TSLA,367.959991
2026-03-23,TSLA,380.850006
2026-03-24,TSLA,383.029999
2026-03-25,TSLA,385.950012
2026-03-26,TSLA,372.109985
2026-03-27,TSLA,361.829987
2026-03-30,TSLA,355.279999
2026-03-31,TSLA,371.75
2026-04-01,TSLA,381.26001
2026-04-02,TSLA,360.589996
2026-04-06,TSLA,352.820007
2026-04-07,TSLA,346.649994
2026-04-08,TSLA,343.25
2026-04-09,TSLA,345.619995
2026-04-10,TSLA,348.950012
2026-04-13,TSLA,352.420013
2026-04-14,TSLA,364.200012
2026-04-15,TSLA,391.950012
2026-04-16,TSLA,388.899994
2026-04-17,TSLA,400.619995
2026-04-20,TSLA,392.5
2026-04-21,TSLA,386.420013
2026-04-22,TSLA,387.51001
2026-04-23,TSLA,373.720001
2026-04-24,TSLA,376.299988
2026-04-27,TSLA,378.670013
2026-04-28,TSLA,376.019989
2026-04-29,TSLA,372.799988
2026-04-30,TSLA,381.630005
2026-05-01,TSLA,390.820007
2026-05-04,TSLA,392.51001
2026-05-05,TSLA,389.369995
2026-05-06,TSLA,398.730011
2026-05-07,TSLA,411.790009
2026-05-08,TSLA,428.350006
2026-05-11,TSLA,445.0
2026-05-12,TSLA,433.450012
2026-05-13,TSLA,445.269989
2026-05-14,TSLA,443.299988
2026-05-15,TSLA,422.23999
2026-05-18,TSLA,409.98999
2026-05-19,TSLA,404.109985
2026-05-20,TSLA,417.26001
2026-05-21,TSLA,417.850006
2026-05-22,TSLA,426.01001
2026-05-26,TSLA,433.589996
2026-05-27,TSLA,440.359985
2026-05-28,TSLA,442.100006
2026-05-29,TSLA,435.790009
2026-06-01,TSLA,415.880005
2026-06-02,TSLA,423.73999
2026-06-03,TSLA,423.700012
2026-06-04,TSLA,418.450012
2026-06-05,TSLA,391.0
2026-06-08,TSLA,408.950012
2026-06-09,TSLA,396.679993
2026-06-10,TSLA,381.589996
2026-06-11,TSLA,399.149994
2026-06-12,TSLA,406.429993
2026-06-15,TSLA,411.149994
2026-06-16,TSLA,404.660004
2026-06-17,TSLA,396.380005
2026-06-18,TSLA,400.48999
2026-06-22,TSLA,405.049988
2026-06-23,TSLA,381.609985
2026-06-24,TSLA,375.529999
2026-06-25,TSLA,375.119995
2026-06-26,TSLA,379.709991
2026-06-29,TSLA,411.839996
2026-06-30,TSLA,420.600006
2026-07-01,TSLA,425.299988
2026-07-02,TSLA,393.450012
2026-07-06,TSLA,419.769989
2026-07-07,TSLA,402.899994
2026-07-08,TSLA,394.059998
2026-07-09,TSLA,406.549988
2026-07-10,TSLA,407.76001
2026-07-13,TSLA,394.76001
2026-07-14,TSLA,396.179993
2026-07-15,TSLA,394.459991
2026-07-16,TSLA,391.059998
2026-07-17,TSLA,380.839996
2026-07-20,TSLA,369.570007
2026-07-21,TSLA,378.929993
2026-07-22,TSLA,374.01001
2026-07-23,TSLA,319.690002
2026-07-24,TSLA,313.029999
2026-07-27,TSLA,309.220001
2026-07-28,TSLA,307.440002
2026-07-29,TSLA,298.320007
2026-07-30,TSLA,308.850006
2026-07-31,TSLA,311.209991
2026-08-03,TSLA,322.079987
2026-08-04,TSLA,327.350006
2026-08-05,TSLA,321.549988
2026-08-06,TSLA,319.529999
2026-08-07,TSLA,328.579987
2026-08-10,TSLA,330.880005
2026-08-11,TSLA,332.809998
2026-08-12,TSLA,327.51001
2026-08-13,TSLA,339.959991
2026-08-14,TSLA,342.269989
2026-08-17,TSLA,339.299988
2026-08-18,TSLA,336.869995
2026-08-19,TSLA,351.119995
2026-08-20,TSLA,345.130005
2026-08-21,TSLA,362.859985
2026-08-24,TSLA,348.950012
2026-08-25,TSLA,350.25
2026-08-26,TSLA,345.820007
2026-08-27,TSLA,354.809998
2026-08-28,TSLA,348.75
2026-08-31,TSLA,367.950012
2026-09-01,TSLA,356.089996
2026-09-02,TSLA,357.01001
2026-09-03,TSLA,376.369995
2026-09-04,TSLA,354.079987
2026-09-08,TSLA,368.160004
2026-09-09,TSLA,367.809998
2026-09-10,TSLA,363.559998
2026-09-11,TSLA,365.440002
2026-09-14,TSLA,358.970001
2026-09-15,TSLA,356.579987
2026-09-16,TSLA,358.079987
2026-09-17,TSLA,366.200012
2026-09-18,TSLA,364.269989
2026-09-21,TSLA,375.299988
2026-09-22,TSLA,378.899994
2026-09-23,TSLA,380.119995
2026-09-24,TSLA,377.940002
2026-09-25,TSLA,372.109985
2026-09-28,TSLA,357.450012
2026-09-29,TSLA,352.839996
2026-09-30,TSLA,354.809998
2026-10-01,TSLA,354.109985
2021-10-04,KO,45.776089
2021-10-05,KO,45.853848
2021-10-06,KO,46.398079
2021-10-07,KO,46.54493
2021-10-08,KO,46.752258
2021-10-11,KO,46.847286
2021-10-12,KO,46.847286
2021-10-13,KO,46.855927
2021-10-14,KO,47.175556
2021-10-15,KO,47.063248
2021-10-18,KO,46.59676
2021-10-19,KO,46.778175
2021-10-20,KO,47.192829
2021-10-21,KO,46.950947
2021-10-22,KO,47.037334
2021-10-25,KO,46.847286
2021-10-26,KO,47.054604
2021-10-27,KO,47.96167
2021-10-28,KO,48.410881
2021-10-29,KO,48.69595
2021-11-01,KO,48.523178
2021-11-02,KO,48.462708
2021-11-03,KO,48.626839
2021-11-04,KO,48.894634
2021-11-05,KO,49.101963
2021-11-08,KO,48.661392
2021-11-09,KO,48.799614
2021-11-10,KO,48.998299
2021-11-11,KO,49.015587
2021-11-12,KO,48.903275
2021-11-15,KO,48.911915
2021-11-16,KO,48.566372
2021-11-17,KO,48.29858
2021-11-18,KO,47.866638
2021-11-19,KO,47.62476
2021-11-22,KO,47.91848
2021-11-23,KO,48.272659
2021-11-24,KO,47.883919
2021-11-26,KO,46.415363
2021-11-29,KO,47.149651
2021-11-30,KO,45.660973
2021-12-01,KO,45.530388
2021-12-02,KO,46.200722
2021-12-03,KO,46.609886
2021-12-06,KO,47.802559
2021-12-07,KO,48.063728
2021-12-08,KO,47.880909
2021-12-09,KO,47.759029
2021-12-10,KO,48.995224
2021-12-13,KO,50.283657
2021-12-14,KO,50.318481
2021-12-15,KO,50.544823
2021-12-16,KO,51.058472
2021-12-17,KO,50.257545
2021-12-20,KO,50.092133
2021-12-21,KO,50.29237
2021-12-22,KO,50.649303
2021-12-23,KO,50.684113
2021-12-27,KO,51.058472
2021-12-28,KO,51.258698
2021-12-29,KO,51.319637
2021-12-30,KO,51.171638
2021-12-31,KO,51.545975
2022-01-03,KO,51.624332
2022-01-04,KO,52.486187
2022-01-05,KO,52.921467
2022-01-06,KO,52.642887
2022-01-07,KO,52.521008
2022-01-10,KO,52.608055
2022-01-11,KO,52.625473
2022-01-12,KO,52.703827
2022-01-13,KO,53.017231
2022-01-14,KO,53.443806
2022-01-18,KO,53.017231
2022-01-19,KO,53.104279
2022-01-20,KO,52.886646
2022-01-21,KO,52.625473
2022-01-24,KO,52.198895
2022-01-25,KO,52.077026
2022-01-26,KO,51.885487
2022-01-27,KO,51.92902
2022-01-28,KO,52.964993
2022-01-31,KO,53.112988
2022-02-01,KO,52.721233
2022-02-02,KO,53.26099
2022-02-03,KO,53.635319
2022-02-04,KO,53.069454
2022-02-07,KO,53.626621
2022-02-08,KO,53.97485
2022-02-09,KO,53.139091
2022-02-10,KO,53.435101
2022-02-11,KO,52.486187
2022-02-14,KO,52.825703
2022-02-15,KO,53.025932
2022-02-16,KO,53.017231
2022-02-17,KO,54.079308
2022-02-18,KO,54.444946
2022-02-22,KO,54.218594
2022-02-23,KO,53.617908
2022-02-24,KO,52.6777
2022-02-25,KO,54.714828
2022-02-28,KO,54.183773
2022-03-01,KO,53.948734
2022-03-02,KO,54.349182
2022-03-03,KO,54.38401
2022-03-04,KO,54.471058
2022-03-07,KO,53.17392
2022-03-08,KO,51.067162
2022-03-09,KO,51.328331
2022-03-10,KO,50.38813
2022-03-11,KO,50.422943
2022-03-14,KO,51.352802
2022-03-15,KO,52.300209
2022-03-16,KO,52.159855
2022-03-17,KO,52.712509
2022-03-18,KO,52.721283
2022-03-21,KO,53.142345
2022-03-22,KO,53.335339
2022-03-23,KO,52.984455
2022-03-24,KO,53.493237
2022-03-25,KO,53.975716
2022-03-28,KO,54.317829
2022-03-29,KO,54.528362
2022-03-30,KO,54.572231
2022-03-31,KO,54.388012
2022-04-01,KO,55.151199
2022-04-04,KO,54.86171
2022-04-05,KO,54.800304
2022-04-06,KO,55.352955
2022-04-07,KO,55.651226
2022-04-08,KO,55.993336
2022-04-11,KO,55.975788
2022-04-12,KO,56.633709
2022-04-13,KO,56.782848
2022-04-14,KO,57.037228
2022-04-18,KO,56.52845
2022-04-19,KO,57.0811
2022-04-20,KO,57.861828
2022-04-21,KO,58.081139
2022-04-22,KO,57.238995
2022-04-25,KO,57.84428
2022-04-26,KO,57.063549
2022-04-27,KO,57.510941
2022-04-28,KO,58.063595
2022-04-29,KO,56.677567
2022-05-02,KO,55.651226
2022-05-03,KO,55.335423
2022-05-04,KO,57.046009
2022-05-05,KO,56.589851
2022-05-06,KO,56.791607
2022-05-09,KO,56.677567
2022-05-10,KO,56.151241
2022-05-11,KO,56.414398
2022-05-12,KO,56.589851
2022-05-13,KO,57.651291
2022-05-16,KO,57.861828
2022-05-17,KO,57.703926
2022-05-18,KO,53.686234
2022-05-19,KO,52.633568
2022-05-20,KO,53.493237
2022-05-23,KO,55.142429
2022-05-24,KO,56.16
2022-05-25,KO,56.203865
2022-05-26,KO,56.405636
2022-05-27,KO,56.738979
2022-05-31,KO,55.598587
2022-06-01,KO,55.326641
2022-06-02,KO,55.905609
2022-06-03,KO,55.238918
2022-06-06,KO,55.151199
2022-06-07,KO,55.484547
2022-06-08,KO,55.168743
2022-06-09,KO,54.212563
2022-06-10,KO,53.870449
2022-06-13,KO,53.80904
2022-06-14,KO,52.333488
2022-06-15,KO,52.722252
2022-06-16,KO,52.19212
2022-06-17,KO,52.510201
2022-06-21,KO,53.632332
2022-06-22,KO,54.02993
2022-06-23,KO,54.674931
2022-06-24,KO,55.699867
2022-06-27,KO,55.585003
2022-06-28,KO,55.02837
2022-06-29,KO,55.425964
2022-06-30,KO,55.585003
2022-07-01,KO,56.883835
2022-07-05,KO,55.911919
2022-07-06,KO,56.026791
2022-07-07,KO,55.585003
2022-07-08,KO,55.788223
2022-07-11,KO,55.611515
2022-07-12,KO,55.372944
2022-07-13,KO,55.116722
2022-07-14,KO,54.939999
2022-07-15,KO,55.22274
2022-07-18,KO,54.471718
2022-07-19,KO,55.249245
2022-07-20,KO,54.33918
2022-07-21,KO,54.215485
2022-07-22,KO,54.418697
2022-07-25,KO,54.948833
2022-07-26,KO,55.850071
2022-07-27,KO,55.673359
2022-07-28,KO,56.601097
2022-07-29,KO,56.698292
2022-08-01,KO,57.007538
2022-08-02,KO,56.230011
2022-08-03,KO,56.477406
2022-08-04,KO,56.2565
2022-08-05,KO,56.000286
2022-08-08,KO,55.638016
2022-08-09,KO,55.708702
2022-08-10,KO,56.23885
2022-08-11,KO,55.85891
2022-08-12,KO,56.283028
2022-08-15,KO,56.989868
2022-08-16,KO,57.458164
2022-08-17,KO,57.325615
2022-08-18,KO,57.626038
2022-08-19,KO,57.58186
2022-08-22,KO,56.7248
2022-08-23,KO,56.786652
2022-08-24,KO,56.866169
2022-08-25,KO,57.140072
2022-08-26,KO,55.761723
2022-08-29,KO,55.425964
2022-08-30,KO,54.913498
2022-08-31,KO,54.524731
2022-09-01,KO,54.780964
2022-09-02,KO,54.02993
2022-09-06,KO,54.056442
2022-09-07,KO,55.054859
2022-09-08,KO,54.886978
2022-09-09,KO,55.063698
2022-09-12,KO,55.22274
2022-09-13,KO,53.429115
2022-09-14,KO,53.711849
2022-09-15,KO,52.982037
2022-09-16,KO,52.990944
2022-09-19,KO,53.391445
2022-09-20,KO,53.311356
2022-09-21,KO,52.866344
2022-09-22,KO,52.741737
2022-09-23,KO,52.154339
2022-09-26,KO,51.504631
2022-09-27,KO,50.178524
2022-09-28,KO,50.712524
2022-09-29,KO,50.347618
2022-09-30,KO,49.85812
2022-10-03,KO,50.418823
2022-10-04,KO,50.534531
2022-10-05,KO,50.053932
2022-10-06,KO,48.977016
2022-10-07,KO,48.51421
2022-10-10,KO,48.407413
2022-10-11,KO,48.487518
2022-10-12,KO,49.074924
2022-10-13,KO,49.724613
2022-10-14,KO,48.932522
2022-10-17,KO,49.564426
2022-10-18,KO,50.231918
2022-10-19,KO,49.804726
2022-10-20,KO,49.021519
2022-10-21,KO,49.804726
2022-10-24,KO,51.237629
2022-10-25,KO,52.465836
2022-10-26,KO,52.857441
2022-10-27,KO,52.982037
2022-10-28,KO,54.076752
2022-10-31,KO,53.266853
2022-11-01,KO,53.079945
2022-11-02,KO,52.341244
2022-11-03,KO,52.314541
2022-11-04,KO,52.741737
2022-11-07,KO,52.946449
2022-11-08,KO,53.044338
2022-11-09,KO,52.305641
2022-11-10,KO,54.183552
2022-11-11,KO,54.575153
2022-11-14,KO,54.050049
2022-11-15,KO,53.961052
2022-11-16,KO,53.863144
2022-11-17,KO,54.032257
2022-11-18,KO,54.414955
2022-11-21,KO,55.251568
2022-11-22,KO,55.491863
2022-11-23,KO,55.741062
2022-11-25,KO,55.79446
2022-11-28,KO,55.803368
2022-11-29,KO,55.607563
2022-11-30,KO,57.014774
2022-12-01,KO,57.176117
2022-12-02,KO,57.678055
2022-12-05,KO,56.889297
2022-12-06,KO,56.862404
2022-12-07,KO,56.952034
2022-12-08,KO,57.19405
2022-12-09,KO,56.593506
2022-12-12,KO,57.337448
2022-12-13,KO,57.355381
2022-12-14,KO,57.355381
2022-12-15,KO,56.566624
2022-12-16,KO,56.243938
2022-12-19,KO,56.324608
2022-12-20,KO,56.279793
2022-12-21,KO,57.185078
2022-12-22,KO,56.772778
2022-12-23,KO,57.203007
2022-12-27,KO,57.552574
2022-12-28,KO,56.978935
2022-12-29,KO,57.319515
2022-12-30,KO,57.014774
2023-01-03,KO,56.423203
2023-01-04,KO,56.39632
2023-01-05,KO,55.750969
2023-01-06,KO,56.826553
2023-01-09,KO,56.118458
2023-01-10,KO,55.688229
2023-01-11,KO,55.580669
2023-01-12,KO,54.863621
2023-01-13,KO,55.060806
2023-01-17,KO,55.284885
2023-01-18,KO,53.608772
2023-01-19,KO,53.528111
2023-01-20,KO,53.850773
2023-01-23,KO,53.985222
2023-01-24,KO,54.272041
2023-01-25,KO,54.612648
2023-01-26,KO,54.505089
2023-01-27,KO,54.218269
2023-01-30,KO,54.352715
2023-01-31,KO,54.962204
2023-02-01,KO,54.971176
2023-02-02,KO,54.030041
2023-02-03,KO,53.626705
2023-02-06,KO,53.93145
2023-02-07,KO,53.841808
2023-02-08,KO,53.528111
2023-02-09,KO,53.438465
2023-02-10,KO,53.438465
2023-02-13,KO,54.316864
2023-02-14,KO,53.411583
2023-02-15,KO,53.411583
2023-02-16,KO,53.079945
2023-02-17,KO,53.886627
2023-02-21,KO,53.599812
2023-02-22,KO,53.761143
2023-02-23,KO,53.859734
2023-02-24,KO,53.635654
2023-02-27,KO,53.617733
2023-02-28,KO,53.33987
2023-03-01,KO,52.757267
2023-03-02,KO,53.528111
2023-03-03,KO,53.277138
2023-03-06,KO,54.101749
2023-03-07,KO,53.788029
2023-03-08,KO,53.814926
2023-03-09,KO,53.295055
2023-03-10,KO,53.07098
2023-03-13,KO,53.608772
2023-03-14,KO,53.805954
2023-03-15,KO,54.164482
2023-03-16,KO,54.462543
2023-03-17,KO,54.209644
2023-03-20,KO,54.733501
2023-03-21,KO,54.48061
2023-03-22,KO,54.23674
2023-03-23,KO,54.119324
2023-03-24,KO,55.004459
2023-03-27,KO,55.410892
2023-03-28,KO,55.474113
2023-03-29,KO,55.871525
2023-03-30,KO,55.862492
2023-03-31,KO,56.025059
2023-04-03,KO,56.359245
2023-04-04,KO,56.187637
2023-04-05,KO,56.720528
2023-04-06,KO,56.756649
2023-04-10,KO,56.621166
2023-04-11,KO,56.521824
2023-04-12,KO,56.621166
2023-04-13,KO,57.03664
2023-04-14,KO,56.946323
2023-04-17,KO,57.316631
2023-04-18,KO,57.406944
2023-04-19,KO,57.515335
2023-04-20,KO,57.768223
2023-04-21,KO,57.849514
2023-04-24,KO,57.75919
2023-04-25,KO,57.66888
2023-04-26,KO,57.397915
2023-04-27,KO,57.515335
2023-04-28,KO,57.939835
2023-05-01,KO,58.075314
2023-05-02,KO,57.813393
2023-05-03,KO,57.488235
2023-05-04,KO,57.55146
2023-05-05,KO,57.822414
2023-05-08,KO,57.732098
2023-05-09,KO,57.25341
2023-05-10,KO,57.352753
2023-05-11,KO,57.67791
2023-05-12,KO,57.903709
2023-05-15,KO,57.750164
2023-05-16,KO,57.099861
2023-05-17,KO,57.03664
2023-05-18,KO,56.720528
2023-05-19,KO,56.747627
2023-05-22,KO,55.555401
2023-05-23,KO,55.456062
2023-05-24,KO,54.986401
2023-05-25,KO,54.561901
2023-05-26,KO,54.426403
2023-05-30,KO,53.992878
2023-05-31,KO,53.884495
2023-06-01,KO,54.191586
2023-06-02,KO,55.239288
2023-06-05,KO,54.868973
2023-06-06,KO,54.471573
2023-06-07,KO,54.390289
2023-06-08,KO,54.525768
2023-06-09,KO,54.616093
2023-06-12,KO,54.381248
2023-06-13,KO,54.598019
2023-06-14,KO,54.96833
2023-06-15,KO,55.723686
2023-06-16,KO,56.124119
2023-06-20,KO,55.750988
2023-06-21,KO,55.905708
2023-06-22,KO,56.287941
2023-06-23,KO,55.696388
2023-06-26,KO,55.714584
2023-06-27,KO,55.596279
2023-06-28,KO,55.077541
2023-06-29,KO,54.622509
2023-06-30,KO,54.80452
2023-07-03,KO,55.132149
2023-07-05,KO,55.541676
2023-07-06,KO,55.113945
2023-07-07,KO,54.385883
2023-07-10,KO,53.976353
2023-07-11,KO,54.167465
2023-07-12,KO,54.458683
2023-07-13,KO,54.922825
2023-07-14,KO,55.423367
2023-07-17,KO,55.341457
2023-07-18,KO,55.123035
2023-07-19,KO,56.096817
2023-07-20,KO,56.779373
2023-07-21,KO,56.824875
2023-07-24,KO,56.843075
2023-07-25,KO,56.65197
2023-07-26,KO,57.38002
2023-07-27,KO,56.824875
2023-07-28,KO,56.861279
2023-07-31,KO,56.360748
2023-08-01,KO,56.215126
2023-08-02,KO,56.388042
2023-08-03,KO,56.096817
2023-08-04,KO,55.25045
2023-08-07,KO,55.68729
2023-08-08,KO,55.441566
2023-08-09,KO,55.568981
2023-08-10,KO,55.441566
2023-08-11,KO,55.669083
2023-08-14,KO,55.405174
2023-08-15,KO,55.03204
2023-08-16,KO,55.041142
2023-08-17,KO,55.159447
2023-08-18,KO,55.468868
2023-08-21,KO,54.995628
2023-08-22,KO,54.658909
2023-08-23,KO,54.850018
2023-08-24,KO,54.704407
2023-08-25,KO,54.959229
2023-08-28,KO,55.113945
2023-08-29,KO,55.05933
2023-08-30,KO,55.03204
2023-08-31,KO,54.449589
2023-09-01,KO,53.976353
2023-09-05,KO,53.530418
2023-09-06,KO,53.494015
2023-09-07,KO,53.084484
2023-09-08,KO,53.084484
2023-09-11,KO,53.585018
2023-09-12,KO,53.057178
2023-09-13,KO,53.184593
2023-09-14,KO,53.624889
2023-09-15,KO,53.147896
2023-09-18,KO,53.478123
2023-09-19,KO,53.36805
2023-09-20,KO,53.606548
2023-09-21,KO,52.780987
2023-09-22,KO,52.836021
2023-09-25,KO,52.285641
2023-09-26,KO,51.854515
2023-09-27,KO,51.322487
2023-09-28,KO,51.194065
2023-09-29,KO,51.35001
2023-10-02,KO,50.891354
2023-10-03,KO,50.340988
2023-10-04,KO,50.487759
2023-10-05,KO,48.047752
2023-10-06,KO,48.744896
2023-10-09,KO,48.506405
2023-10-10,KO,49.561279
2023-10-11,KO,49.267757
2023-10-12,KO,48.442192
2023-10-13,KO,48.515572
2023-10-16,KO,49.01091
2023-10-17,KO,49.597973
2023-10-18,KO,49.579632
2023-10-19,KO,49.85482
2023-10-20,KO,50.056622
2023-10-23,KO,49.607155
2023-10-24,KO,51.038128
2023-10-25,KO,51.478428
2023-10-26,KO,51.16655
2023-10-27,KO,50.671219
2023-10-30,KO,51.505951
2023-10-31,KO,51.817825
2023-11-01,KO,51.771961
2023-11-02,KO,52.368202
2023-11-03,KO,52.047146
2023-11-06,KO,52.258125
2023-11-07,KO,52.450752
2023-11-08,KO,52.368202
2023-11-09,KO,51.973763
2023-11-10,KO,52.028797
2023-11-13,KO,52.221439
2023-11-14,KO,52.377369
2023-11-15,KO,52.478271
2023-11-16,KO,52.423241
2023-11-17,KO,52.524139
2023-11-20,KO,52.652554
2023-11-21,KO,53.230453
2023-11-22,KO,53.588207
2023-11-24,KO,53.725788
2023-11-27,KO,53.624889
2023-11-28,KO,53.734966
2023-11-29,KO,53.41391
2023-11-30,KO,54.033394
2023-12-01,KO,54.218307
2023-12-04,KO,54.153584
2023-12-05,KO,54.236805
2023-12-06,KO,54.181324
2023-12-07,KO,54.310776
2023-12-08,KO,54.190571
2023-12-11,KO,54.588146
2023-12-12,KO,54.939495
2023-12-13,KO,55.411045
2023-12-14,KO,54.588146
2023-12-15,KO,54.181324
2023-12-18,KO,54.569664
2023-12-19,KO,54.393986
2023-12-20,KO,53.26598
2023-12-21,KO,53.617329
2023-12-22,KO,53.922436
2023-12-26,KO,54.144348
2023-12-27,KO,54.283035
2023-12-28,KO,54.320019
2023-12-29,KO,54.486443
2024-01-02,KO,55.309334
2024-01-03,KO,55.438778
2024-01-04,KO,55.253857
2024-01-05,KO,55.170647
2024-01-08,KO,55.577465
2024-01-09,KO,55.475761
2024-01-10,KO,55.660686
2024-01-11,KO,55.300087
2024-01-12,KO,55.836353
2024-01-16,KO,55.466518
2024-01-17,KO,55.466518
2024-01-18,KO,55.623695
2024-01-19,KO,55.318581
2024-01-22,KO,55.078186
2024-01-23,KO,55.337074
2024-01-24,KO,54.46796
2024-01-25,KO,54.699097
2024-01-26,KO,54.893269
2024-01-29,KO,55.226116
2024-01-30,KO,55.383301
2024-01-31,KO,55.004219
2024-02-01,KO,56.38187
2024-02-02,KO,55.975044
2024-02-05,KO,55.512749
2024-02-06,KO,55.420284
2024-02-07,KO,55.466518
2024-02-08,KO,55.318581
2024-02-09,KO,55.068943
2024-02-12,KO,55.198383
2024-02-13,KO,54.874775
2024-02-14,KO,54.819298
2024-02-15,KO,54.921001
2024-02-16,KO,54.911762
2024-02-20,KO,56.122986
2024-02-21,KO,56.622269
2024-02-22,KO,56.539051
2024-02-23,KO,56.585278
2024-02-26,KO,56.132217
2024-02-27,KO,55.790119
2024-02-28,KO,55.8456
2024-02-29,KO,55.494259
2024-03-01,KO,55.041203
2024-03-04,KO,55.300087
2024-03-05,KO,55.031952
2024-03-06,KO,55.059689
2024-03-07,KO,54.957989
2024-03-08,KO,55.031952
2024-03-11,KO,55.697674
2024-03-12,KO,55.938053
2024-03-13,KO,56.511311
2024-03-14,KO,56.38549
2024-03-15,KO,55.807659
2024-03-18,KO,56.040661
2024-03-19,KO,56.133854
2024-03-20,KO,56.618488
2024-03-21,KO,56.357533
2024-03-22,KO,56.376167
2024-03-25,KO,56.292294
2024-03-26,KO,56.422768
2024-03-27,KO,56.879444
2024-03-28,KO,57.019245
2024-04-01,KO,56.553253
2024-04-02,KO,56.059296
2024-04-03,KO,55.761055
2024-04-04,KO,55.267101
2024-04-05,KO,55.462818
2024-04-08,KO,55.23914
2024-04-09,KO,55.658539
2024-04-10,KO,54.912941
2024-04-11,KO,55.034107
2024-04-12,KO,54.316471
2024-04-15,KO,54.185986
2024-04-16,KO,54.111431
2024-04-17,KO,54.53083
2024-04-18,KO,54.903633
2024-04-19,KO,56.077934
2024-04-22,KO,56.432091
2024-04-23,KO,56.515968
2024-04-24,KO,57.364086
2024-04-25,KO,57.541161
2024-04-26,KO,57.541161
2024-04-29,KO,57.820755
2024-04-30,KO,57.569111
2024-05-01,KO,57.718243
2024-05-02,KO,57.774155
2024-05-03,KO,57.94191
2024-05-06,KO,58.109673
2024-05-07,KO,58.361313
2024-05-08,KO,58.575668
2024-05-09,KO,58.60363
2024-05-10,KO,58.957787
2024-05-13,KO,59.256031
2024-05-14,KO,58.80867
2024-05-15,KO,58.836632
2024-05-16,KO,59.013702
2024-05-17,KO,58.743427
2024-05-20,KO,58.314713
2024-05-21,KO,58.631596
2024-05-22,KO,58.715469
2024-05-23,KO,57.867355
2024-05-24,KO,57.783482
2024-05-28,KO,57.615719
2024-05-29,KO,57.503883
2024-05-30,KO,57.755524
2024-05-31,KO,58.65023
2024-06-03,KO,58.65023
2024-06-04,KO,59.591537
2024-06-05,KO,59.572903
2024-06-06,KO,59.787258
2024-06-07,KO,59.563587
2024-06-10,KO,59.265343
2024-06-11,KO,59.228062
2024-06-12,KO,58.60363
2024-06-13,KO,58.70615
2024-06-14,KO,58.748413
2024-06-17,KO,58.814159
2024-06-18,KO,58.823555
2024-06-20,KO,58.400906
2024-06-21,KO,58.955044
2024-06-24,KO,60.082111
2024-06-25,KO,59.960014
2024-06-26,KO,60.157253
2024-06-27,KO,60.025757
2024-06-28,KO,59.781559
2024-07-01,KO,59.43404
2024-07-02,KO,59.311947
2024-07-03,KO,59.48101
2024-07-05,KO,59.884876
2024-07-08,KO,59.133495
2024-07-09,KO,58.879906
2024-07-10,KO,59.011398
2024-07-11,KO,59.264984
2024-07-12,KO,59.828526
2024-07-15,KO,59.556149
2024-07-16,KO,60.363869
2024-07-17,KO,61.24675
2024-07-18,KO,61.227966
2024-07-19,KO,61.321892
2024-07-22,KO,60.833485
2024-07-23,KO,61.011936
2024-07-24,KO,61.81028
2024-07-25,KO,62.054474
2024-07-26,KO,62.97493
2024-07-29,KO,62.768291
2024-07-30,KO,63.566647
2024-07-31,KO,62.683758
2024-08-01,KO,63.829605
2024-08-02,KO,65.116341
2024-08-05,KO,63.961102
2024-08-06,KO,63.914139
2024-08-07,KO,64.299217
2024-08-08,KO,64.552818
2024-08-09,KO,64.505859
2024-08-12,KO,64.02684
2024-08-13,KO,64.299217
2024-08-14,KO,64.411934
2024-08-15,KO,64.477684
2024-08-16,KO,64.975464
2024-08-19,KO,64.787628
2024-08-20,KO,65.163315
2024-08-21,KO,65.341766
2024-08-22,KO,65.116341
2024-08-23,KO,65.548393
2024-08-26,KO,66.534576
2024-08-27,KO,67.154457
2024-08-28,KO,67.389267
2024-08-29,KO,67.671036
2024-08-30,KO,68.065506
2024-09-03,KO,68.572701
2024-09-04,KO,68.15004
2024-09-05,KO,66.844521
2024-09-06,KO,66.816338
2024-09-09,KO,67.4832
2024-09-10,KO,67.201431
2024-09-11,KO,66.759987
2024-09-12,KO,66.900864
2024-09-13,KO,67.529747
2024-09-16,KO,68.182243
2024-09-17,KO,67.898544
2024-09-18,KO,67.851257
2024-09-19,KO,66.782669
2024-09-20,KO,67.747238
2024-09-23,KO,67.832336
2024-09-24,KO,67.454094
2024-09-25,KO,67.567566
2024-09-26,KO,67.520287
2024-09-27,KO,67.889091
2024-09-30,KO,67.955284
2024-10-01,KO,67.813431
2024-10-02,KO,67.151474
2024-10-03,KO,66.688095
2024-10-04,KO,66.357117
2024-10-07,KO,65.260147
2024-10-08,KO,65.420906
2024-10-09,KO,65.789719
2024-10-10,KO,65.487099
2024-10-11,KO,65.789719
2024-10-14,KO,66.517876
2024-10-15,KO,66.517876
2024-10-16,KO,66.73539
2024-10-17,KO,66.101791
2024-10-18,KO,66.612442
2024-10-21,KO,65.676247
2024-10-22,KO,65.676247
2024-10-23,KO,64.314484
2024-10-24,KO,63.64307
2024-10-25,KO,63.283722
2024-10-28,KO,63.047302
2024-10-29,KO,61.997616
2024-10-30,KO,62.338058
2024-10-31,KO,61.761185
2024-11-01,KO,61.477501
2024-11-04,KO,61.572063
2024-11-05,KO,61.817944
2024-11-06,KO,60.238678
2024-11-07,KO,60.200855
2024-11-08,KO,60.446728
2024-11-11,KO,59.917156
2024-11-12,KO,59.76585
2024-11-13,KO,59.576721
2024-11-14,KO,59.151173
2024-11-15,KO,58.385185
2024-11-18,KO,58.498665
2024-11-19,KO,59.188999
2024-11-20,KO,59.567257
2024-11-21,KO,60.295418
2024-11-22,KO,60.446728
2024-11-25,KO,60.881729
2024-11-26,KO,61.042496
2024-11-27,KO,60.92902
2024-11-29,KO,61.057648
2024-12-02,KO,60.647926
2024-12-03,KO,60.524059
2024-12-04,KO,59.275848
2024-12-05,KO,59.952358
2024-12-06,KO,59.580757
2024-12-09,KO,59.647453
2024-12-10,KO,59.942829
2024-12-11,KO,59.685566
2024-12-12,KO,60.828968
2024-12-13,KO,60.142921
2024-12-16,KO,59.599808
2024-12-17,KO,60.409721
2024-12-18,KO,59.885662
2024-12-19,KO,59.504528
2024-12-20,KO,59.599808
2024-12-23,KO,59.437828
2024-12-24,KO,59.876133
2024-12-26,KO,59.618866
2024-12-27,KO,59.504528
2024-12-30,KO,59.104336
2024-12-31,KO,59.323486
2025-01-02,KO,58.923294
2025-01-03,KO,58.837543
2025-01-06,KO,57.941875
2025-01-07,KO,57.970463
2025-01-08,KO,58.799431
2025-01-10,KO,58.18961
2025-01-13,KO,58.74226
2025-01-14,KO,59.113865
2025-01-15,KO,58.856598
2025-01-16,KO,59.313957
2025-01-17,KO,59.752258
2025-01-21,KO,59.475941
2025-01-22,KO,58.866123
2025-01-23,KO,58.627911
2025-01-24,KO,58.999523
2025-01-27,KO,60.857555
2025-01-28,KO,59.41877
2025-01-29,KO,59.866608
2025-01-30,KO,61.029064
2025-01-31,KO,60.485947
2025-02-03,KO,60.362076
2025-02-04,KO,59.714146
2025-02-05,KO,60.142921
2025-02-06,KO,60.371605
2025-02-07,KO,60.828968
2025-02-10,KO,61.505482
2025-02-11,KO,64.411629
2025-02-12,KO,65.469261
2025-02-13,KO,66.222008
2025-02-14,KO,65.621727
2025-02-18,KO,65.793236
2025-02-19,KO,66.765121
2025-02-20,KO,66.736542
2025-02-21,KO,67.984756
2025-02-24,KO,67.26059
2025-02-25,KO,68.118156
2025-02-26,KO,67.460709
2025-02-27,KO,67.527397
2025-02-28,KO,67.851357
2025-03-03,KO,68.909012
2025-03-04,KO,66.879463
2025-03-05,KO,66.774666
2025-03-06,KO,67.136734
2025-03-07,KO,68.060982
2025-03-10,KO,68.080032
2025-03-11,KO,67.689377
2025-03-12,KO,66.641266
2025-03-13,KO,66.336349
2025-03-14,KO,66.384354
2025-03-17,KO,67.305817
2025-03-18,KO,66.595512
2025-03-19,KO,66.499519
2025-03-20,KO,66.91227
2025-03-21,KO,65.914017
2025-03-24,KO,66.18277
2025-03-25,KO,66.048386
2025-03-26,KO,67.209824
2025-03-27,KO,67.900932
2025-03-28,KO,67.545792
2025-03-31,KO,68.745621
2025-04-01,KO,68.98558
2025-04-02,KO,68.467255
2025-04-03,KO,70.243011
2025-04-04,KO,67.123436
2025-04-07,KO,65.62606
2025-04-08,KO,65.674042
2025-04-09,KO,67.142632
2025-04-10,KO,67.920128
2025-04-11,KO,68.56324
2025-04-14,KO,69.54229
2025-04-15,KO,68.975983
2025-04-16,KO,68.803207
2025-04-17,KO,70.070236
2025-04-21,KO,69.849449
2025-04-22,KO,70.93412
2025-04-23,KO,70.358192
2025-04-24,KO,69.609497
2025-04-25,KO,69.023987
2025-04-28,KO,68.908798
2025-04-29,KO,69.44632
2025-04-30,KO,69.638298
2025-05-01,KO,68.428856
2025-05-02,KO,68.774414
2025-05-05,KO,68.822411
2025-05-06,KO,68.841599
2025-05-07,KO,69.494316
2025-05-08,KO,68.313667
2025-05-09,KO,67.689751
2025-05-12,KO,66.739494
2025-05-13,KO,66.192368
2025-05-14,KO,66.384354
2025-05-15,KO,68.736023
2025-05-16,KO,69.110367
2025-05-19,KO,69.043167
2025-05-20,KO,68.812805
2025-05-21,KO,68.966385
2025-05-22,KO,68.284889
2025-05-23,KO,68.889595
2025-05-27,KO,68.8992
2025-05-28,KO,68.294472
2025-05-29,KO,68.620842
2025-05-30,KO,69.206352
2025-06-02,KO,69.110367
2025-06-03,KO,68.304077
2025-06-04,KO,68.505653
2025-06-05,KO,68.064117
2025-06-06,KO,68.48645
2025-06-09,KO,68.889595
2025-06-10,KO,69.44632
2025-06-11,KO,69.177551
2025-06-12,KO,69.340729
2025-06-13,KO,68.654381
2025-06-16,KO,68.171036
2025-06-17,KO,67.30101
2025-06-18,KO,66.904671
2025-06-20,KO,66.546989
2025-06-23,KO,67.417015
2025-06-24,KO,67.871361
2025-06-25,KO,67.310677
2025-06-26,KO,67.156021
2025-06-27,KO,67.987366
2025-06-30,KO,68.393379
2025-07-01,KO,69.282722
2025-07-02,KO,68.548058
2025-07-03,KO,68.973396
2025-07-07,KO,68.644722
2025-07-08,KO,67.90036
2025-07-09,KO,67.165688
2025-07-10,KO,67.446007
2025-07-11,KO,67.542694
2025-07-14,KO,67.156021
2025-07-15,KO,67.049675
2025-07-16,KO,66.962662
2025-07-17,KO,68.238701
2025-07-18,KO,67.523354
2025-07-21,KO,67.736023
2025-07-22,KO,67.339691
2025-07-23,KO,66.856339
2025-07-24,KO,66.79834
2025-07-25,KO,66.866005
2025-07-28,KO,65.821976
2025-07-29,KO,67.069008
2025-07-30,KO,66.459999
2025-07-31,KO,65.628639
2025-08-01,KO,66.566338
2025-08-04,KO,66.663002
2025-08-05,KO,66.75
2025-08-06,KO,67.194679
2025-08-07,KO,68.08403
2025-08-08,KO,67.997032
2025-08-11,KO,68.393379
2025-08-12,KO,68.354706
2025-08-13,KO,68.113037
2025-08-14,KO,67.233345
2025-08-15,KO,67.591026
2025-08-18,KO,66.827332
2025-08-19,KO,67.794022
2025-08-20,KO,68.345047
2025-08-21,KO,68.306374
2025-08-22,KO,67.794022
2025-08-25,KO,66.634003
2025-08-26,KO,66.440666
2025-08-27,KO,66.537323
2025-08-28,KO,66.082985
2025-08-29,KO,66.691994
2025-09-02,KO,66.759666
2025-09-03,KO,66.691994
2025-09-04,KO,65.976654
2025-09-05,KO,65.696312
2025-09-08,KO,65.183968
2025-09-09,KO,65.599648
2025-09-10,KO,65.560974
2025-09-11,KO,65.367638
2025-09-12,KO,64.777954
2025-09-15,KO,64.495461
2025-09-16,KO,64.524689
2025-09-17,KO,65.303963
2025-09-18,KO,64.738983
2025-09-19,KO,64.709763
2025-09-22,KO,64.495461
2025-09-23,KO,64.982513
2025-09-24,KO,64.72924
2025-09-25,KO,64.271423
2025-09-26,KO,63.96944
2025-09-29,KO,64.329857
2025-09-30,KO,64.602615
2025-10-01,KO,65.050705
2025-10-02,KO,64.388306
2025-10-03,KO,64.924072
2025-10-06,KO,64.388306
2025-10-07,KO,65.06044
2025-10-08,KO,64.407791
2025-10-09,KO,64.651314
2025-10-10,KO,65.303963
2025-10-13,KO,65.070183
2025-10-14,KO,65.761803
2025-10-15,KO,65.342934
2025-10-16,KO,65.839729
2025-10-17,KO,66.667717
2025-10-20,KO,66.667717
2025-10-21,KO,69.375717
2025-10-22,KO,68.976334
2025-10-23,KO,68.128883
2025-10-24,KO,67.904823
2025-10-27,KO,68.245766
2025-10-28,KO,68.343178
2025-10-29,KO,66.58004
2025-10-30,KO,67.193733
2025-10-31,KO,67.115799
2025-11-03,KO,66.209885
2025-11-04,KO,66.882027
2025-11-05,KO,66.735901
2025-11-06,KO,67.27166
2025-11-07,KO,68.723083
2025-11-10,KO,68.69384
2025-11-11,KO,69.755623
2025-11-12,KO,69.658211
2025-11-13,KO,69.229607
2025-11-14,KO,69.317276
2025-11-17,KO,68.849709
2025-11-18,KO,69.375717
2025-11-19,KO,69.268578
2025-11-20,KO,69.36599
2025-11-21,KO,71.060921
2025-11-24,KO,70.710243
2025-11-25,KO,70.729736
2025-11-26,KO,70.992737
2025-11-28,KO,71.226517
2025-12-01,KO,70.579094
2025-12-02,KO,69.323486
2025-12-03,KO,69.460808
2025-12-04,KO,69.107674
2025-12-05,KO,68.666252
2025-12-08,KO,68.911491
2025-12-09,KO,68.754532
2025-12-10,KO,68.872246
2025-12-11,KO,67.793213
2025-12-12,KO,69.176338
2025-12-15,KO,69.617775
2025-12-16,KO,69.029205
2025-12-17,KO,69.323486
2025-12-18,KO,69.019394
2025-12-19,KO,68.725105
2025-12-22,KO,68.872246
2025-12-23,KO,68.538734
2025-12-24,KO,68.774155
2025-12-26,KO,68.538734
2025-12-29,KO,68.823204
2025-12-30,KO,68.734924
2025-12-31,KO,68.577972
2026-01-02,KO,67.803017
2026-01-05,KO,66.6455
2026-01-06,KO,66.547409
2026-01-07,KO,66.25312
2026-01-08,KO,68.048256
2026-01-09,KO,69.166534
2026-01-12,KO,69.156731
2026-01-13,KO,69.882622
2026-01-14,KO,70.078819
2026-01-15,KO,69.137108
2026-01-16,KO,69.097878
2026-01-20,KO,70.382904
2026-01-21,KO,70.637955
2026-01-22,KO,70.500626
2026-01-23,KO,71.491379
2026-01-26,KO,71.177475
2026-01-27,KO,72.148621
2026-01-28,KO,71.667946
2026-01-29,KO,72.030899
2026-01-30,KO,73.384605
2026-02-02,KO,73.894699
2026-02-03,KO,75.424965
2026-02-04,KO,75.876198
2026-02-05,KO,77.014107
2026-02-06,KO,77.5242
2026-02-09,KO,76.484406
2026-02-10,KO,75.346497
2026-02-11,KO,77.102394
2026-02-12,KO,77.494774
2026-02-13,KO,77.180862
2026-02-17,KO,78.044098
2026-02-18,KO,77.975433
2026-02-19,KO,77.406487
2026-02-20,KO,78.318764
2026-02-23,KO,79.025047
2026-02-24,KO,79.181999
2026-02-25,KO,78.93676
2026-02-26,KO,78.966194
2026-02-27,KO,80.005989
2026-03-02,KO,78.691528
2026-03-03,KO,77.828293
2026-03-04,KO,76.611916
2026-03-05,KO,75.562302
2026-03-06,KO,75.572121
2026-03-09,KO,76.317642
2026-03-10,KO,76.396103
2026-03-11,KO,76.150871
2026-03-12,KO,76.131264
2026-03-13,KO,76.388046
2026-03-16,KO,76.862144
2026-03-17,KO,76.625107
2026-03-18,KO,75.03492
2026-03-19,KO,74.620087
2026-03-20,KO,73.829933
2026-03-23,KO,74.185501
2026-03-24,KO,73.750916
2026-03-25,KO,74.323776
2026-03-26,KO,73.770676
2026-03-27,KO,74.778122
2026-03-30,KO,75.331223
2026-03-31,KO,75.113937
2026-04-01,KO,75.143562
2026-04-02,KO,75.775688
2026-04-06,KO,76.269539
2026-04-07,KO,74.975662
2026-04-08,KO,76.338669
2026-04-09,KO,77.217712
2026-04-10,KO,76.516457
2026-04-13,KO,75.469505
2026-04-14,KO,74.965782
2026-04-15,KO,74.383041
2026-04-16,KO,74.254646
2026-04-17,KO,74.807747
2026-04-20,KO,74.550949
2026-04-21,KO,73.780548
2026-04-22,KO,73.711403
2026-04-23,KO,75.341095
2026-04-24,KO,75.68679
2026-04-27,KO,74.511444
2026-04-28,KO,77.38562
2026-04-29,KO,77.899223
2026-04-30,KO,77.790573
2026-05-01,KO,77.612793
2026-05-04,KO,77.227592
2026-05-05,KO,77.514023
2026-05-06,KO,78.254799
2026-05-07,KO,77.464638
2026-05-08,KO,77.454765
2026-05-11,KO,77.691811
2026-05-12,KO,79.044945
2026-05-13,KO,79.272118
2026-05-14,KO,79.45977
2026-05-15,KO,79.825226
2026-05-18,KO,80.200539
2026-05-19,KO,80.911674
2026-05-20,KO,80.546234
2026-05-21,KO,80.170914
2026-05-22,KO,80.477104
2026-05-26,KO,79.469658
2026-05-27,KO,80.615379
2026-05-28,KO,79.420265
2026-05-29,KO,78.037498
2026-06-01,KO,77.672058
2026-06-02,KO,77.444885
2026-06-03,KO,77.790573
2026-06-04,KO,75.874458
2026-06-05,KO,78.501724
2026-06-08,KO,78.560974
2026-06-09,KO,80.338814
2026-06-10,KO,82.561119
2026-06-11,KO,81.514168
2026-06-12,KO,81.603065
2026-06-15,KO,80.430069
2026-06-16,KO,79.803802
2026-06-17,KO,79.455879
2026-06-18,KO,78.919083
2026-06-22,KO,79.05825
2026-06-23,KO,79.833618
2026-06-24,KO,80.121902
2026-06-25,KO,79.94297
2026-06-26,KO,82.139854
2026-06-29,KO,82.159744
2026-06-30,KO,80.787926
2026-07-01,KO,80.807808
2026-07-02,KO,83.6409
2026-07-06,KO,82.467903
2026-07-07,KO,83.551437
2026-07-08,KO,82.905296
2026-07-09,KO,82.139854
2026-07-10,KO,82.994759
2026-07-13,KO,83.750252
2026-07-14,KO,82.587196
2026-07-15,KO,81.960922
2026-07-16,KO,84.416275
2026-07-17,KO,81.076202
2026-07-20,KO,81.632889
2026-07-21,KO,81.48378
2026-07-22,KO,81.71241
2026-07-23,KO,80.688522
2026-07-24,KO,81.762115
2026-07-27,KO,83.57132
2026-07-28,KO,87.746399
2026-07-29,KO,88.551605
2026-07-30,KO,87.965096
2026-07-31,KO,87.070435
2026-08-03,KO,86.344772
2026-08-04,KO,86.046547
2026-08-05,KO,86.314949
2026-08-06,KO,86.334824
2026-08-07,KO,86.533646
2026-08-10,KO,86.354713
2026-08-11,KO,85.967026
2026-08-12,KO,86.195656
2026-08-13,KO,86.901443
2026-08-14,KO,87.189728
2026-08-17,KO,86.464058
2026-08-18,KO,88.293144
2026-08-19,KO,89.814064
2026-08-20,KO,89.963181
2026-08-21,KO,90.559616
2026-08-24,KO,91.444336
2026-08-25,KO,91.096413
2026-08-26,KO,89.54567
2026-08-27,KO,88.531715
2026-08-28,KO,89.128166
2026-08-31,KO,88.144028
2026-09-01,KO,87.478004
2026-09-02,KO,87.716583
2026-09-03,KO,88.283203
2026-09-04,KO,87.547592
2026-09-08,KO,87.835869
2026-09-09,KO,87.030678
2026-09-10,KO,87.309021
2026-09-11,KO,87.766289
2026-09-14,KO,88.82
2026-09-15,KO,88.709999
2026-09-16,KO,87.870003
2026-09-17,KO,88.059998
2026-09-18,KO,88.25
2026-09-21,KO,87.120003
2026-09-22,KO,88.610001
2026-09-23,KO,88.089996
2026-09-24,KO,88.099998
2026-09-25,KO,87.809998
2026-09-28,KO,87.18
2026-09-29,KO,86.839996
2026-09-30,KO,86.080002
2026-10-01,KO,86.099998
